timestamp,temperature,humidity,wind_speed,pressure,pm25,pm10,co,no2,o3,aqi,hour,day,month,day_of_week,previous_aqi,aqi_lag_3,aqi_lag_6,aqi_lag_12,rolling_avg_3,rolling_avg_6,aqi_change,future_aqi
2026-02-09 07:00:00,25.4,53.759243,15.661035,1014.2871,31.2,67.5,196.0,6.0,100.0,45.0,7,9,2,0,46.8,49.37,38.72,37.92,46.4,46.275,-1.7999999999999972,43.88
2026-02-09 08:00:00,25.55,53.282288,16.036171,1013.48846,28.4,64.3,221.0,4.5,106.0,43.64,8,9,2,0,45.0,47.4,41.3,37.02,45.14666666666667,46.665,-1.3599999999999994,40.84
2026-02-09 09:00:00,25.65,52.123352,16.248924,1012.4895,26.2,60.3,254.0,4.2,107.0,41.84,9,9,2,0,43.64,46.8,47.78,36.73,43.49333333333334,45.675000000000004,-1.7999999999999972,39.18
2026-02-09 10:00:00,25.35,53.40256,15.905319,1011.78906,24.7,58.2,263.0,4.0,104.0,40.19,10,9,2,0,41.84,45.0,49.37,37.68,41.89000000000001,44.145,-1.6500000000000057,38.57
2026-02-09 11:00:00,24.85,56.991436,15.151039,1011.7879,24.4,58.0,281.0,4.8,97.0,39.07,11,9,2,0,40.19,43.64,47.4,37.45,40.36666666666667,42.75666666666667,-1.1199999999999974,38.0
2026-02-09 12:00:00,24.35,61.402637,14.120538,1011.7863,23.9,57.6,317.0,8.1,87.0,37.74,12,9,2,0,39.07,41.84,46.8,39.14,39.0,41.24666666666666,-1.3299999999999983,42.45
2026-02-09 13:00:00,23.45,68.62195,12.74954,1012.0838,25.8,57.0,397.0,15.7,75.0,37.9,13,9,2,0,37.74,40.19,45.0,38.72,38.236666666666665,40.06333333333333,0.1599999999999966,48.95
2026-02-09 14:00:00,22.6,74.08986,10.9859,1012.38104,28.9,53.9,495.0,26.1,59.0,38.0,14,9,2,0,37.9,39.07,43.64,41.3,37.88,39.123333333333335,0.10000000000000142,57.7
2026-02-09 15:00:00,22.25,77.610886,10.315115,1013.0795,30.9,56.0,554.0,32.7,48.0,38.76,15,9,2,0,38.0,37.74,41.84,47.78,38.22,38.61,0.759999999999998,58.35
2026-02-09 16:00:00,22.1,79.5611,11.886816,1013.379,31.4,56.2,537.0,32.2,48.0,38.97,16,9,2,0,38.76,37.9,40.19,49.37,38.57666666666666,38.406666666666666,0.21000000000000085,60.84
2026-02-09 17:00:00,21.9,82.57865,12.503199,1013.3783,31.1,54.6,479.0,28.0,53.0,38.62,17,9,2,0,38.97,38.0,39.07,47.4,38.78333333333333,38.33166666666667,-0.3500000000000014,65.4
2026-02-09 18:00:00,21.85,81.80167,11.833546,1013.4782,30.4,51.7,429.0,23.6,58.0,37.78,18,9,2,0,38.62,38.76,37.74,46.8,38.45666666666667,38.33833333333333,-0.8399999999999963,65.66
2026-02-09 19:00:00,21.65,83.84937,9.9977,1013.2778,29.5,48.5,407.0,19.9,62.0,36.74,19,9,2,0,37.78,38.97,37.9,45.0,37.71333333333334,38.145,-1.0399999999999991,62.96
2026-02-09 20:00:00,21.3,86.74182,9.178235,1012.77716,28.2,44.8,392.0,16.1,65.0,35.23,20,9,2,0,36.74,38.62,38.0,43.64,36.583333333333336,37.68333333333333,-1.5100000000000051,59.25
2026-02-09 21:00:00,21.15,88.9183,9.114471,1012.4772,26.9,41.4,372.0,13.0,68.0,33.88,21,9,2,0,35.23,37.78,38.76,41.84,35.28333333333333,36.87,-1.3499999999999943,54.62
2026-02-09 22:00:00,21.0,91.1476,9.208192,1011.97687,25.9,38.6,300.0,10.2,70.0,32.7,22,9,2,0,33.88,36.74,38.97,40.19,33.93666666666667,35.825,-1.1799999999999997,49.48
2026-02-09 23:00:00,20.85,92.27824,8.581677,1012.1765,25.4,37.7,222.0,8.3,70.0,31.98,23,9,2,0,32.7,35.23,38.62,39.07,32.85333333333333,34.718333333333334,-0.7200000000000024,44.69
2026-02-10 00:00:00,20.05,89.95222,7.327127,1012.47394,24.4,36.0,261.0,8.3,70.0,31.14,0,10,2,1,31.98,33.88,37.78,37.74,31.94,33.61166666666667,-0.8399999999999999,37.43
2026-02-10 01:00:00,19.65,87.13434,7.247096,1013.07227,25.0,36.9,562.0,16.4,60.0,31.34,1,10,2,1,31.14,32.7,36.74,37.9,31.486666666666668,32.711666666666666,0.1999999999999993,37.16
2026-02-10 02:00:00,19.75,84.70045,6.1437774,1013.8719,27.5,39.6,980.0,27.2,47.0,32.8,2,10,2,1,31.34,31.98,35.23,38.0,31.76,32.306666666666665,1.4599999999999973,39.42
2026-02-10 03:00:00,20.3,82.64599,5.9644947,1014.573,32.7,44.8,1203.0,32.6,43.0,36.65,3,10,2,1,32.8,31.14,33.88,38.76,33.596666666666664,32.76833333333334,3.8500000000000014,49.64
2026-02-10 04:00:00,21.8,76.57173,3.4152596,1015.2765,32.1,49.4,1036.0,27.3,58.0,38.73,4,10,2,1,36.65,31.34,32.7,38.97,36.059999999999995,33.77333333333333,2.0799999999999983,63.94
2026-02-10 05:00:00,23.75,67.819695,4.14,1015.98126,30.3,54.8,674.0,16.6,82.0,40.9,5,10,2,1,38.73,32.8,31.98,38.62,38.76,35.26,2.1700000000000017,51.9
2026-02-10 06:00:00,25.0,59.628944,5.0142193,1016.0847,30.3,73.6,392.0,8.2,102.0,46.4,6,10,2,1,40.9,36.65,31.14,37.78,42.01,37.803333333333335,5.5,57.35
2026-02-10 07:00:00,26.15,51.25677,5.6233797,1015.5884,30.6,84.3,301.0,5.1,112.0,49.72,7,10,2,1,46.4,38.73,31.34,36.74,45.67333333333334,40.86666666666667,3.3200000000000003,62.98
2026-02-10 08:00:00,26.75,47.90904,7.519175,1014.6907,31.2,93.6,289.0,4.4,119.0,52.83,8,10,2,1,49.72,40.9,32.8,35.23,49.65,44.205000000000005,3.1099999999999994,66.69
2026-02-10 09:00:00,26.95,48.73936,9.5535755,1013.8919,32.0,98.3,298.0,4.6,121.0,54.5,9,10,2,1,52.83,46.4,36.65,33.88,52.349999999999994,47.18,1.6700000000000017,68.78
2026-02-10 10:00:00,26.3,55.20241,12.346741,1013.4903,32.5,99.7,311.0,4.9,121.0,55.08,10,10,2,1,54.5,49.72,38.73,32.7,54.13666666666666,49.905,0.5799999999999983,65.93
2026-02-10 11:00:00,25.6,56.810963,13.466357,1013.6883,32.8,100.1,344.0,6.1,117.0,54.88,11,10,2,1,55.08,52.83,40.9,31.98,54.82,52.23500000000001,-0.19999999999999574,60.12
2026-02-10 12:00:00,24.6,60.106907,12.9625,1014.18524,39.2,114.1,386.0,10.2,114.0,61.05,12,10,2,1,54.88,54.5,46.4,31.14,57.00333333333333,54.67666666666667,6.169999999999995,43.56
2026-02-10 13:00:00,23.9,67.63604,11.226575,1014.68304,36.7,90.1,419.0,19.7,96.0,53.73,13,10,2,1,61.05,55.08,49.72,31.34,56.553333333333335,55.345,-7.32,40.39
2026-02-10 14:00:00,23.0,77.23868,10.464798,1015.7796,38.2,80.8,460.0,33.1,70.0,50.72,14,10,2,1,53.73,54.88,52.83,32.8,55.166666666666664,54.99333333333334,-3.009999999999998,38.51
2026-02-10 15:00:00,22.5,80.61663,6.8541956,1016.37756,40.6,80.1,550.0,45.1,48.0,50.28,15,10,2,1,50.72,61.05,54.5,36.65,51.57666666666666,54.29,-0.4399999999999977,37.18
2026-02-10 16:00:00,22.1,83.89976,4.278551,1017.17596,44.6,82.0,759.0,54.4,34.0,51.96,16,10,2,1,50.28,53.73,55.08,38.73,50.98666666666667,53.77,1.6799999999999997,36.12
2026-02-10 17:00:00,21.85,85.18884,3.8141315,1017.7747,50.9,86.1,1016.0,62.4,23.0,55.48,17,10,2,1,51.96,50.72,54.88,40.9,52.57333333333333,53.87,3.519999999999996,35.52
2026-02-10 18:00:00,21.1,89.46964,1.9469976,1018.0723,60.3,96.2,1158.0,67.6,16.0,61.93,18,10,2,1,55.48,50.28,61.05,46.4,56.45666666666667,54.01666666666666,6.450000000000003,34.94
2026-02-10 19:00:00,21.4,86.481155,5.072041,1017.8735,69.8,105.9,1081.0,69.2,11.0,68.11,19,10,2,1,61.93,51.96,53.73,49.72,61.839999999999996,56.413333333333334,6.18,33.81
2026-02-10 20:00:00,21.05,86.718346,5.4656014,1017.57275,74.7,109.4,888.0,68.0,9.0,70.78,20,10,2,1,68.11,55.48,50.72,52.83,66.94,59.75666666666666,2.6700000000000017,31.83
2026-02-10 21:00:00,20.55,88.592964,6.8989563,1017.4712,74.5,99.0,719.0,65.0,11.0,68.45,21,10,2,1,70.78,61.93,50.28,54.5,69.11333333333333,62.785000000000004,-2.3299999999999983,29.24
2026-02-10 22:00:00,20.1,88.27845,7.922045,1017.07025,66.1,83.1,600.0,60.0,17.0,61.22,22,10,2,1,68.45,68.11,51.96,55.08,66.81666666666668,64.32833333333333,-7.230000000000004,26.96
2026-02-10 23:00:00,19.9,77.751045,8.37532,1017.16986,57.7,70.8,504.0,53.2,26.0,54.89,23,10,2,1,61.22,70.78,55.48,54.88,61.52,64.23,-6.329999999999998,25.14
2026-02-11 00:00:00,19.5,68.49937,7.968939,1017.46826,55.6,65.9,491.0,54.0,26.0,52.98,0,11,2,2,54.89,68.45,61.93,61.05,56.36333333333334,62.73833333333334,-1.9100000000000037,26.44
2026-02-11 01:00:00,19.4,61.258503,9.016185,1018.16736,50.8,58.6,642.0,47.5,37.0,49.8,1,11,2,2,52.98,61.22,68.11,53.73,52.556666666666665,59.68666666666667,-3.1799999999999997,27.24
2026-02-11 02:00:00,19.4,59.070557,9.236298,1019.16656,48.8,55.9,876.0,38.3,52.0,49.12,2,11,2,2,49.8,54.89,70.78,50.72,50.633333333333326,56.076666666666675,-0.6799999999999997,31.06
2026-02-11 03:00:00,19.8,55.369938,9.82114,1019.8673,49.9,56.9,1008.0,29.5,70.0,51.26,3,11,2,2,49.12,52.98,68.45,50.28,50.06,53.211666666666666,2.1400000000000006,41.42
2026-02-11 04:00:00,21.7,47.801514,9.432412,1020.5719,51.1,56.8,933.0,21.6,91.0,53.8,4,11,2,2,51.26,49.8,61.22,51.96,51.393333333333324,51.975,2.539999999999999,41.12
2026-02-11 05:00:00,23.65,43.182617,10.63372,1021.07697,47.7,56.2,755.0,14.1,114.0,54.3,5,11,2,2,53.8,49.12,54.89,55.48,53.12,51.876666666666665,0.5,38.22
2026-02-11 06:00:00,25.4,39.280365,14.169785,1021.2815,44.1,57.0,603.0,8.4,131.0,54.36,6,11,2,2,54.3,51.26,52.98,61.93,54.153333333333336,52.10666666666666,0.060000000000002274,38.34
2026-02-11 07:00:00,27.2,31.72749,16.10472,1020.48724,39.5,58.9,518.0,5.4,138.0,53.04,7,11,2,2,54.36,53.8,49.8,68.11,53.9,52.64666666666667,-1.3200000000000003,37.55
2026-02-11 08:00:00,28.2,27.871815,16.50709,1019.19086,34.7,55.2,459.0,4.2,138.0,49.72,8,11,2,2,53.04,54.3,49.12,70.78,52.373333333333335,52.74666666666666,-3.3200000000000003,38.16
2026-02-11 09:00:00,28.9,24.994795,16.1198,1018.0937,31.3,49.0,427.0,3.8,137.0,46.57,9,11,2,2,49.72,54.36,51.26,68.45,49.776666666666664,51.964999999999996,-3.1499999999999986,38.36
2026-02-11 10:00:00,29.25,23.102398,15.472672,1017.3952,28.6,44.2,422.0,3.4,137.0,44.2,10,11,2,2,46.57,53.04,53.8,61.22,46.830000000000005,50.365,-2.3699999999999974,37.3
2026-02-11 11:00:00,29.15,22.446337,15.2947035,1016.8952,27.4,40.7,445.0,3.8,135.0,42.66,11,11,2,2,44.2,49.72,54.3,54.89,44.47666666666667,48.425000000000004,-1.5400000000000063,34.84
2026-02-11 12:00:00,28.7,23.603975,14.087229,1016.49426,32.5,47.4,501.0,6.8,127.0,45.8,12,11,2,2,42.66,46.57,54.36,52.98,44.22,46.998333333333335,3.1400000000000006,32.58
2026-02-11 13:00:00,28.0,26.067272,13.121493,1017.1922,34.9,45.8,623.0,14.6,112.0,45.6,13,11,2,2,45.8,44.2,53.04,49.8,44.68666666666667,45.758333333333326,-0.19999999999999574,32.41
2026-02-11 14:00:00,27.0,30.204548,13.374618,1017.98865,38.6,47.0,778.0,25.2,91.0,46.13,14,11,2,2,45.6,42.66,49.72,49.12,45.843333333333334,45.160000000000004,0.5300000000000011,33.46
2026-02-11 15:00:00,25.9,35.071262,13.33094,1018.28546,40.4,47.8,875.0,32.3,76.0,46.01,15,11,2,2,46.13,45.8,46.57,51.26,45.913333333333334,45.06666666666666,-0.12000000000000455,33.25
2026-02-11 16:00:00,24.85,39.78458,12.606426,1018.6824,41.4,48.3,868.0,33.0,70.0,45.81,16,11,2,2,46.01,45.6,44.2,53.8,45.98333333333333,45.335,-0.19999999999999574,33.35
2026-02-11 17:00:00,23.85,43.672146,11.753876,1018.77936,42.1,49.0,804.0,30.2,70.0,45.88,17,11,2,2,45.81,46.13,42.66,54.3,45.900000000000006,45.87166666666667,0.07000000000000028,33.9
2026-02-11 18:00:00,23.1,46.15061,10.310402,1018.7774,42.8,49.9,728.0,26.4,72.0,46.14,18,11,2,2,45.88,46.01,45.8,54.36,45.943333333333335,45.928333333333335,0.259999999999998,34.44
2026-02-11 19:00:00,22.45,47.529297,10.692969,1018.4758,42.7,50.1,645.0,21.9,76.0,46.06,19,11,2,2,46.14,45.81,45.6,53.04,46.02666666666667,46.005,-0.0799999999999983,34.37
2026-02-11 20:00:00,21.9,48.176228,10.587918,1018.0745,41.3,48.7,551.0,16.4,83.0,45.3,20,11,2,2,46.06,45.88,46.13,49.72,45.833333333333336,45.86666666666667,-0.7600000000000051,33.14
2026-02-11 21:00:00,21.65,47.947853,10.495713,1018.0739,39.2,46.4,482.0,12.0,88.0,43.88,21,11,2,2,45.3,46.14,46.01,46.57,45.080000000000005,45.51166666666668,-1.4199999999999946,32.04
2026-02-11 22:00:00,21.2,48.795826,10.472536,1017.87286,37.4,44.2,435.0,8.7,92.0,42.64,22,11,2,2,43.88,46.06,45.81,44.2,43.94,44.98333333333334,-1.240000000000002,31.66
2026-02-11 23:00:00,20.5,50.9428,10.484902,1017.57117,35.9,42.8,413.0,6.4,94.0,41.57,23,11,2,2,42.64,45.3,45.88,42.66,42.696666666666665,44.26499999999999,-1.0700000000000003,32.25
2026-02-12 00:00:00,19.7,55.344563,10.390226,1017.7686,36.0,43.0,458.0,7.2,90.0,41.18,0,12,2,3,41.57,43.88,46.14,45.8,41.79666666666667,43.43833333333333,-0.39000000000000057,34.77
2026-02-12 01:00:00,19.3,56.92692,10.094454,1018.06726,35.3,42.4,642.0,12.9,83.0,40.52,1,12,2,3,41.18,42.64,46.06,45.6,41.09,42.515,-0.6599999999999966,37.6
2026-02-12 02:00:00,19.0,58.194553,9.418661,1018.7656,36.3,43.4,893.0,20.6,75.0,41.17,2,12,2,3,40.52,41.57,45.3,46.13,40.95666666666667,41.82666666666667,0.6499999999999986,43.26
2026-02-12 03:00:00,19.15,57.461197,9.511088,1019.3658,39.2,46.0,1038.0,24.9,74.0,43.64,3,12,2,3,41.17,41.18,43.88,46.01,41.77666666666667,41.78666666666667,2.469999999999999,55.16
2026-02-12 04:00:00,20.75,51.522427,7.970972,1020.0697,42.0,47.7,978.0,22.6,88.0,47.13,4,12,2,3,43.64,40.52,42.64,45.81,43.98,42.535,3.490000000000002,47.92
2026-02-12 05:00:00,23.75,42.072178,7.889259,1020.47766,38.0,46.1,812.0,16.9,110.0,47.26,5,12,2,3,47.13,41.17,41.57,45.88,46.01,43.48333333333333,0.12999999999999545,46.0
2026-02-12 06:00:00,26.45,33.721832,8.92408,1020.1853,31.4,41.0,659.0,11.8,128.0,44.87,6,12,2,3,47.26,43.64,41.18,46.14,46.419999999999995,44.09833333333333,-2.3900000000000006,46.6
2026-02-12 07:00:00,28.25,24.90746,7.519175,1019.2911,26.2,44.8,553.0,8.5,137.0,43.88,7,12,2,3,44.87,47.13,40.52,46.06,45.336666666666666,44.65833333333333,-0.9899999999999949,45.92
2026-02-12 08:00:00,29.3,20.684153,4.802999,1017.8948,22.8,37.0,462.0,5.9,141.0,40.84,8,12,2,3,43.88,47.26,41.17,45.3,43.196666666666665,44.60333333333333,-3.039999999999999,45.38
2026-02-12 09:00:00,29.45,20.009508,2.7943513,1016.7962,21.2,32.2,406.0,4.6,143.0,39.18,9,12,2,3,40.84,44.87,43.64,43.88,41.300000000000004,43.86000000000001,-1.6600000000000037,44.83
2026-02-12 10:00:00,29.5,22.536669,7.282774,1015.9969,20.7,30.3,391.0,2.7,145.0,38.57,10,12,2,3,39.18,43.88,47.13,42.64,39.53,42.43333333333334,-0.6099999999999994,43.26
2026-02-12 11:00:00,29.35,24.269377,9.826088,1014.99744,20.6,29.6,412.0,2.2,143.0,38.0,11,12,2,3,38.57,40.84,47.26,41.57,38.583333333333336,40.89,-0.5700000000000003,40.37
2026-02-12 12:00:00,28.2,28.445757,12.429127,1014.7943,26.8,38.6,473.0,9.2,133.0,42.45,12,12,2,3,38.0,39.18,44.87,41.18,39.67333333333334,40.48666666666667,4.450000000000003,38.43
2026-02-12 13:00:00,26.2,38.089798,12.992458,1014.98883,38.2,48.2,606.0,34.7,100.0,48.95,13,12,2,3,42.45,38.57,43.88,40.52,43.13333333333333,41.33166666666667,6.5,38.16
2026-02-12 14:00:00,24.25,48.33293,10.266314,1015.5833,53.4,62.2,780.0,69.7,54.0,57.7,14,12,2,3,48.95,38.0,40.84,41.17,49.70000000000001,44.14166666666667,8.75,39.15
2026-02-12 15:00:00,23.3,54.983887,7.4672885,1016.2798,56.2,65.0,902.0,94.0,21.0,58.35,15,12,2,3,57.7,42.45,39.18,43.64,55.0,47.336666666666666,0.6499999999999986,39.88
2026-02-12 16:00:00,22.7,60.437725,6.090812,1016.77783,60.5,70.5,940.0,97.9,12.0,60.84,16,12,2,3,58.35,48.95,38.57,47.13,58.96333333333334,51.04833333333334,2.490000000000002,40.63
2026-02-12 17:00:00,22.15,62.090435,6.6697226,1017.07605,67.8,78.5,927.0,91.3,14.0,65.4,17,12,2,3,60.84,57.7,38.0,47.26,61.53,55.615,4.560000000000002,41.52
2026-02-12 18:00:00,21.55,66.3021,7.329338,1017.3741,69.6,78.9,873.0,83.5,17.0,65.66,18,12,2,3,65.4,58.35,42.45,44.87,63.96666666666667,59.48333333333334,0.2599999999999909,42.46
2026-02-12 19:00:00,21.25,69.289375,8.6193495,1016.9736,68.0,75.2,756.0,76.8,16.0,62.96,19,12,2,3,65.66,60.84,48.95,43.88,64.67333333333333,61.818333333333335,-2.6999999999999957,46.2
2026-02-12 20:00:00,20.85,72.62257,9.292255,1016.3731,65.2,71.0,598.0,69.0,14.0,59.25,20,12,2,3,62.96,65.4,57.7,40.84,62.623333333333335,62.07666666666666,-3.710000000000001,48.08
2026-02-12 21:00:00,20.45,75.15152,9.83268,1015.8722,60.3,65.4,481.0,62.9,13.0,54.62,21,12,2,3,59.25,65.66,58.35,39.18,58.94333333333333,61.455000000000005,-4.630000000000003,47.22
2026-02-12 22:00:00,20.1,77.286255,9.676569,1015.27167,53.9,58.4,372.0,60.3,12.0,49.48,22,12,2,3,54.62,62.96,60.84,38.57,54.449999999999996,59.56166666666667,-5.140000000000001,45.29
2026-02-12 23:00:00,19.9,77.751045,7.5685663,1014.47205,47.5,51.9,304.0,59.4,11.0,44.69,23,12,2,3,49.48,59.25,65.4,38.0,49.596666666666664,56.11000000000001,-4.789999999999999,43.44
2026-02-13 00:00:00,19.0,78.61978,4.542994,1014.4692,38.1,43.1,449.0,53.1,12.0,37.43,0,13,2,4,44.69,54.62,65.66,42.45,43.86666666666667,51.404999999999994,-7.259999999999998,42.53
2026-02-13 01:00:00,18.55,81.12212,5.2323985,1014.5678,39.3,44.8,1047.0,50.0,7.0,37.16,1,13,2,4,37.43,49.48,62.96,48.95,39.76,47.105,-0.2700000000000031,41.19
2026-02-13 02:00:00,17.85,86.13611,2.4149535,1015.06555,44.6,50.6,1859.0,45.7,1.0,39.42,2,13,2,4,37.16,44.69,59.25,57.7,38.00333333333334,43.800000000000004,2.260000000000005,40.72
2026-02-13 03:00:00,18.05,83.170395,2.5264204,1015.66565,58.6,64.3,2339.0,41.9,8.0,49.64,3,13,2,4,39.42,37.43,54.62,58.35,42.07333333333333,42.97,10.219999999999999,44.1
2026-02-13 04:00:00,20.35,72.766655,1.3708391,1016.4717,73.8,77.5,2181.0,39.9,37.0,63.94,4,13,2,4,49.64,37.16,49.48,60.84,51.0,45.379999999999995,14.299999999999997,42.77
2026-02-13 05:00:00,23.0,64.10273,0.25455844,1016.8787,46.0,57.2,1690.0,38.4,78.0,51.9,5,13,2,4,63.94,39.42,44.69,65.4,55.16,46.58166666666667,-12.04,41.93
2026-02-13 06:00:00,25.15,54.56489,2.9301877,1016.9843,43.4,65.0,1245.0,35.0,116.0,57.35,6,13,2,4,51.9,49.64,37.43,65.66,57.73,49.901666666666664,5.450000000000003,42.74
2026-02-13 07:00:00,26.7,49.461346,5.9834766,1016.28937,44.1,72.4,961.0,27.3,149.0,62.98,7,13,2,4,57.35,63.94,37.16,62.96,57.41,54.205000000000005,5.6299999999999955,43.13
2026-02-13 08:00:00,27.05,53.832863,10.6261,1015.29114,44.9,74.5,721.0,17.6,178.0,66.69,8,13,2,4,62.98,51.9,39.42,59.25,62.339999999999996,58.75,3.710000000000001,42.68
2026-02-13 09:00:00,27.0,52.8048,13.104198,1014.4914,46.7,74.0,552.0,11.2,193.0,68.78,9,13,2,4,66.69,57.35,49.64,54.62,66.14999999999999,61.94,2.0900000000000034,41.5
2026-02-13 10:00:00,26.95,48.116985,12.791403,1014.09174,45.5,69.2,473.0,9.6,186.0,65.93,10,13,2,4,68.78,62.98,63.94,49.48,67.13333333333334,62.27166666666667,-2.8499999999999943,39.38
2026-02-13 11:00:00,26.65,48.0369,12.594856,1013.79095,42.1,63.3,464.0,11.1,165.0,60.12,11,13,2,4,65.93,66.69,51.9,44.69,64.94333333333334,63.64166666666666,-5.810000000000009,36.74
2026-02-13 12:00:00,25.75,51.98188,12.181625,1013.3888,26.8,36.3,495.0,15.7,137.0,43.56,12,13,2,4,60.12,68.78,57.35,37.43,56.53666666666667,61.343333333333334,-16.559999999999995,33.21
2026-02-13 13:00:00,24.45,62.805412,10.644379,1013.48517,26.2,35.5,576.0,25.6,109.0,40.39,13,13,2,4,43.56,65.93,62.98,37.16,48.02333333333333,57.57833333333334,-3.1700000000000017,31.7
2026-02-13 14:00:00,23.05,73.93325,9.087772,1013.68134,28.3,38.4,697.0,39.2,72.0,38.51,14,13,2,4,40.39,60.12,66.69,39.42,40.82,52.88166666666667,-1.8800000000000026,30.82
2026-02-13 15:00:00,22.3,79.58874,7.7420926,1014.37885,30.0,41.9,796.0,48.0,44.0,37.18,15,13,2,4,38.51,43.56,68.78,49.64,38.693333333333335,47.615,-1.3299999999999983,30.66
2026-02-13 16:00:00,21.8,80.77699,6.9480934,1014.87683,29.7,42.6,870.0,48.0,37.0,36.12,16,13,2,4,37.18,40.39,65.93,63.94,37.269999999999996,42.64666666666667,-1.0600000000000023,30.86
2026-02-13 17:00:00,21.45,80.73102,6.5248446,1015.07574,29.2,42.1,921.0,43.3,40.0,35.52,17,13,2,4,36.12,38.51,60.12,51.9,36.27333333333333,38.54666666666667,-0.5999999999999943,31.59
2026-02-13 18:00:00,20.85,82.19266,5.983477,1015.2739,29.0,40.7,896.0,38.0,44.0,34.94,18,13,2,4,35.52,37.18,43.56,57.35,35.526666666666664,37.11,-0.5800000000000054,32.5
2026-02-13 19:00:00,20.7,82.69399,7.889258,1014.9738,28.3,38.4,726.0,32.9,47.0,33.81,19,13,2,4,34.94,36.12,40.39,62.98,34.75666666666667,36.013333333333335,-1.1299999999999955,32.48
2026-02-13 20:00:00,20.35,82.91353,8.217153,1014.27344,26.1,34.5,479.0,27.2,52.0,31.83,20,13,2,4,33.81,35.52,38.51,66.69,33.526666666666664,34.9,-1.980000000000004,30.79
2026-02-13 21:00:00,20.05,81.31656,7.282774,1013.7729,23.3,30.0,304.0,22.3,55.0,29.24,21,13,2,4,31.83,34.94,37.18,68.78,31.626666666666665,33.57666666666667,-2.59,28.52
2026-02-13 22:00:00,19.55,83.877045,6.114703,1013.47156,21.0,26.4,213.0,17.5,57.0,26.96,22,13,2,4,29.24,33.81,36.12,65.93,29.343333333333334,32.050000000000004,-2.2799999999999976,27.16
2026-02-13 23:00:00,18.9,88.17704,5.369916,1013.3701,19.3,23.8,193.0,13.5,58.0,25.14,23,13,2,4,26.96,31.83,35.52,60.12,27.113333333333333,30.319999999999997,-1.8200000000000003,27.9
2026-02-14 00:00:00,17.85,92.399605,4.0249224,1013.36694,21.6,28.2,360.0,15.7,51.0,26.44,0,14,2,5,25.14,29.24,34.94,43.56,26.180000000000003,28.903333333333332,1.3000000000000007,25.9
2026-02-14 01:00:00,17.5,94.7608,5.2478566,1013.56586,23.7,30.4,923.0,25.1,37.0,27.24,1,14,2,5,26.44,26.96,33.81,40.39,26.27333333333333,27.808333333333334,0.7999999999999972,29.26
2026-02-14 02:00:00,16.9,97.18271,4.175069,1014.5634,30.0,37.0,1671.0,37.7,20.0,31.06,2,14,2,5,27.24,25.14,31.83,38.51,28.246666666666666,27.680000000000003,3.8200000000000003,36.46
2026-02-14 03:00:00,16.85,96.872826,2.5071096,1015.26245,44.5,50.9,2089.0,44.9,15.0,41.42,3,14,2,5,31.06,26.44,29.24,37.18,33.24,29.709999999999997,10.360000000000003,48.34
2026-02-14 04:00:00,19.45,87.11596,0.6489992,1015.96954,41.0,45.5,1867.0,41.8,35.0,41.12,4,14,2,5,41.42,27.24,26.96,36.12,37.86666666666667,32.07,-0.30000000000000426,49.09
2026-02-14 05:00:00,22.25,81.08871,1.2727921,1016.47675,30.7,39.1,1314.0,33.3,67.0,38.22,5,14,2,5,41.12,31.06,25.14,35.52,40.25333333333333,34.25,-2.8999999999999986,40.14
2026-02-14 06:00:00,24.55,69.70401,4.829907,1016.2833,26.4,34.9,841.0,25.1,96.0,38.34,6,14,2,5,38.22,41.42,26.44,34.94,39.22666666666667,36.233333333333334,0.12000000000000455,43.24
2026-02-14 07:00:00,26.15,61.61553,7.689603,1015.7882,22.7,29.3,589.0,18.6,117.0,37.55,7,14,2,5,38.34,41.12,27.24,33.81,38.03666666666666,37.95166666666666,-0.7900000000000063,48.12
2026-02-14 08:00:00,27.0,55.37564,9.67657,1014.79114,21.4,27.4,417.0,12.5,134.0,38.16,8,14,2,5,37.55,38.22,31.06,31.83,38.01666666666666,39.135,0.6099999999999994,55.27
2026-02-14 09:00:00,27.45,50.136337,10.735306,1014.0931,20.8,26.7,312.0,8.8,142.0,38.36,9,14,2,5,38.16,38.34,41.42,29.24,38.02333333333333,38.625,0.20000000000000284,55.56
2026-02-14 10:00:00,27.5,48.263474,11.679212,1013.3936,20.2,26.0,279.0,7.7,139.0,37.3,10,14,2,5,38.36,37.55,41.12,26.96,37.94,37.98833333333334,-1.0600000000000023,54.9
2026-02-14 11:00:00,27.0,50.66218,11.592895,1012.8927,19.0,24.6,314.0,9.1,127.0,34.84,11,14,2,5,37.3,38.16,38.22,25.14,36.833333333333336,37.425000000000004,-2.4599999999999937,52.46
2026-02-14 12:00:00,25.65,58.47043,10.365251,1012.78925,17.9,21.5,388.0,13.9,115.0,32.58,12,14,2,5,34.84,38.36,38.34,26.44,34.906666666666666,36.464999999999996,-2.260000000000005,51.63
2026-02-14 13:00:00,24.25,66.43883,9.444426,1012.7855,19.8,25.4,524.0,25.2,91.0,32.41,13,14,2,5,32.58,37.3,37.55,27.24,33.27666666666667,35.608333333333334,-0.1700000000000017,49.98
2026-02-14 14:00:00,22.85,75.77891,8.149847,1013.18097,25.2,31.1,700.0,40.6,57.0,33.46,14,14,2,5,32.41,34.84,38.16,31.06,32.81666666666667,34.825,1.0500000000000043,44.07
2026-02-14 15:00:00,22.0,84.41274,5.9427266,1013.87823,27.6,34.7,820.0,51.4,32.0,33.25,15,14,2,5,33.46,32.58,38.36,41.42,33.04,33.973333333333336,-0.21000000000000085,39.72
2026-02-14 16:00:00,21.45,90.05315,6.544677,1014.3763,28.6,36.9,849.0,53.8,24.0,33.35,16,14,2,5,33.25,32.41,37.3,41.12,33.35333333333333,33.315000000000005,0.10000000000000142,38.34
2026-02-14 17:00:00,20.9,93.72352,6.1305785,1014.4746,29.5,39.0,822.0,51.7,24.0,33.9,17,14,2,5,33.35,33.46,34.84,38.22,33.5,33.15833333333334,0.5499999999999972,39.06
2026-02-14 18:00:00,20.3,95.164246,5.1165614,1014.77277,30.3,40.5,749.0,47.6,27.0,34.44,18,14,2,5,33.9,33.25,32.58,38.34,33.89666666666667,33.468333333333334,0.5399999999999991,40.31
2026-02-14 19:00:00,20.15,95.45528,6.638072,1014.2728,30.5,41.9,602.0,41.6,30.0,34.37,19,14,2,5,34.44,33.35,32.41,37.55,34.23666666666667,33.794999999999995,-0.07000000000000028,41.43
2026-02-14 20:00:00,19.9,96.64287,8.320986,1013.9725,28.9,41.2,409.0,33.7,36.0,33.14,20,14,2,5,34.37,33.9,33.46,38.16,33.98333333333333,33.74166666666667,-1.2299999999999969,41.63
2026-02-14 21:00:00,19.65,97.24062,8.574123,1013.77167,27.9,40.5,268.0,26.6,40.0,32.04,21,14,2,5,33.14,34.44,33.25,38.36,33.18333333333333,33.54,-1.1000000000000014,40.68
2026-02-14 22:00:00,19.7,99.073006,8.714677,1013.47217,28.2,40.4,189.0,20.2,43.0,31.66,22,14,2,5,32.04,34.37,33.35,37.3,32.28,33.25833333333333,-0.379999999999999,38.82
2026-02-14 23:00:00,19.75,99.69027,7.731623,1013.27234,30.0,42.3,163.0,14.6,44.0,32.25,23,14,2,5,31.66,33.14,33.9,34.84,31.98333333333333,32.98333333333333,0.5899999999999999,37.35
2026-02-15 00:00:00,19.4,97.539246,4.8899083,1013.4712,34.0,48.7,257.0,15.5,38.0,34.77,0,15,2,6,32.25,32.04,34.44,32.58,32.89333333333334,33.038333333333334,2.520000000000003,37.04
2026-02-15 01:00:00,19.05,98.14451,3.7585104,1013.7701,38.2,54.2,602.0,24.1,27.0,37.6,1,15,2,6,34.77,31.66,34.37,32.41,34.873333333333335,33.576666666666675,2.8299999999999983,37.45
2026-02-15 02:00:00,18.6,99.37597,3.4576871,1014.3683,46.1,65.4,1067.0,35.5,12.0,43.26,2,15,2,6,37.6,32.25,33.14,33.46,38.54333333333333,35.263333333333335,5.659999999999997,38.66
2026-02-15 03:00:00,18.6,99.06525,2.8001428,1014.9678,61.2,84.1,1329.0,41.6,10.0,55.16,3,15,2,6,43.26,34.77,32.04,33.25,45.339999999999996,39.11666666666667,11.899999999999999,41.64
2026-02-15 04:00:00,19.2,98.14657,2.657668,1015.46893,46.0,73.3,1194.0,37.4,31.0,47.92,4,15,2,6,55.16,37.6,31.66,33.35,48.78,41.82666666666667,-7.239999999999995,44.6
2026-02-15 05:00:00,21.2,87.547966,4.327493,1016.1742,36.8,69.8,855.0,27.9,63.0,46.0,5,15,2,6,47.92,43.26,32.25,33.9,49.693333333333335,44.11833333333333,-1.9200000000000017,48.76
2026-02-15 06:00:00,23.65,74.9652,4.942631,1015.8811,33.6,65.4,572.0,19.5,92.0,46.6,6,15,2,6,46.0,55.16,34.77,34.44,46.84,46.09,0.6000000000000014,51.94
2026-02-15 07:00:00,25.65,64.87513,6.384293,1015.4871,30.3,59.3,437.0,14.1,112.0,45.92,7,15,2,6,46.6,47.92,37.6,34.37,46.173333333333325,47.47666666666667,-0.6799999999999997,50.18
2026-02-15 08:00:00,26.7,60.40131,9.473541,1014.59076,27.8,54.0,358.0,9.9,128.0,45.38,8,15,2,6,45.92,46.0,43.26,33.14,45.96666666666667,47.830000000000005,-0.5399999999999991,47.76
2026-02-15 09:00:00,26.85,59.870556,11.583108,1013.5918,26.4,50.6,313.0,7.4,136.0,44.83,9,15,2,6,45.38,46.6,55.16,32.04,45.376666666666665,46.10833333333333,-0.5500000000000043,47.02
2026-02-15 10:00:00,26.55,60.36692,12.007498,1012.79156,25.4,49.0,306.0,6.4,132.0,43.26,10,15,2,6,44.83,45.92,47.92,31.66,44.49,45.33166666666667,-1.5700000000000003,47.03
2026-02-15 11:00:00,25.9,62.533733,11.778658,1011.9905,24.1,47.0,333.0,7.1,119.0,40.37,11,15,2,6,43.26,45.38,46.0,32.25,42.82,44.39333333333334,-2.8900000000000006,47.19
2026-02-15 12:00:00,24.35,69.66594,10.944532,1012.0861,23.6,45.1,367.0,11.4,106.0,38.43,12,15,2,6,40.37,44.83,46.6,34.77,40.68666666666666,43.031666666666666,-1.9399999999999977,40.66
2026-02-15 13:00:00,23.25,77.03583,10.158444,1011.9833,25.2,47.4,399.0,20.2,87.0,38.16,13,15,2,6,38.43,43.26,45.92,37.6,38.986666666666665,41.73833333333334,-0.2700000000000031,40.79
2026-02-15 14:00:00,22.45,82.1317,8.723967,1011.9811,30.2,50.2,437.0,32.4,61.0,39.15,14,15,2,6,38.16,40.37,45.38,43.26,38.580000000000005,40.699999999999996,0.990000000000002,43.91
2026-02-15 15:00:00,22.1,84.68656,7.9932976,1012.47974,33.2,54.2,477.0,41.9,41.0,39.88,15,15,2,6,39.15,38.43,44.83,55.16,39.06333333333333,39.875,0.730000000000004,45.3
2026-02-15 16:00:00,21.8,86.51925,7.5685663,1012.8785,35.2,56.3,528.0,46.5,32.0,40.63,16,15,2,6,39.88,38.16,43.26,47.92,39.88666666666666,39.43666666666667,0.75,46.69
2026-02-15 17:00:00,21.45,88.391,6.8423676,1013.07733,36.9,58.0,581.0,48.5,28.0,41.52,17,15,2,6,40.63,39.15,40.37,46.0,40.67666666666667,39.62833333333333,0.8900000000000006,48.44
2026-02-15 18:00:00,21.25,90.88128,6.6697226,1012.8769,38.5,59.4,609.0,48.5,27.0,42.46,18,15,2,6,41.52,39.88,38.43,46.6,41.53666666666667,40.3,0.9399999999999977,49.08
2026-02-15 19:00:00,21.25,90.59967,7.3799996,1012.57715,43.4,67.5,598.0,46.3,27.0,46.2,19,15,2,6,42.46,40.63,38.16,45.92,43.39333333333334,41.64,3.740000000000002,46.34
2026-02-15 20:00:00,21.0,91.1476,6.482499,1012.17676,46.2,70.8,562.0,42.1,30.0,48.08,20,15,2,6,46.2,41.52,39.15,45.38,45.580000000000005,43.12833333333334,1.8799999999999955,42.03
2026-02-15 21:00:00,20.8,91.13474,6.310277,1011.57666,45.4,69.8,511.0,37.4,33.0,47.22,21,15,2,6,48.08,42.46,39.88,44.83,47.166666666666664,44.35166666666667,-0.8599999999999994,38.42
2026-02-15 22:00:00,20.7,91.12832,5.9399996,1010.9771,43.4,66.8,410.0,31.2,37.0,45.29,22,15,2,6,47.22,46.2,40.63,43.26,46.86333333333334,45.12833333333333,-1.9299999999999997,36.8
2026-02-15 23:00:00,20.75,90.56564,5.950899,1010.7772,41.4,63.8,295.0,24.5,42.0,43.44,23,15,2,6,45.29,48.08,41.52,40.37,45.31666666666666,45.44833333333333,-1.8500000000000014,36.42
2026-02-16 00:00:00,20.4,89.69667,6.7205353,1010.6764,40.0,63.6,283.0,20.4,45.0,42.53,0,16,2,0,43.44,47.22,42.46,38.43,43.75333333333333,45.46,-0.9099999999999966,36.96
2026-02-16 01:00:00,20.5,87.211945,8.049845,1010.9765,38.1,60.3,499.0,24.2,43.0,41.19,1,16,2,0,42.53,45.29,46.2,38.16,42.38666666666666,44.625,-1.3400000000000034,36.72
2026-02-16 02:00:00,20.5,85.58451,7.42159,1011.4761,37.4,58.2,817.0,29.2,40.0,40.72,2,16,2,0,41.19,43.44,48.08,39.15,41.48,43.39833333333333,-0.46999999999999886,37.4
2026-02-16 03:00:00,21.05,83.519264,7.2403865,1011.97723,40.6,63.1,981.0,30.5,44.0,44.1,3,16,2,0,40.72,42.53,47.22,39.88,42.00333333333333,42.87833333333333,3.3800000000000026,39.22
2026-02-16 04:00:00,22.65,75.746994,8.669949,1012.4813,35.9,60.5,827.0,24.8,60.0,42.77,4,16,2,0,44.1,41.19,45.29,40.63,42.53,42.458333333333336,-1.3299999999999983,41.12
2026-02-16 05:00:00,23.7,69.105156,9.567131,1012.6839,30.6,60.1,518.0,15.4,82.0,41.93,5,16,2,0,42.77,40.72,43.44,41.52,42.93333333333334,42.20666666666666,-0.8400000000000034,41.98
2026-02-16 06:00:00,24.65,62.452995,11.019764,1012.7864,29.2,59.6,283.0,8.1,100.0,42.74,6,16,2,0,41.93,44.1,42.53,42.46,42.480000000000004,42.24166666666667,0.8100000000000023,42.36
2026-02-16 07:00:00,25.3,58.946274,13.33094,1012.08887,28.7,57.5,218.0,5.2,110.0,43.13,7,16,2,0,42.74,42.77,41.19,46.2,42.6,42.565,0.39000000000000057,40.65
2026-02-16 08:00:00,25.55,57.70918,15.053425,1011.2902,27.6,54.2,226.0,4.3,116.0,42.68,8,16,2,0,43.13,41.93,40.72,48.08,42.85,42.89166666666667,-0.45000000000000284,37.17
2026-02-16 09:00:00,25.4,58.041027,15.137133,1009.99054,26.4,50.6,246.0,4.2,117.0,41.5,9,16,2,0,42.68,42.74,44.1,47.22,42.43666666666667,42.458333333333336,-1.1799999999999997,35.93
2026-02-16 10:00:00,25.15,57.42956,14.81259,1009.0907,24.8,47.0,256.0,4.2,113.0,39.38,10,16,2,0,41.5,43.13,42.77,45.29,41.18666666666667,41.89333333333334,-2.1199999999999974,36.14
2026-02-16 11:00:00,24.85,57.909172,14.336861,1008.49054,23.5,44.0,278.0,4.9,103.0,36.74,11,16,2,0,39.38,42.68,41.93,43.44,39.20666666666667,41.028333333333336,-2.6400000000000006,36.36
2026-02-16 12:00:00,23.95,64.30833,12.979984,1008.1883,20.6,36.7,311.0,7.8,96.0,33.21,12,16,2,0,36.74,41.5,42.74,42.53,36.443333333333335,39.440000000000005,-3.530000000000001,36.58
2026-02-16 13:00:00,23.15,68.9984,12.5807,1008.0861,20.1,34.2,365.0,13.7,85.0,31.7,13,16,2,0,33.21,39.38,43.13,41.19,33.88333333333333,37.535000000000004,-1.5100000000000016,37.61
2026-02-16 14:00:00,22.65,72.25274,11.4862,1008.48456,21.7,31.7,431.0,21.9,69.0,30.82,14,16,2,0,31.7,36.74,42.68,40.72,31.91,35.55833333333333,-0.879999999999999,38.75
2026-02-16 15:00:00,22.4,74.5245,10.742848,1009.683,22.9,32.1,484.0,29.3,56.0,30.66,15,16,2,0,30.82,33.21,41.5,44.1,31.060000000000002,33.751666666666665,-0.16000000000000014,38.9
2026-02-16 16:00:00,22.15,76.38532,8.227004,1010.3815,24.0,32.4,517.0,35.5,47.0,30.86,16,16,2,0,30.66,31.7,39.38,42.77,30.78,32.33166666666667,0.1999999999999993,38.84
2026-02-16 17:00:00,21.85,78.53331,8.557102,1010.48065,25.7,33.1,537.0,40.8,40.0,31.59,17,16,2,0,30.86,30.82,36.74,41.93,31.036666666666665,31.473333333333333,0.7300000000000004,38.94
2026-02-16 18:00:00,21.65,80.000114,10.853866,1010.8797,27.5,34.6,544.0,42.9,36.0,32.5,18,16,2,0,31.59,30.66,33.21,42.74,31.649999999999995,31.355,0.9100000000000001,39.08
2026-02-16 19:00:00,21.65,79.74912,10.446206,1011.0796,28.0,34.8,523.0,39.8,37.0,32.48,19,16,2,0,32.5,30.86,31.7,43.13,32.19,31.485,-0.020000000000003126,38.37
2026-02-16 20:00:00,21.4,81.74537,9.979859,1010.3795,25.9,32.5,489.0,33.6,42.0,30.79,20,16,2,0,32.48,31.59,30.82,42.68,31.92333333333333,31.48,-1.6899999999999977,36.51
2026-02-16 21:00:00,21.1,84.31464,7.5170207,1009.9789,23.0,29.5,483.0,28.1,46.0,28.52,21,16,2,0,30.79,32.5,30.66,41.5,30.596666666666664,31.12333333333333,-2.2699999999999996,33.93
2026-02-16 22:00:00,20.7,86.143585,4.846648,1009.67816,21.5,28.1,512.0,23.9,48.0,27.16,22,16,2,0,28.52,32.48,30.86,39.38,28.823333333333334,30.506666666666664,-1.3599999999999994,31.62
2026-02-16 23:00:00,20.45,87.48135,5.3699164,1009.37744,22.8,30.4,569.0,20.5,49.0,27.9,23,16,2,0,27.16,30.79,31.59,36.74,27.859999999999996,29.891666666666666,0.7399999999999984,30.02
2026-02-17 00:00:00,19.85,88.53551,0.25455844,1009.3759,19.8,29.9,678.0,14.8,52.0,25.9,0,17,2,1,27.9,28.52,32.5,33.21,26.986666666666665,28.791666666666668,-2.0,29.28
2026-02-17 01:00:00,20.15,86.90632,2.7534704,1009.6766,24.3,36.8,917.0,27.0,38.0,29.26,1,17,2,1,25.9,27.16,32.48,31.7,27.686666666666664,28.255,3.360000000000003,28.55
2026-02-17 02:00:00,19.75,88.80636,5.2939587,1010.3747,34.5,48.5,1209.0,43.4,20.0,36.46,2,17,2,1,29.26,27.9,30.79,30.82,30.540000000000003,29.200000000000003,7.199999999999999,29.0
2026-02-17 03:00:00,19.8,87.97579,6.379216,1011.17444,51.1,64.0,1344.0,51.6,15.0,48.34,3,17,2,1,36.46,25.9,28.52,30.66,38.02,32.50333333333334,11.880000000000003,31.31
2026-02-17 04:00:00,21.0,81.95273,4.8633323,1011.877,49.8,61.7,1183.0,44.0,35.0,49.09,4,17,2,1,48.34,29.26,27.16,30.86,44.63,36.15833333333334,0.75,34.58
2026-02-17 05:00:00,22.6,72.47232,4.4565907,1012.48096,30.4,51.7,865.0,28.3,69.0,40.14,5,17,2,1,49.09,36.46,27.9,31.59,45.85666666666666,38.19833333333333,-8.950000000000003,38.47
2026-02-17 06:00:00,23.05,66.190575,5.2939587,1013.1817,28.2,59.8,599.0,15.5,99.0,43.24,6,17,2,1,40.14,48.34,25.9,32.5,44.156666666666666,41.08833333333333,3.1000000000000014,44.2
2026-02-17 07:00:00,24.35,57.788834,5.2478566,1012.88544,29.7,68.9,455.0,9.9,120.0,48.12,7,17,2,1,43.24,49.09,29.26,32.48,43.833333333333336,44.23166666666666,4.8799999999999955,55.86
2026-02-17 08:00:00,25.05,55.067284,7.0911775,1011.988,33.3,84.1,364.0,7.3,138.0,55.27,8,17,2,1,48.12,40.14,36.46,30.79,48.876666666666665,47.36666666666667,7.150000000000006,57.2
2026-02-17 09:00:00,25.1,54.72763,8.6867485,1011.2889,32.8,80.3,327.0,6.0,148.0,55.56,9,17,2,1,55.27,43.24,48.34,28.52,52.98333333333333,48.57,0.28999999999999915,53.69
2026-02-17 10:00:00,24.25,57.579742,6.114703,1010.98694,31.9,77.8,318.0,4.9,151.0,54.9,10,17,2,1,55.56,48.12,49.09,27.16,55.24333333333333,49.538333333333334,-0.6600000000000037,49.93
2026-02-17 11:00:00,24.25,56.299458,8.714677,1010.48737,30.4,72.9,362.0,5.2,146.0,52.46,11,17,2,1,54.9,55.27,40.14,27.9,54.306666666666665,51.59166666666667,-2.4399999999999977,47.85
2026-02-17 12:00:00,23.1,65.99068,7.8954163,1010.7839,30.0,70.5,537.0,9.2,141.0,51.63,12,17,2,1,52.46,55.56,43.24,25.9,52.99666666666666,52.99,-0.8299999999999983,42.02
2026-02-17 13:00:00,22.35,72.42792,7.570707,1011.0815,31.2,70.5,990.0,18.2,117.0,49.98,13,17,2,1,51.63,54.9,48.12,29.26,51.35666666666666,53.300000000000004,-1.6500000000000057,39.62
2026-02-17 14:00:00,21.65,77.27682,6.6185193,1011.77893,31.5,55.6,1574.0,30.7,84.0,44.07,14,17,2,1,49.98,52.46,55.27,36.46,48.559999999999995,51.43333333333334,-5.909999999999997,39.44
2026-02-17 15:00:00,21.25,80.70468,3.7799997,1012.4772,30.6,48.5,1923.0,41.1,57.0,39.72,15,17,2,1,44.07,51.63,55.56,48.34,44.589999999999996,48.79333333333333,-4.350000000000001,38.64
2026-02-17 16:00:00,21.35,78.957634,1.8792552,1013.07697,31.1,46.8,1840.0,48.5,41.0,38.34,16,17,2,1,39.72,49.98,54.9,49.09,40.71,46.03333333333334,-1.3799999999999955,37.96
2026-02-17 17:00:00,21.25,80.19799,2.0991426,1012.8769,33.4,48.2,1522.0,53.8,31.0,39.06,17,17,2,1,38.34,44.07,52.46,40.14,39.04,43.800000000000004,0.7199999999999989,37.73
2026-02-17 18:00:00,20.5,80.35063,2.5264204,1013.2746,35.6,49.8,1190.0,53.7,30.0,40.31,18,17,2,1,39.06,39.72,51.63,43.24,39.23666666666667,41.913333333333334,1.25,38.29
2026-02-17 19:00:00,20.7,70.078354,6.193674,1013.2752,36.4,50.5,882.0,44.5,43.0,41.43,19,17,2,1,40.31,38.34,49.98,48.12,40.266666666666666,40.48833333333334,1.1199999999999974,38.1
2026-02-17 20:00:00,19.9,64.67725,7.4867883,1013.07324,35.3,49.4,561.0,30.0,64.0,41.63,20,17,2,1,41.43,39.06,44.07,55.27,41.123333333333335,40.08166666666667,0.20000000000000284,36.82
2026-02-17 21:00:00,19.2,64.736916,9.016185,1012.67126,32.8,46.4,335.0,18.0,82.0,40.68,21,17,2,1,41.63,40.31,39.72,55.56,41.24666666666666,40.24166666666667,-0.9500000000000028,35.46
2026-02-17 22:00:00,18.8,65.50622,9.236298,1012.47046,29.5,43.8,246.0,11.1,91.0,38.82,22,17,2,1,40.68,41.43,38.34,54.9,40.376666666666665,40.321666666666665,-1.8599999999999994,34.62
2026-02-17 23:00:00,18.55,65.88504,8.6193495,1012.56946,26.9,42.4,251.0,6.8,96.0,37.35,23,17,2,1,38.82,41.63,39.06,52.46,38.949999999999996,40.03666666666667,-1.4699999999999989,34.28
2026-02-18 00:00:00,18.1,67.10435,9.391102,1012.66815,25.9,43.5,332.0,5.6,97.0,37.04,0,18,2,2,37.35,40.68,40.31,51.63,37.73666666666666,39.49166666666667,-0.3100000000000023,33.79
2026-02-18 01:00:00,17.7,68.13706,9.531505,1013.3666,26.6,43.8,547.0,11.6,91.0,37.45,1,18,2,2,37.04,38.82,41.43,49.98,37.28,38.82833333333333,0.4100000000000037,33.93
2026-02-18 02:00:00,17.5,68.32181,8.37532,1014.16534,28.8,45.1,838.0,19.6,82.0,38.66,2,18,2,2,37.45,37.35,41.63,44.07,37.71666666666667,38.333333333333336,1.2099999999999937,34.66
2026-02-18 03:00:00,17.85,66.831345,7.555712,1014.36615,32.4,47.8,1013.0,23.9,82.0,41.64,3,18,2,2,38.66,37.04,40.68,39.72,39.25,38.49333333333333,2.980000000000004,37.25
2026-02-18 04:00:00,19.65,59.719925,5.318383,1014.9707,33.6,50.6,962.0,20.9,97.0,44.6,4,18,2,2,41.64,37.45,38.82,38.34,41.63333333333333,39.45666666666667,2.960000000000001,40.59
2026-02-18 05:00:00,21.9,51.31377,5.00128,1015.47656,34.9,56.7,795.0,14.1,119.0,48.76,5,18,2,2,44.6,38.66,37.35,39.06,45.0,41.358333333333334,4.159999999999997,43.33
2026-02-18 06:00:00,24.0,46.24435,4.6730714,1015.1826,36.1,60.3,651.0,8.5,137.0,51.94,6,18,2,2,48.76,41.64,37.04,40.31,48.43333333333333,43.84166666666667,3.1799999999999997,61.6
2026-02-18 07:00:00,25.55,38.931866,3.1072817,1014.2878,32.0,57.7,577.0,5.9,145.0,50.18,7,18,2,2,51.94,44.6,37.45,41.43,50.29333333333333,45.96333333333333,-1.759999999999998,82.07
2026-02-18 08:00:00,26.45,35.82059,4.0249224,1013.49066,28.8,53.2,526.0,4.5,147.0,47.76,8,18,2,2,50.18,48.76,38.66,41.63,49.96,47.48,-2.4200000000000017,83.3
2026-02-18 09:00:00,26.55,39.99711,10.233123,1012.4918,27.9,51.3,493.0,4.1,148.0,47.02,9,18,2,2,47.76,51.94,41.64,40.68,48.31999999999999,48.376666666666665,-0.7399999999999949,83.18
2026-02-18 10:00:00,25.8,47.654324,15.283048,1011.7904,28.0,50.4,466.0,3.0,150.0,47.03,10,18,2,2,47.02,50.18,44.6,38.82,47.27,48.781666666666666,0.00999999999999801,82.87
2026-02-18 11:00:00,24.75,45.54287,16.285772,1011.4878,28.3,49.7,456.0,3.0,151.0,47.19,11,18,2,2,47.03,47.76,48.76,37.35,47.080000000000005,48.52,0.1599999999999966,81.7
2026-02-18 12:00:00,24.75,45.99401,15.151039,1010.98816,22.6,36.3,496.0,8.3,139.0,40.66,12,18,2,2,47.19,47.02,51.94,37.04,44.96,46.63999999999999,-6.530000000000001,75.79
2026-02-18 13:00:00,23.75,47.72478,12.601285,1011.385,24.9,38.4,628.0,26.7,111.0,40.79,13,18,2,2,40.66,47.03,50.18,37.45,42.879999999999995,45.074999999999996,0.13000000000000256,66.86
2026-02-18 14:00:00,22.95,52.614304,10.874741,1012.382,33.5,42.8,809.0,52.0,72.0,43.91,14,18,2,2,40.79,47.19,47.76,38.66,41.78666666666666,44.43333333333334,3.1199999999999974,60.34
2026-02-18 15:00:00,22.5,59.422638,9.567131,1013.1801,38.3,46.2,942.0,70.7,42.0,45.3,15,18,2,2,43.91,40.66,47.02,41.64,43.33333333333332,44.14666666666667,1.3900000000000006,59.25
2026-02-18 16:00:00,22.05,64.10154,7.9383874,1013.87823,41.7,49.1,996.0,77.8,29.0,46.69,16,18,2,2,45.3,40.79,47.03,44.6,45.29999999999999,44.089999999999996,1.3900000000000006,60.21
2026-02-18 17:00:00,21.55,66.08912,8.951267,1014.1767,44.9,52.5,1002.0,78.3,25.0,48.44,17,18,2,2,46.69,43.91,47.19,48.76,46.809999999999995,44.298333333333325,1.75,60.03
2026-02-18 18:00:00,21.15,69.93966,6.1437774,1014.17584,46.3,53.8,952.0,74.1,27.0,49.08,18,18,2,2,48.44,45.3,40.66,51.94,48.06999999999999,45.70166666666666,0.6400000000000006,59.01
2026-02-18 19:00:00,21.15,68.16624,6.4096174,1014.17584,43.2,50.3,812.0,63.9,34.0,46.34,19,18,2,2,49.08,46.69,40.79,50.18,47.953333333333326,46.626666666666665,-2.739999999999995,57.36
2026-02-18 20:00:00,20.7,69.62897,7.3997297,1013.9747,37.3,44.9,616.0,49.0,47.0,42.03,20,18,2,2,46.34,48.44,43.91,47.76,45.81666666666666,46.31333333333333,-4.310000000000002,55.28
2026-02-18 21:00:00,20.2,67.975365,8.6193495,1014.07306,31.4,42.7,465.0,35.5,59.0,38.42,21,18,2,2,42.03,49.08,45.3,47.02,42.26333333333333,45.166666666666664,-3.6099999999999994,51.92
2026-02-18 22:00:00,20.05,58.837337,8.626865,1013.8728,27.5,44.5,386.0,24.3,70.0,36.8,22,18,2,2,38.42,46.34,46.69,47.03,39.083333333333336,43.51833333333334,-1.6200000000000045,48.12
2026-02-18 23:00:00,20.1,51.868855,9.743305,1013.47314,25.1,47.7,350.0,14.5,81.0,36.42,23,18,2,2,36.8,42.03,48.44,47.19,37.21333333333333,41.51499999999999,-0.37999999999999545,44.31
2026-02-19 00:00:00,20.6,48.960884,11.003581,1013.57465,24.2,48.0,375.0,6.7,95.0,36.96,0,19,2,3,36.42,38.42,49.08,40.66,36.72666666666667,39.495,0.5399999999999991,41.44
2026-02-19 01:00:00,20.4,49.402367,10.495713,1013.77386,24.3,47.8,513.0,12.1,88.0,36.72,1,19,2,3,36.96,36.8,46.34,40.79,36.699999999999996,37.891666666666666,-0.240000000000002,40.73
2026-02-19 02:00:00,20.3,50.54956,10.564941,1014.473,25.6,48.5,711.0,19.3,80.0,37.4,2,19,2,3,36.72,36.42,42.03,43.91,37.026666666666664,37.12,0.6799999999999997,43.09
2026-02-19 03:00:00,21.15,48.61929,11.799271,1015.07513,28.0,49.6,823.0,23.0,79.0,39.22,3,19,2,3,37.4,36.96,38.42,45.3,37.779999999999994,37.25333333333334,1.8200000000000003,49.7
2026-02-19 04:00:00,23.25,43.070873,10.8672905,1015.8801,28.8,49.1,765.0,19.7,93.0,41.12,4,19,2,3,39.22,36.72,36.8,46.69,39.24666666666666,37.973333333333336,1.8999999999999986,45.1
2026-02-19 05:00:00,25.9,36.026268,12.283599,1016.0873,26.2,47.7,620.0,12.9,116.0,41.98,5,19,2,3,41.12,37.4,36.42,48.44,40.77333333333333,38.9,0.8599999999999994,43.2
2026-02-19 06:00:00,27.9,30.557293,13.15971,1016.1926,25.8,42.1,493.0,7.3,133.0,42.36,6,19,2,3,41.98,39.22,36.96,49.08,41.81999999999999,39.800000000000004,0.38000000000000256,44.18
2026-02-19 07:00:00,28.75,25.5609,14.787414,1015.4954,22.5,38.4,417.0,4.8,140.0,40.65,7,19,2,3,42.36,41.12,36.72,46.34,41.66333333333333,40.455,-1.7100000000000009,44.56
2026-02-19 08:00:00,29.55,22.863098,15.561414,1014.3985,19.3,28.4,359.0,3.6,142.0,37.17,8,19,2,3,40.65,41.98,37.4,42.03,40.059999999999995,40.416666666666664,-3.479999999999997,43.96
2026-02-19 09:00:00,29.9,21.421957,17.194475,1013.5998,18.6,24.3,327.0,3.1,142.0,35.93,9,19,2,3,37.17,42.36,39.22,38.42,37.916666666666664,39.86833333333333,-1.240000000000002,43.34
2026-02-19 10:00:00,29.95,20.920158,17.726116,1012.9007,19.2,23.3,315.0,2.9,143.0,36.14,10,19,2,3,35.93,40.65,41.12,36.8,36.41333333333333,39.038333333333334,0.21000000000000085,42.72
2026-02-19 11:00:00,29.85,20.606041,17.534992,1012.5006,19.9,23.6,328.0,3.6,141.0,36.36,11,19,2,3,36.14,37.17,41.98,36.42,36.14333333333334,38.10166666666667,0.21999999999999886,42.0
2026-02-19 12:00:00,29.5,21.618948,17.077248,1012.49963,21.0,22.5,395.0,5.9,138.0,36.58,12,19,2,3,36.36,35.93,42.36,36.96,36.35999999999999,37.13833333333333,0.21999999999999886,40.53
2026-02-19 13:00:00,28.55,25.8593,15.489414,1012.9967,23.7,26.4,576.0,12.5,124.0,37.61,13,19,2,3,36.58,36.14,40.65,36.72,36.849999999999994,36.63166666666667,1.0300000000000011,40.93
2026-02-19 14:00:00,27.6,28.281155,12.931218,1013.7935,27.6,30.6,810.0,21.5,104.0,38.75,14,19,2,3,37.61,36.36,37.17,37.4,37.64666666666667,36.895,1.1400000000000006,41.49
2026-02-19 15:00:00,26.75,31.388409,12.081473,1014.4908,29.7,32.9,944.0,28.5,88.0,38.9,15,19,2,3,38.75,36.58,35.93,39.22,38.419999999999995,37.38999999999999,0.14999999999999858,41.31
2026-02-19 16:00:00,26.0,33.822807,9.7880945,1014.98846,31.1,34.6,887.0,32.1,77.0,38.84,16,19,2,3,38.9,37.61,36.14,41.12,38.83,37.839999999999996,-0.05999999999999517,41.16
2026-02-19 17:00:00,24.9,36.72148,11.1090765,1015.1852,32.6,36.2,729.0,33.7,69.0,38.94,17,19,2,3,38.84,38.75,36.36,41.98,38.89333333333333,38.27,0.09999999999999432,40.94
2026-02-19 18:00:00,24.25,37.538906,12.330985,1015.3835,33.6,37.6,586.0,32.4,66.0,39.08,18,19,2,3,38.94,38.9,36.58,42.36,38.95333333333333,38.68666666666667,0.14000000000000057,41.24
2026-02-19 19:00:00,24.35,35.587475,12.678185,1015.3835,32.5,37.4,495.0,26.6,71.0,38.37,19,19,2,3,39.08,38.84,37.61,40.65,38.79666666666666,38.81333333333333,-0.7100000000000009,40.92
2026-02-19 20:00:00,24.15,35.773018,13.110376,1015.1832,28.9,35.3,420.0,18.0,82.0,36.51,20,19,2,3,38.37,38.94,38.75,37.17,37.98666666666666,38.44,-1.8599999999999994,40.66
2026-02-19 21:00:00,23.7,36.87879,12.870944,1014.98206,24.9,31.5,366.0,11.2,90.0,33.93,21,19,2,3,36.51,39.08,38.9,35.93,36.27,37.61166666666667,-2.5799999999999983,39.73
2026-02-19 22:00:00,23.3,38.29531,13.104198,1014.781,21.9,27.2,325.0,7.5,94.0,31.62,22,19,2,3,33.93,38.37,38.84,36.14,34.019999999999996,36.40833333333333,-2.3099999999999987,37.02
2026-02-19 23:00:00,22.85,39.75406,13.032298,1014.77966,20.3,23.9,305.0,5.6,95.0,30.02,23,19,2,3,31.62,36.51,38.94,36.36,31.856666666666666,34.92166666666667,-1.6000000000000014,35.16
2026-02-20 00:00:00,22.3,42.08863,12.81165,1014.8784,19.8,22.7,334.0,5.9,93.0,29.28,0,20,2,4,30.02,33.93,39.08,36.58,30.30666666666666,33.288333333333334,-0.7399999999999984,35.76
2026-02-20 01:00:00,21.95,42.9957,11.855429,1015.2771,19.4,21.2,467.0,10.4,87.0,28.55,1,20,2,4,29.28,31.62,38.37,37.61,29.28333333333333,31.65166666666667,-0.7300000000000004,37.21
2026-02-20 02:00:00,21.6,44.222355,11.43248,1016.1754,20.4,21.8,650.0,16.3,80.0,29.0,2,20,2,4,28.55,30.02,36.51,38.75,28.94333333333333,30.400000000000002,0.4499999999999993,42.16
2026-02-20 03:00:00,22.0,43.44726,12.033103,1017.0757,23.1,24.2,747.0,19.5,80.0,31.31,3,20,2,4,29.0,29.28,33.93,38.9,29.619999999999994,29.96333333333334,2.3099999999999987,50.39
2026-02-20 04:00:00,23.8,39.35543,10.436895,1017.78015,25.2,26.5,676.0,17.2,94.0,34.58,4,20,2,4,31.31,28.55,31.62,38.84,31.629999999999995,30.456666666666667,3.2699999999999996,50.65
2026-02-20 05:00:00,26.35,34.03575,12.870944,1017.98706,26.3,31.2,519.0,12.2,115.0,38.47,5,20,2,4,34.58,29.0,30.02,38.94,34.78666666666666,31.865,3.8900000000000006,45.28
2026-02-20 06:00:00,28.6,26.771496,17.134071,1017.8932,28.9,43.8,395.0,7.9,132.0,44.2,6,20,2,4,38.47,31.31,29.28,39.08,39.083333333333336,34.35166666666667,5.730000000000004,50.54
2026-02-20 07:00:00,29.4,24.282566,16.92383,1017.2956,30.0,93.6,347.0,5.6,142.0,55.86,7,20,2,4,44.2,34.58,28.55,38.37,46.17666666666667,38.90333333333333,11.659999999999997,56.54
2026-02-20 08:00:00,30.05,22.992672,14.517644,1016.598,30.0,96.9,331.0,4.1,148.0,57.2,8,20,2,4,55.86,38.47,29.0,36.51,52.419999999999995,43.60333333333333,1.3400000000000034,58.12
2026-02-20 09:00:00,30.45,22.0122,13.638489,1015.2999,27.7,83.4,330.0,3.4,151.0,53.69,9,20,2,4,57.2,44.2,31.31,33.93,55.583333333333336,47.333333333333336,-3.510000000000005,57.52
2026-02-20 10:00:00,30.6,21.748978,13.443481,1014.501,25.6,68.5,334.0,3.2,153.0,49.93,10,20,2,4,53.69,55.86,34.58,31.62,53.60666666666666,49.89166666666667,-3.759999999999998,56.08
2026-02-20 11:00:00,30.4,22.151472,13.737904,1014.10095,25.8,57.9,353.0,3.8,152.0,47.85,11,20,2,4,49.93,57.2,38.47,30.02,50.49,51.45499999999999,-2.0799999999999983,54.22
2026-02-20 12:00:00,29.8,22.84908,13.719023,1014.09937,21.5,37.4,404.0,6.6,152.0,42.02,12,20,2,4,47.85,53.69,44.2,29.28,46.6,51.09166666666667,-5.829999999999998,53.2
2026-02-20 13:00:00,28.85,25.153372,13.789691,1014.49646,22.2,30.4,525.0,12.6,137.0,39.62,13,20,2,4,42.02,49.93,55.86,28.55,43.16333333333333,48.385,-2.4000000000000057,51.84
2026-02-20 14:00:00,27.8,29.916943,12.492829,1015.09326,25.6,30.5,679.0,20.9,116.0,39.44,14,20,2,4,39.62,47.85,57.2,29.0,40.35999999999999,45.425000000000004,-0.17999999999999972,47.86
2026-02-20 15:00:00,27.15,32.910103,11.074023,1015.59094,27.1,31.3,765.0,27.5,98.0,38.64,15,20,2,4,39.44,42.02,53.69,31.31,39.23333333333333,42.916666666666664,-0.7999999999999972,45.78
2026-02-20 16:00:00,26.3,34.714993,12.503199,1015.7884,28.3,32.6,727.0,31.3,84.0,37.96,16,20,2,4,38.64,39.62,49.93,34.58,38.68,40.92166666666667,-0.6799999999999997,44.5
2026-02-20 17:00:00,25.3,36.83467,12.483748,1015.7859,30.0,34.6,621.0,33.4,72.0,37.73,17,20,2,4,37.96,39.44,47.85,38.47,38.10999999999999,39.23500000000001,-0.23000000000000398,43.44
2026-02-20 18:00:00,24.5,39.818974,11.1090765,1015.5839,32.1,36.2,522.0,33.0,67.0,38.29,18,20,2,4,37.73,38.64,42.02,44.2,37.99333333333333,38.61333333333334,0.5600000000000023,43.02
2026-02-20 19:00:00,24.05,40.77106,11.672275,1015.2828,32.1,35.5,449.0,28.7,71.0,38.1,19,20,2,4,38.29,37.96,39.62,55.86,38.03999999999999,38.36,-0.18999999999999773,43.04
2026-02-20 20:00:00,23.4,42.397877,11.770403,1015.0812,29.7,32.7,382.0,21.9,81.0,36.82,20,20,2,4,38.1,37.73,39.44,57.2,37.736666666666665,37.92333333333333,-1.2800000000000011,42.71
2026-02-20 21:00:00,22.95,43.42125,11.203464,1014.58026,27.2,29.9,334.0,15.9,90.0,35.46,21,20,2,4,36.82,38.29,38.64,53.69,36.79333333333333,37.39333333333333,-1.3599999999999994,42.39
2026-02-20 22:00:00,22.7,43.351353,11.679212,1014.08,25.3,28.0,293.0,11.1,98.0,34.62,22,20,2,4,35.46,38.1,37.96,49.93,35.63333333333333,36.836666666666666,-0.8400000000000034,43.11
2026-02-20 23:00:00,22.45,43.281357,11.9466305,1013.8796,24.1,27.0,271.0,7.2,105.0,34.28,23,20,2,4,34.62,36.82,37.73,47.85,34.78666666666666,36.26166666666667,-0.3399999999999963,42.96
2026-02-21 00:00:00,22.3,44.716686,12.193589,1013.47955,23.6,23.7,311.0,6.0,109.0,33.79,0,21,2,5,34.28,35.46,38.29,42.02,34.23,35.51166666666666,-0.490000000000002,46.24
2026-02-21 01:00:00,22.1,45.264545,11.931705,1013.57886,24.0,25.8,478.0,11.8,100.0,33.93,1,21,2,5,33.79,34.62,38.1,39.62,33.99999999999999,34.81666666666667,0.14000000000000057,46.4
2026-02-21 02:00:00,21.8,46.25535,11.414043,1014.0775,25.6,27.8,708.0,19.7,89.0,34.66,2,21,2,5,33.93,34.28,36.82,39.44,34.126666666666665,34.45666666666667,0.7299999999999969,47.98
2026-02-21 03:00:00,22.35,44.73057,11.304229,1014.5787,28.8,31.0,847.0,24.0,87.0,37.25,3,21,2,5,34.66,33.79,35.46,38.64,35.279999999999994,34.755,2.5900000000000034,50.31
2026-02-21 04:00:00,24.35,39.51092,8.55142,1015.0837,31.1,33.4,809.0,21.4,101.0,40.59,4,21,2,5,37.25,33.93,34.62,37.96,37.5,35.75,3.3400000000000034,51.24
2026-02-21 05:00:00,27.1,33.565384,8.099999,1015.1912,29.5,37.6,680.0,15.4,125.0,43.33,5,21,2,5,40.59,34.66,34.28,37.73,40.39,37.25833333333333,2.739999999999995,58.02
2026-02-21 06:00:00,28.95,29.040113,5.4477882,1015.0964,33.5,107.1,571.0,10.2,146.0,61.6,6,21,2,5,43.33,37.25,33.79,38.29,48.50666666666666,41.89333333333334,18.270000000000003,57.62
2026-02-21 07:00:00,29.8,24.892654,3.604497,1014.29913,41.6,179.3,524.0,7.4,162.0,82.07,7,21,2,5,61.6,40.59,33.93,38.1,62.33333333333332,49.916666666666664,20.46999999999999,42.6
2026-02-21 08:00:00,30.1,25.659842,8.149847,1013.0008,42.1,175.1,496.0,5.5,176.0,83.3,8,21,2,5,82.07,43.33,34.66,36.82,75.65666666666665,58.02333333333333,1.230000000000004,36.82
2026-02-21 09:00:00,30.3,28.06608,12.738099,1011.7026,43.2,164.8,469.0,4.8,186.0,83.18,9,21,2,5,83.3,61.6,37.25,35.46,82.84999999999998,65.67833333333334,-0.11999999999999034,36.81
2026-02-21 10:00:00,29.75,32.010838,15.990646,1010.7018,43.9,156.0,415.0,5.1,193.0,82.87,10,21,2,5,83.18,82.07,40.59,34.62,83.11666666666666,72.72500000000001,-0.3100000000000023,37.6
2026-02-21 11:00:00,29.65,26.601635,15.629971,1010.1019,43.5,148.5,362.0,6.7,195.0,81.7,11,21,2,5,82.87,83.3,43.33,34.28,82.58333333333333,79.12,-1.1700000000000017,40.77
2026-02-21 12:00:00,28.85,26.296324,13.902014,1010.1,39.5,124.8,377.0,10.2,197.0,75.79,12,21,2,5,81.7,83.18,61.6,33.79,80.12,81.485,-5.909999999999997,47.74
2026-02-21 13:00:00,27.8,30.426683,11.362834,1010.4969,39.6,92.2,533.0,17.8,173.0,66.86,13,21,2,5,75.79,82.87,82.07,33.93,74.78333333333333,78.95,-8.930000000000007,47.09
2026-02-21 14:00:00,26.25,37.725704,8.885877,1010.39276,39.5,77.5,756.0,28.3,139.0,60.34,14,21,2,5,66.86,81.7,83.3,34.66,67.66333333333333,75.12333333333333,-6.519999999999996,45.5
2026-02-21 15:00:00,25.2,41.504772,8.825508,1010.48987,39.1,87.5,897.0,36.0,112.0,59.25,15,21,2,5,60.34,75.79,83.18,37.25,62.15,71.135,-1.0900000000000034,41.42
2026-02-21 16:00:00,24.45,43.98406,8.827344,1010.68744,40.3,98.0,882.0,38.4,98.0,60.21,16,21,2,5,59.25,66.86,82.87,40.59,59.93333333333333,67.35833333333333,0.9600000000000009,38.77
2026-02-21 17:00:00,24.0,46.39715,9.195868,1010.58636,41.2,100.4,784.0,38.0,91.0,60.03,17,21,2,5,60.21,60.34,81.7,43.33,59.82999999999999,63.74666666666667,-0.17999999999999972,37.24
2026-02-21 18:00:00,23.2,53.024235,9.236298,1010.3846,41.7,99.0,672.0,36.4,86.0,59.01,18,21,2,5,60.03,59.25,75.79,61.6,59.75,60.95000000000001,-1.0200000000000031,36.0
2026-02-21 19:00:00,22.6,60.219727,9.437563,1010.1828,41.6,95.2,553.0,33.8,83.0,57.36,19,21,2,5,59.01,60.21,66.86,82.07,58.79999999999999,59.366666666666674,-1.6499999999999986,34.54
2026-02-21 20:00:00,21.85,68.30588,10.571074,1009.981,40.9,89.4,420.0,30.0,83.0,55.28,20,21,2,5,57.36,60.03,60.34,83.3,57.21666666666666,58.52333333333333,-2.0799999999999983,32.76
2026-02-21 21:00:00,21.55,72.74666,9.92778,1009.58044,38.4,81.3,326.0,25.7,84.0,51.92,21,21,2,5,55.28,59.01,59.25,83.18,54.85333333333333,57.30166666666667,-3.3599999999999994,30.74
2026-02-21 22:00:00,21.25,77.460724,8.65873,1008.98004,34.7,71.9,277.0,19.3,90.0,48.12,22,21,2,5,51.92,57.36,60.21,82.87,51.77333333333333,55.28666666666667,-3.8000000000000043,29.4
2026-02-21 23:00:00,21.0,80.16423,7.193247,1008.7795,31.2,61.5,268.0,12.4,97.0,44.31,23,21,2,5,48.12,55.28,60.03,81.7,48.11666666666667,52.666666666666664,-3.809999999999995,28.74
2026-02-22 00:00:00,20.4,83.97262,5.7628117,1008.5781,29.2,52.5,332.0,10.9,98.0,41.44,0,22,2,6,44.31,51.92,59.01,75.79,44.62333333333333,49.73833333333334,-2.8700000000000045,33.87
2026-02-22 01:00:00,20.65,84.5307,7.0223074,1008.97833,29.6,49.6,556.0,24.7,82.0,40.73,1,22,2,6,41.44,48.12,57.36,66.86,42.15999999999999,46.96666666666667,-0.7100000000000009,34.27
2026-02-22 02:00:00,20.75,86.96201,7.6579366,1009.1786,33.9,52.7,854.0,43.0,61.0,43.09,2,22,2,6,40.73,44.31,55.28,60.34,41.75333333333333,44.935,2.3600000000000065,37.26
2026-02-22 03:00:00,21.3,87.01274,8.197414,1009.67975,43.7,58.9,1005.0,52.1,55.0,49.7,3,22,2,6,43.09,41.44,51.92,59.25,44.50666666666666,44.565,6.609999999999999,47.41
2026-02-22 04:00:00,23.25,77.03583,8.085988,1010.2846,36.0,44.9,863.0,42.8,78.0,45.1,4,22,2,6,49.7,40.73,48.12,60.21,45.96333333333333,44.06166666666667,-4.600000000000001,44.31
2026-02-22 05:00:00,25.05,63.13693,10.088033,1010.5891,29.1,38.0,574.0,24.3,116.0,43.2,5,22,2,6,45.1,43.09,44.31,60.03,46.0,43.876666666666665,-1.8999999999999986,41.18
2026-02-22 06:00:00,26.85,51.602673,12.522619,1010.4942,26.1,38.8,354.0,9.8,146.0,44.18,6,22,2,6,43.2,49.7,41.44,59.01,44.16,44.333333333333336,0.9799999999999969,42.2
2026-02-22 07:00:00,27.55,47.509636,13.945064,1009.7967,25.0,38.9,295.0,4.9,157.0,44.56,7,22,2,6,44.18,45.1,40.73,57.36,43.98,44.971666666666664,0.38000000000000256,43.68
2026-02-22 08:00:00,27.75,47.41102,14.410121,1008.9977,23.7,37.5,306.0,4.1,160.0,43.96,8,22,2,6,44.56,43.2,43.09,55.28,44.23333333333333,45.116666666666674,-0.6000000000000014,40.18
2026-02-22 09:00:00,27.9,45.513336,14.658676,1007.9991,23.1,36.4,328.0,4.4,159.0,43.34,9,22,2,6,43.96,44.18,49.7,51.92,43.953333333333326,44.05666666666667,-0.6199999999999974,38.8
2026-02-22 10:00:00,27.7,45.60569,14.168641,1007.19916,22.9,36.2,332.0,4.2,156.0,42.72,10,22,2,6,43.34,44.56,45.1,48.12,43.339999999999996,43.660000000000004,-0.6200000000000045,38.08
2026-02-22 11:00:00,26.95,51.628498,13.432632,1006.79755,23.0,36.9,348.0,5.1,149.0,42.0,11,22,2,6,42.72,43.96,43.2,44.31,42.68666666666666,43.46,-0.7199999999999989,38.35
2026-02-22 12:00:00,25.9,58.34484,11.545284,1006.59485,21.4,36.1,405.0,9.7,141.0,40.53,12,22,2,6,42.0,43.34,44.18,41.44,41.74999999999999,42.85166666666667,-1.4699999999999989,42.62
2026-02-22 13:00:00,24.85,65.524765,9.600937,1006.99176,24.7,38.2,546.0,19.6,120.0,40.93,13,22,2,6,40.53,42.72,44.56,40.73,41.15333333333333,42.24666666666666,0.3999999999999986,39.78
2026-02-22 14:00:00,23.75,74.28299,7.44121,1007.3882,29.9,38.8,729.0,33.2,92.0,41.49,14,22,2,6,40.93,42.0,43.96,43.09,40.98333333333333,41.835,0.5600000000000023,36.53
2026-02-22 15:00:00,23.15,80.45184,6.4096174,1007.78625,32.6,40.3,859.0,43.0,70.0,41.31,15,22,2,6,41.49,40.53,43.34,49.7,41.24333333333333,41.49666666666667,-0.17999999999999972,33.64
2026-02-22 16:00:00,22.7,84.22713,8.244708,1008.28467,33.8,41.2,902.0,45.8,61.0,41.16,16,22,2,6,41.31,40.93,42.72,45.1,41.31999999999999,41.23666666666667,-0.15000000000000568,32.62
2026-02-22 17:00:00,22.35,86.30375,8.461915,1008.38367,34.0,41.8,893.0,44.9,59.0,40.94,17,22,2,6,41.16,41.49,42.0,43.2,41.136666666666656,41.06,-0.21999999999999886,32.56
2026-02-22 18:00:00,21.95,87.07231,7.0107627,1008.2828,34.7,42.7,840.0,42.3,60.0,41.24,18,22,2,6,40.94,41.31,40.53,44.18,41.11333333333332,41.178333333333335,0.30000000000000426,32.71
2026-02-22 19:00:00,21.85,87.333855,7.731623,1008.3823,34.8,42.6,720.0,38.0,62.0,40.92,19,22,2,6,41.24,41.16,40.93,44.56,41.033333333333324,41.17666666666667,-0.3200000000000003,32.25
2026-02-22 20:00:00,21.45,89.21868,7.172949,1008.481,34.6,42.5,556.0,32.1,67.0,40.66,20,22,2,6,40.92,40.94,41.49,43.96,40.94,41.038333333333334,-0.2600000000000051,31.2
2026-02-22 21:00:00,21.25,89.75953,6.519877,1008.38055,33.1,42.1,426.0,26.4,72.0,39.73,21,22,2,6,40.66,41.24,41.31,43.34,40.43666666666666,40.775,-0.9299999999999997,30.06
2026-02-22 22:00:00,21.1,90.87135,7.0774574,1007.98047,29.6,38.4,322.0,19.9,77.0,37.02,22,22,2,6,39.73,40.92,41.16,42.72,39.13666666666666,40.085,-2.7099999999999937,28.75
2026-02-22 23:00:00,20.9,91.99493,7.4672885,1007.6802,27.1,36.3,253.0,13.7,82.0,35.16,23,22,2,6,37.02,40.66,40.94,42.0,37.30333333333333,39.12166666666666,-1.8600000000000065,27.58
2026-02-23 00:00:00,20.4,91.10897,6.391901,1007.17926,28.0,37.7,321.0,12.8,82.0,35.76,0,23,2,0,35.16,39.73,41.24,40.53,35.97999999999999,38.208333333333336,0.6000000000000014,26.88
2026-02-23 01:00:00,20.35,91.96276,6.66,1007.67883,30.7,42.0,687.0,23.7,66.0,37.21,1,23,2,0,35.76,37.02,40.92,40.93,36.04333333333333,37.589999999999996,1.4500000000000028,26.08
2026-02-23 02:00:00,20.05,93.684135,6.1120534,1008.4772,38.6,51.1,1190.0,38.3,46.0,42.16,2,23,2,0,37.21,35.16,40.66,41.49,38.37666666666666,37.839999999999996,4.949999999999996,26.84
2026-02-23 03:00:00,20.3,93.40446,5.3426957,1009.3772,50.9,60.5,1449.0,45.6,40.0,50.39,3,23,2,0,42.16,35.76,39.73,41.31,43.25333333333333,39.61666666666667,8.230000000000004,30.66
2026-02-23 04:00:00,21.85,88.42406,3.7064266,1009.981,47.6,57.3,1219.0,38.6,64.0,50.65,4,23,2,0,50.39,37.21,37.02,41.16,47.73333333333333,41.88833333333333,0.259999999999998,33.06
2026-02-23 05:00:00,24.4,73.01618,7.79215,1010.3877,32.5,49.6,745.0,24.4,103.0,45.28,5,23,2,0,50.65,42.16,35.16,40.94,48.77333333333333,43.574999999999996,-5.369999999999997,33.92
2026-02-23 06:00:00,26.5,58.487164,7.388775,1010.2935,30.2,67.8,383.0,12.9,133.0,50.54,6,23,2,0,45.28,50.39,35.76,41.24,48.82333333333332,46.038333333333334,5.259999999999998,34.93
2026-02-23 07:00:00,27.95,47.16176,8.936777,1009.69775,32.2,86.8,282.0,7.9,146.0,56.54,7,23,2,0,50.54,50.65,37.21,40.92,50.78666666666666,49.26,6.0,36.11
2026-02-23 08:00:00,28.65,43.01248,10.546525,1008.80035,32.6,92.4,292.0,5.6,150.0,58.12,8,23,2,0,56.54,45.28,42.16,40.66,55.06666666666666,51.919999999999995,1.5799999999999983,37.69
2026-02-23 09:00:00,28.8,42.093727,11.238113,1008.0014,31.8,92.0,320.0,4.8,150.0,57.52,9,23,2,0,58.12,50.54,50.39,39.73,57.393333333333324,53.10833333333334,-0.5999999999999943,37.64
2026-02-23 10:00:00,28.5,43.950806,10.9859,1007.3012,31.1,89.6,326.0,4.7,146.0,56.08,10,23,2,0,57.52,56.54,50.65,37.02,57.24,54.01333333333333,-1.4400000000000048,36.66
2026-02-23 11:00:00,27.9,48.215546,10.134495,1006.9,30.5,86.8,349.0,6.1,138.0,54.22,11,23,2,0,56.08,58.12,45.28,35.16,55.94,55.50333333333333,-1.8599999999999994,35.5
2026-02-23 12:00:00,26.85,53.953472,11.521406,1006.8971,31.1,82.2,419.0,11.4,130.0,53.2,12,23,2,0,54.22,57.52,50.54,35.76,54.49999999999999,55.946666666666665,-1.019999999999996,35.62
2026-02-23 13:00:00,25.2,62.97112,10.34178,1007.69214,32.2,80.3,580.0,22.2,109.0,51.84,13,23,2,0,53.2,56.08,56.54,37.21,53.086666666666666,55.163333333333334,-1.3599999999999994,33.66
2026-02-23 14:00:00,23.6,74.95699,8.643749,1008.1873,34.6,65.9,787.0,36.9,79.0,47.86,14,23,2,0,51.84,54.22,58.12,42.16,50.96666666666667,53.45333333333334,-3.980000000000004,30.94
2026-02-23 15:00:00,23.05,81.44385,6.603817,1008.9851,35.5,62.4,935.0,47.7,56.0,45.78,15,23,2,0,47.86,53.2,57.52,50.39,48.49333333333333,51.49666666666666,-2.0799999999999983,29.04
2026-02-23 16:00:00,22.7,85.276535,7.754637,1009.4837,35.3,61.0,969.0,50.7,47.0,44.5,16,23,2,0,45.78,51.84,56.08,50.65,46.04666666666666,49.56666666666666,-1.2800000000000011,29.26
2026-02-23 17:00:00,22.25,88.73062,8.305396,1009.58234,35.0,59.5,944.0,49.6,44.0,43.44,17,23,2,0,44.5,47.86,54.22,45.28,44.57333333333333,47.77,-1.0600000000000023,30.48
2026-02-23 18:00:00,21.9,92.052925,3.4152596,1009.88116,35.7,58.6,915.0,47.7,42.0,43.02,18,23,2,0,43.44,45.78,53.2,50.54,43.65333333333333,46.07333333333333,-0.4199999999999946,31.7
2026-02-23 19:00:00,21.65,92.60855,4.5891175,1009.88055,37.0,58.6,916.0,46.5,39.0,43.04,19,23,2,0,43.02,44.5,51.84,56.54,43.166666666666664,44.60666666666666,0.01999999999999602,32.43
2026-02-23 20:00:00,21.1,94.60639,5.7964473,1009.67914,36.9,61.0,913.0,44.4,36.0,42.71,20,23,2,0,43.04,43.44,47.86,58.12,42.923333333333325,43.748333333333335,-0.3299999999999983,32.47
2026-02-23 21:00:00,20.6,95.76668,6.804381,1009.2781,36.2,64.0,858.0,40.6,36.0,42.39,21,23,2,0,42.71,43.02,45.78,57.52,42.71333333333333,43.18333333333334,-0.3200000000000003,32.04
2026-02-23 22:00:00,20.25,96.9519,6.0908127,1009.07745,36.6,68.7,674.0,32.8,41.0,43.11,22,23,2,0,42.39,43.04,44.5,56.08,42.73666666666666,42.95166666666666,0.7199999999999989,31.16
2026-02-23 23:00:00,20.05,97.2489,7.24486,1008.7769,35.9,70.8,438.0,23.3,49.0,42.96,23,23,2,0,43.11,42.71,43.44,54.22,42.81999999999999,42.87166666666667,-0.14999999999999858,30.26
2026-02-24 00:00:00,19.65,97.54389,7.5942082,1008.77576,40.7,77.5,330.0,18.3,51.0,46.24,0,24,2,1,42.96,42.39,43.02,53.2,44.10333333333333,43.40833333333334,3.280000000000001,29.24
2026-02-24 01:00:00,19.35,99.68932,7.968939,1009.17474,41.0,78.9,472.0,22.5,45.0,46.4,1,24,2,1,46.24,43.11,43.04,51.84,45.199999999999996,43.968333333333334,0.1599999999999966,28.9
2026-02-24 02:00:00,19.1,99.68873,8.155807,1009.8733,43.5,82.4,743.0,28.0,37.0,47.98,2,24,2,1,46.4,42.96,42.71,47.86,46.87333333333333,44.84666666666667,1.5799999999999983,29.64
2026-02-24 03:00:00,19.15,98.760574,8.163749,1010.6729,45.9,84.3,955.0,31.0,39.0,50.31,3,24,2,1,47.98,46.24,42.39,45.78,48.23,46.166666666666664,2.3300000000000054,32.73
2026-02-24 04:00:00,20.25,91.09927,4.942631,1011.47546,41.9,85.2,1040.0,29.3,59.0,51.24,4,24,2,1,50.31,46.4,43.11,44.5,49.84333333333333,47.52166666666667,0.9299999999999997,35.84
2026-02-24 05:00:00,23.65,68.661156,2.1674871,1011.6845,40.2,104.1,1067.0,25.0,89.0,58.02,5,24,2,1,51.24,47.98,42.96,43.44,53.19,50.031666666666666,6.780000000000001,39.22
2026-02-24 06:00:00,26.85,51.602673,2.0124612,1011.79315,37.1,94.8,1053.0,20.1,114.0,57.62,6,24,2,1,58.02,50.31,46.24,43.02,55.626666666666665,51.928333333333335,-0.4000000000000057,40.71
2026-02-24 07:00:00,28.75,40.47811,5.5829024,1011.19885,22.2,51.5,989.0,14.3,127.0,42.6,7,24,2,1,57.62,51.24,46.4,43.04,52.74666666666666,51.29500000000001,-15.019999999999996,40.07
2026-02-24 08:00:00,29.5,39.26552,7.596341,1010.4013,18.0,31.9,883.0,7.9,135.0,36.82,8,24,2,1,42.6,58.02,47.98,42.71,45.68,49.435,-5.780000000000001,40.12
2026-02-24 09:00:00,29.95,37.76873,9.82114,1009.6033,18.0,31.5,783.0,4.4,139.0,36.81,9,24,2,1,36.82,57.62,50.31,42.39,38.74333333333333,47.185,-0.00999999999999801,40.32
2026-02-24 10:00:00,29.8,37.84967,11.236671,1009.10333,18.4,33.8,686.0,5.3,139.0,37.6,10,24,2,1,36.81,42.6,51.24,43.11,37.07666666666666,44.91166666666667,0.7899999999999991,39.54
2026-02-24 11:00:00,28.95,38.85923,12.870944,1008.60156,21.3,42.6,594.0,9.0,135.0,40.77,11,24,2,1,37.6,36.82,58.02,42.96,38.39333333333334,42.03666666666667,3.1700000000000017,38.1
2026-02-24 12:00:00,28.05,41.07847,12.9625,1008.2992,29.2,63.1,556.0,15.8,121.0,47.74,12,24,2,1,40.77,36.81,57.62,46.24,42.03666666666667,40.39000000000001,6.969999999999999,37.42
2026-02-24 13:00:00,26.75,51.248394,10.03167,1008.79535,31.0,63.6,596.0,21.8,104.0,47.09,13,24,2,1,47.74,37.6,42.6,46.4,45.199999999999996,41.13833333333333,-0.6499999999999986,37.52
2026-02-24 14:00:00,25.7,55.76008,7.7983837,1009.59186,32.5,62.9,689.0,30.1,81.0,45.5,14,24,2,1,47.09,40.77,36.82,47.98,46.776666666666664,42.585,-1.5900000000000034,36.42
2026-02-24 15:00:00,24.85,60.548294,8.404285,1010.28906,30.7,56.6,814.0,36.3,62.0,41.42,15,24,2,1,45.5,47.74,36.81,50.31,44.669999999999995,43.35333333333333,-4.079999999999998,36.26
2026-02-24 16:00:00,24.15,61.552864,7.001514,1010.6868,29.7,50.9,1019.0,38.6,53.0,38.77,16,24,2,1,41.42,47.09,37.6,51.24,41.89666666666667,43.54833333333334,-2.6499999999999986,36.57
2026-02-24 17:00:00,23.8,60.886936,5.6060677,1011.0856,29.1,47.5,1254.0,38.9,49.0,37.24,17,24,2,1,38.77,45.5,40.77,58.02,39.14333333333333,42.96,-1.5300000000000011,37.03
2026-02-24 18:00:00,23.0,69.84785,4.4565907,1011.18335,28.9,44.6,1350.0,38.2,46.0,36.0,18,24,2,1,37.24,41.42,47.74,57.62,37.336666666666666,41.00333333333333,-1.240000000000002,37.31
2026-02-24 19:00:00,22.55,68.44471,6.7397914,1011.0821,28.5,41.9,1187.0,36.4,43.0,34.54,19,24,2,1,36.0,38.77,47.09,42.6,35.926666666666655,38.91166666666667,-1.4600000000000009,37.04
2026-02-24 20:00:00,21.9,71.20733,7.2,1010.9802,27.3,38.8,886.0,33.7,42.0,32.76,20,24,2,1,34.54,37.24,45.5,36.82,34.43333333333333,36.788333333333334,-1.7800000000000011,36.08
2026-02-24 21:00:00,21.45,76.03433,6.7565966,1010.67926,25.9,35.5,631.0,31.3,40.0,30.74,21,24,2,1,32.76,36.0,41.42,36.81,32.67999999999999,35.00833333333333,-2.0199999999999996,35.36
2026-02-24 22:00:00,20.95,80.919945,7.4520864,1010.4781,25.3,33.6,451.0,28.9,38.0,29.4,22,24,2,1,30.74,34.54,38.77,37.6,30.966666666666658,33.446666666666665,-1.3399999999999999,33.98
2026-02-24 23:00:00,20.5,83.19332,5.634891,1010.1771,25.4,33.1,318.0,26.8,36.0,28.74,23,24,2,1,29.4,32.76,37.24,40.77,29.62666666666666,32.03,-0.6600000000000001,32.34
2026-02-25 00:00:00,19.95,87.43665,1.9386592,1010.2755,31.7,43.9,339.0,32.6,29.0,33.87,0,25,2,2,28.74,30.74,36.0,47.74,30.669999999999998,31.675,5.129999999999999,31.24
2026-02-25 01:00:00,19.9,87.15724,3.4388947,1010.6752,33.3,45.5,659.0,37.8,19.0,34.27,1,25,2,2,33.87,29.4,34.54,47.09,32.29333333333333,31.629999999999995,0.4000000000000057,30.54
2026-02-25 02:00:00,19.4,85.20159,6.151683,1011.3729,38.6,51.0,1133.0,44.7,7.0,37.26,2,25,2,2,34.27,28.74,32.76,45.5,35.133333333333326,32.38,2.989999999999995,31.66
2026-02-25 03:00:00,20.25,72.74889,5.3517847,1012.075,52.4,62.9,1430.0,47.5,10.0,47.41,3,25,2,2,37.26,33.87,30.74,41.42,39.646666666666654,35.15833333333333,10.149999999999999,35.08
2026-02-25 04:00:00,23.15,54.5898,3.148714,1012.7822,42.5,53.2,1382.0,42.8,40.0,44.31,4,25,2,2,47.41,34.27,29.4,38.77,42.99333333333333,37.64333333333334,-3.0999999999999943,39.44
2026-02-25 05:00:00,26.4,39.430695,2.4216523,1012.8911,30.0,42.3,1157.0,34.1,84.0,41.18,5,25,2,2,44.31,37.26,28.74,37.24,44.29999999999999,39.71666666666667,-3.1300000000000026,47.58
2026-02-25 06:00:00,28.25,37.4176,3.563818,1013.09607,26.0,36.9,929.0,25.5,120.0,42.2,6,25,2,2,41.18,47.41,33.87,36.0,42.56333333333333,41.105,1.0200000000000031,56.38
2026-02-25 07:00:00,29.1,42.859665,7.344794,1012.2988,25.4,37.5,737.0,17.5,139.0,43.68,7,25,2,2,42.2,44.31,34.27,34.54,42.35333333333333,42.67333333333334,1.4799999999999969,59.48
2026-02-25 08:00:00,28.55,58.60401,11.500296,1011.398,20.9,29.6,543.0,9.7,149.0,40.18,8,25,2,2,43.68,41.18,37.26,32.76,42.019999999999996,43.16,-3.5,58.52
2026-02-25 09:00:00,28.6,53.545345,12.750811,1010.499,19.5,26.7,406.0,5.1,153.0,38.8,9,25,2,2,40.18,42.2,47.41,30.74,40.88666666666666,41.725,-1.3800000000000026,57.02
2026-02-25 10:00:00,28.75,48.287304,12.287555,1009.9998,19.3,26.3,357.0,5.5,149.0,38.08,10,25,2,2,38.8,43.68,44.31,29.4,39.019999999999996,40.68666666666667,-0.7199999999999989,55.64
2026-02-25 11:00:00,28.15,51.937054,13.397612,1009.8982,20.7,29.6,365.0,9.2,138.0,38.35,11,25,2,2,38.08,40.18,41.18,28.74,38.41,40.214999999999996,0.2700000000000031,53.4
2026-02-25 12:00:00,27.15,49.898087,13.905509,1009.7955,25.4,35.5,403.0,14.1,138.0,42.62,12,25,2,2,38.35,38.8,42.2,33.87,39.68333333333333,40.285,4.269999999999996,47.53
2026-02-25 13:00:00,26.05,58.012394,12.576836,1010.0924,25.0,34.1,486.0,21.4,115.0,39.78,13,25,2,2,42.62,38.08,43.68,34.27,40.24999999999999,39.635,-2.8399999999999963,44.82
2026-02-25 14:00:00,24.65,71.04118,10.062305,1010.5882,25.4,33.4,598.0,31.3,83.0,36.53,14,25,2,2,39.78,38.35,40.18,37.26,39.643333333333324,39.026666666666664,-3.25,40.79
2026-02-25 15:00:00,24.15,74.118675,9.54679,1011.2864,24.9,32.9,663.0,38.4,59.0,33.64,15,25,2,2,36.53,42.62,38.8,47.41,36.65,38.166666666666664,-2.8900000000000006,38.58
2026-02-25 16:00:00,23.8,74.52351,8.507737,1012.0848,25.0,33.1,643.0,40.0,50.0,32.62,16,25,2,2,33.64,39.78,38.08,44.31,34.26333333333333,37.25666666666667,-1.0200000000000031,37.06
2026-02-25 17:00:00,23.5,75.41014,5.3699164,1012.38354,25.4,33.5,576.0,38.7,49.0,32.56,17,25,2,2,32.62,36.53,38.35,41.18,32.94,36.291666666666664,-0.05999999999999517,36.16
2026-02-25 18:00:00,23.2,78.23826,5.0432134,1012.48285,26.0,34.5,504.0,36.4,49.0,32.71,18,25,2,2,32.56,33.64,42.62,42.2,32.629999999999995,34.63999999999999,0.14999999999999858,35.3
2026-02-25 19:00:00,22.65,82.92549,6.391901,1012.28143,26.0,34.6,432.0,33.2,49.0,32.25,19,25,2,2,32.71,32.62,39.78,43.68,32.50666666666666,33.385,-0.46000000000000085,34.62
2026-02-25 20:00:00,22.05,87.89471,7.0107627,1011.9798,25.1,34.0,355.0,29.0,50.0,31.2,20,25,2,2,32.25,32.56,36.53,40.18,32.05333333333333,32.49666666666666,-1.0500000000000007,34.44
2026-02-25 21:00:00,21.7,91.47461,5.0975285,1011.4792,23.9,32.8,298.0,25.0,52.0,30.06,21,25,2,2,31.2,32.71,33.64,38.8,31.169999999999998,31.900000000000002,-1.1400000000000006,34.1
2026-02-25 22:00:00,21.2,94.610344,5.3426957,1010.87854,22.6,31.3,233.0,20.6,54.0,28.75,22,25,2,2,30.06,32.25,32.62,38.08,30.00333333333333,31.255,-1.3099999999999987,34.02
2026-02-25 23:00:00,20.9,96.36979,7.4520864,1010.5778,21.4,29.4,187.0,16.3,57.0,27.58,23,25,2,2,28.75,31.2,32.56,38.35,28.796666666666663,30.424999999999997,-1.1700000000000017,33.94
2026-02-26 00:00:00,20.7,94.00553,6.048107,1010.57745,19.8,28.2,268.0,13.6,62.0,26.88,0,26,2,3,27.58,30.06,32.71,42.62,27.73666666666666,29.45333333333333,-0.6999999999999993,33.28
2026-02-26 01:00:00,20.45,93.1215,4.5820518,1010.5765,19.2,27.1,616.0,20.7,53.0,26.08,1,26,2,3,26.88,28.75,32.25,39.78,26.84666666666666,28.424999999999997,-0.8000000000000007,34.42
2026-02-26 02:00:00,19.65,96.03582,4.5,1010.97394,21.1,28.1,1091.0,30.1,41.0,26.84,2,26,2,3,26.08,27.58,31.2,36.53,26.599999999999994,27.698333333333334,0.7600000000000016,37.92
2026-02-26 03:00:00,19.8,93.088585,6.59154,1011.37427,26.3,32.0,1373.0,35.1,39.0,30.66,3,26,2,3,26.84,26.88,30.06,33.64,27.859999999999996,27.798333333333332,3.8200000000000003,42.52
2026-02-26 04:00:00,22.45,76.19246,1.3708391,1011.8812,27.2,33.1,1285.0,31.6,54.0,33.06,4,26,2,3,30.66,26.08,28.75,32.62,30.186666666666664,28.516666666666666,2.400000000000002,42.73
2026-02-26 05:00:00,24.5,71.01363,5.8048253,1012.18665,24.3,31.9,1004.0,23.6,79.0,33.92,5,26,2,3,33.06,26.84,27.58,32.56,32.54666666666666,29.573333333333334,0.8599999999999994,43.26
2026-02-26 06:00:00,26.95,59.147648,6.114703,1012.19324,22.5,29.6,745.0,16.4,102.0,34.93,6,26,2,3,33.92,30.66,26.88,32.71,33.97,30.915000000000003,1.009999999999998,44.32
2026-02-26 07:00:00,28.6,55.42133,8.281956,1011.2984,21.6,28.2,568.0,11.1,120.0,36.11,7,26,2,3,34.93,33.06,26.08,32.25,34.98666666666666,32.586666666666666,1.1799999999999997,44.7
2026-02-26 08:00:00,29.4,54.759502,10.819482,1010.3011,21.5,27.8,413.0,6.5,136.0,37.69,8,26,2,3,36.11,33.92,26.84,31.2,36.24333333333333,34.395,1.5799999999999983,44.92
2026-02-26 09:00:00,30.05,50.969933,12.351987,1009.2038,20.5,26.5,311.0,4.3,143.0,37.64,9,26,2,3,37.69,34.93,30.66,30.06,37.146666666666654,35.55833333333333,-0.04999999999999716,45.51
2026-02-26 10:00:00,30.1,47.884556,14.618837,1008.1047,20.1,26.3,284.0,5.3,137.0,36.66,10,26,2,3,37.64,36.11,33.06,28.75,37.32999999999999,36.15833333333333,-0.980000000000004,44.1
2026-02-26 11:00:00,29.75,44.00974,14.348156,1007.70416,20.7,27.7,311.0,8.7,122.0,35.5,11,26,2,3,36.66,37.69,33.92,27.58,36.599999999999994,36.42166666666666,-1.1599999999999966,41.93
2026-02-26 12:00:00,29.4,37.12873,13.021106,1007.40344,22.4,28.3,355.0,13.1,112.0,35.62,12,26,2,3,35.5,37.64,34.93,26.88,35.926666666666655,36.53666666666667,0.11999999999999744,36.07
2026-02-26 13:00:00,27.9,42.66792,12.431734,1007.69934,22.4,27.6,424.0,18.9,94.0,33.66,13,26,2,3,35.62,36.66,36.11,26.08,34.926666666666655,36.12833333333333,-1.9600000000000009,33.95
2026-02-26 14:00:00,25.95,52.200653,10.658068,1007.7938,22.1,27.0,511.0,26.6,70.0,30.94,14,26,2,3,33.66,35.5,37.69,26.84,33.40666666666666,35.00333333333333,-2.7199999999999953,33.25
2026-02-26 15:00:00,25.1,57.600845,10.464798,1008.49115,21.7,27.8,560.0,31.2,53.0,29.04,15,26,2,3,30.94,35.62,37.64,30.66,31.213333333333328,33.57,-1.9000000000000021,33.27
2026-02-26 16:00:00,24.5,63.617092,11.722133,1008.8893,21.9,30.3,545.0,29.7,52.0,29.26,16,26,2,3,29.04,33.66,36.66,33.06,29.74666666666666,32.336666666666666,0.22000000000000242,33.78
2026-02-26 17:00:00,24.2,63.551582,12.781267,1008.8883,22.3,32.9,492.0,25.0,60.0,30.48,17,26,2,3,29.26,30.94,35.5,33.92,29.59333333333333,31.5,1.2199999999999989,35.03
2026-02-26 18:00:00,23.95,64.10462,13.110376,1008.9876,23.1,35.7,430.0,20.7,66.0,31.7,18,26,2,3,30.48,29.04,35.62,34.93,30.479999999999993,30.846666666666664,1.2199999999999989,36.53
2026-02-26 19:00:00,23.85,62.67215,13.1041975,1008.7874,23.8,38.2,356.0,17.9,68.0,32.43,19,26,2,3,31.7,29.26,33.66,36.11,31.53666666666666,30.641666666666666,0.7300000000000004,37.11
2026-02-26 20:00:00,23.6,58.73102,12.9625,1008.48706,24.0,39.8,273.0,15.4,68.0,32.47,20,26,2,3,32.43,30.48,30.94,37.69,32.199999999999996,30.896666666666665,0.03999999999999915,36.97
2026-02-26 21:00:00,23.15,59.768257,12.261157,1008.38586,23.5,39.9,213.0,13.1,69.0,32.04,21,26,2,3,32.47,31.7,29.04,37.64,32.313333333333325,31.396666666666665,-0.4299999999999997,36.63
2026-02-26 22:00:00,22.8,62.638157,11.525623,1007.88525,22.4,38.9,178.0,10.2,71.0,31.16,22,26,2,3,32.04,32.43,29.26,36.66,31.889999999999997,31.713333333333335,-0.879999999999999,35.38
2026-02-26 23:00:00,22.3,73.80576,11.782784,1007.6842,21.2,37.1,166.0,7.6,74.0,30.26,23,26,2,3,31.16,32.47,30.48,35.5,31.153333333333325,31.676666666666666,-0.8999999999999986,34.26
2026-02-27 00:00:00,21.8,84.12825,12.13499,1007.58276,20.4,35.7,209.0,8.3,71.0,29.24,0,27,2,4,30.26,32.04,31.7,35.62,30.219999999999995,31.26666666666667,-1.0200000000000031,31.88
2026-02-27 01:00:00,21.55,89.22641,11.19189,1007.8818,20.3,35.3,369.0,14.9,63.0,28.9,1,27,2,4,29.24,31.16,32.43,33.66,29.466666666666665,30.67833333333333,-0.33999999999999986,31.83
2026-02-27 02:00:00,21.4,92.309166,10.472536,1008.1813,21.9,36.7,584.0,23.7,52.0,29.64,2,27,2,4,28.9,30.26,32.47,30.94,29.259999999999994,30.206666666666667,0.740000000000002,33.54
2026-02-27 03:00:00,22.1,90.377945,9.449572,1008.98254,25.7,39.9,700.0,28.3,51.0,32.73,3,27,2,4,29.64,29.24,32.04,29.04,30.42333333333333,30.321666666666662,3.0899999999999963,38.58
2026-02-27 04:00:00,23.9,80.05473,9.56713,1009.4872,25.9,44.9,619.0,24.7,68.0,35.84,4,27,2,4,32.73,28.9,31.16,29.26,32.73666666666666,31.101666666666663,3.1100000000000065,38.04
2026-02-27 05:00:00,25.85,63.113945,9.721666,1009.49225,25.5,49.2,438.0,16.9,94.0,39.22,5,27,2,4,35.84,29.64,30.26,30.48,35.92999999999999,32.595,3.3799999999999955,39.34
2026-02-27 06:00:00,27.15,54.37193,11.39842,1009.3959,24.6,48.0,299.0,10.4,115.0,40.71,6,27,2,4,39.22,32.73,29.24,31.7,38.589999999999996,34.50666666666667,1.490000000000002,44.37
2026-02-27 07:00:00,27.5,54.976933,14.410121,1008.8972,22.7,42.1,257.0,7.3,128.0,40.07,7,27,2,4,40.71,35.84,28.9,32.43,39.99999999999999,36.36833333333333,-0.6400000000000006,48.72
2026-02-27 08:00:00,27.5,54.287712,15.275627,1008.09784,22.2,39.7,256.0,5.5,135.0,40.12,8,27,2,4,40.07,39.22,29.64,32.47,40.29999999999999,38.115,0.04999999999999716,51.12
2026-02-27 09:00:00,27.55,53.78837,15.577022,1007.2987,22.2,39.0,266.0,4.8,138.0,40.32,9,27,2,4,40.12,40.71,32.73,32.04,40.169999999999995,39.38,0.20000000000000284,51.47
2026-02-27 10:00:00,27.25,54.741795,15.410776,1006.5983,22.0,38.6,273.0,4.8,134.0,39.54,10,27,2,4,40.32,40.07,35.84,31.16,39.99333333333333,39.99666666666666,-0.7800000000000011,49.93
2026-02-27 11:00:00,26.65,58.522663,15.342294,1006.29694,21.7,38.8,292.0,5.9,124.0,38.1,11,27,2,4,39.54,40.12,39.22,30.26,39.31999999999999,39.81,-1.4399999999999977,47.08
2026-02-27 12:00:00,25.75,63.29031,14.138882,1005.8948,22.6,40.5,330.0,9.1,111.0,37.42,12,27,2,4,38.1,40.32,40.71,29.24,38.35333333333333,39.26166666666666,-0.6799999999999997,45.6
2026-02-27 13:00:00,24.75,71.94995,12.5032,1006.29193,23.8,42.6,409.0,15.0,99.0,37.52,13,27,2,4,37.42,39.54,40.07,28.9,37.68,38.836666666666666,0.10000000000000142,42.51
2026-02-27 14:00:00,23.9,79.80772,10.495713,1006.4896,25.4,39.7,507.0,23.2,82.0,36.42,14,27,2,4,37.52,38.1,40.12,29.64,37.12,38.22,-1.1000000000000014,39.68
2026-02-27 15:00:00,23.6,81.76537,10.163227,1007.1881,26.8,41.1,574.0,29.6,68.0,36.26,15,27,2,4,36.42,37.42,40.32,32.73,36.73333333333333,37.54333333333333,-0.1600000000000037,37.9
2026-02-27 16:00:00,23.3,83.7741,10.070353,1007.68677,28.1,42.0,590.0,33.1,61.0,36.57,16,27,2,4,36.26,37.52,39.54,35.84,36.41666666666666,37.04833333333334,0.3100000000000023,37.55
2026-02-27 17:00:00,23.05,85.04959,9.580668,1007.7861,29.1,42.8,574.0,34.8,58.0,37.03,17,27,2,4,36.57,36.42,38.1,39.22,36.62,36.87,0.46000000000000085,38.55
2026-02-27 18:00:00,23.1,81.95676,9.257321,1007.5865,29.8,43.5,532.0,34.4,57.0,37.31,18,27,2,4,37.03,36.26,37.42,40.71,36.97,36.85166666666667,0.28000000000000114,40.87
2026-02-27 19:00:00,22.9,83.72923,8.311245,1007.7857,29.3,44.0,449.0,30.6,60.0,37.04,19,27,2,4,37.31,36.57,37.52,40.07,37.126666666666665,36.77166666666667,-0.2700000000000031,41.84
2026-02-27 20:00:00,22.7,84.75042,8.553314,1007.48535,27.6,43.4,340.0,24.7,66.0,36.08,20,27,2,4,37.04,37.03,36.42,40.12,36.809999999999995,36.715,-0.9600000000000009,39.82
2026-02-27 21:00:00,22.55,84.997444,9.087772,1007.18524,26.0,43.9,258.0,19.5,71.0,35.36,21,27,2,4,36.08,37.31,36.26,40.32,36.15999999999999,36.565000000000005,-0.7199999999999989,38.34
2026-02-27 22:00:00,22.3,86.29894,8.297589,1006.8849,24.2,43.1,211.0,15.4,73.0,33.98,22,27,2,4,35.36,37.04,36.57,39.54,35.13999999999999,36.13333333333333,-1.3800000000000026,36.32
2026-02-27 23:00:00,21.95,88.70652,7.9526596,1006.6841,22.2,40.9,192.0,12.1,75.0,32.34,23,27,2,4,33.98,36.08,37.03,38.1,33.893333333333324,35.35166666666667,-1.6399999999999935,34.25
2026-02-28 00:00:00,21.8,88.146194,8.836514,1006.48364,20.4,40.5,231.0,10.3,76.0,31.24,0,28,2,5,32.34,35.36,37.31,37.42,32.519999999999996,34.339999999999996,-1.100000000000005,33.75
2026-02-28 01:00:00,21.8,88.69444,9.54,1006.8833,19.8,38.8,393.0,15.9,70.0,30.54,1,28,2,5,31.24,33.98,37.04,37.52,31.37333333333333,33.25666666666667,-0.6999999999999993,32.46
2026-02-28 02:00:00,21.6,89.78524,9.82279,1007.6823,21.4,40.9,614.0,23.2,62.0,31.66,2,28,2,5,30.54,32.34,36.08,36.42,31.14666666666666,32.519999999999996,1.120000000000001,33.44
2026-02-28 03:00:00,22.3,86.29894,9.346143,1008.5835,24.8,45.3,730.0,26.8,64.0,35.08,3,28,2,5,31.66,31.24,35.36,36.26,32.42666666666666,32.473333333333336,3.419999999999998,36.46
2026-02-28 04:00:00,24.3,76.00857,10.03167,1009.1884,26.0,52.0,635.0,22.9,84.0,39.44,4,28,2,5,35.08,30.54,33.98,36.57,35.393333333333324,33.38333333333333,4.359999999999999,40.76
2026-02-28 05:00:00,26.05,62.76333,11.003581,1009.49286,26.7,75.0,435.0,15.2,113.0,47.58,5,28,2,5,39.44,31.66,32.34,37.03,40.699999999999996,35.92333333333333,8.14,45.87
2026-02-28 06:00:00,27.3,54.409397,11.688918,1009.7961,30.0,99.0,283.0,8.9,135.0,56.38,6,28,2,5,47.58,35.08,31.24,37.31,47.79999999999999,40.11333333333334,8.800000000000004,46.1
2026-02-28 07:00:00,28.0,52.227768,12.616703,1009.3984,31.2,106.9,240.0,6.0,144.0,59.48,7,28,2,5,56.38,39.44,30.54,37.04,54.48,44.93666666666667,3.0999999999999943,45.62
2026-02-28 08:00:00,28.3,50.517784,14.230248,1008.5996,30.5,102.7,245.0,4.5,147.0,58.52,8,28,2,5,59.48,47.58,31.66,36.08,58.126666666666665,49.413333333333334,-0.9599999999999937,46.73
2026-02-28 09:00:00,28.25,50.345055,14.970331,1007.80023,29.8,98.7,263.0,4.2,145.0,57.02,9,28,2,5,58.52,56.38,35.08,35.36,58.339999999999996,53.07,-1.5,47.4
2026-02-28 10:00:00,28.1,48.73223,14.401124,1007.39996,29.4,96.2,281.0,4.7,140.0,55.64,10,28,2,5,57.02,59.48,39.44,33.98,57.06,55.77,-1.3800000000000026,46.08
2026-02-28 11:00:00,27.7,46.94395,13.207634,1007.09924,28.8,92.7,312.0,6.4,130.0,53.4,11,28,2,5,55.64,58.52,47.58,32.34,55.353333333333325,56.74,-2.240000000000002,43.1
2026-02-28 12:00:00,26.65,55.11419,12.472065,1006.89655,25.9,76.6,359.0,10.4,118.0,47.53,12,28,2,5,53.4,57.02,56.38,31.24,52.19,55.26499999999999,-5.869999999999997,37.46
2026-02-28 13:00:00,25.15,67.673676,11.866355,1007.2921,25.8,70.5,441.0,17.8,101.0,44.82,13,28,2,5,47.53,55.64,59.48,30.54,48.583333333333336,52.821666666666665,-2.710000000000001,36.53
2026-02-28 14:00:00,23.8,81.287125,10.829958,1007.6883,26.8,56.8,538.0,27.9,79.0,40.79,14,28,2,5,44.82,53.4,58.52,31.66,44.379999999999995,49.86666666666667,-4.030000000000001,37.02
2026-02-28 15:00:00,23.25,85.33286,10.261579,1008.38617,26.8,53.9,596.0,35.0,61.0,38.58,15,28,2,5,40.79,47.53,57.02,35.08,41.396666666666654,46.79333333333333,-2.210000000000001,37.01
2026-02-28 16:00:00,22.95,86.89518,10.4166975,1008.98474,26.5,51.3,581.0,36.3,54.0,37.06,16,28,2,5,38.58,44.82,55.64,39.44,38.809999999999995,43.696666666666665,-1.519999999999996,38.25
2026-02-28 17:00:00,22.55,88.75471,10.3480425,1009.48334,26.4,49.1,527.0,34.6,53.0,36.16,17,28,2,5,37.06,40.79,53.4,47.58,37.26666666666666,40.82333333333333,-0.9000000000000057,39.14
2026-02-28 18:00:00,22.3,90.11374,8.669949,1009.5827,26.1,48.1,477.0,32.2,52.0,35.3,18,28,2,5,36.16,38.58,47.53,56.38,36.173333333333325,38.785,-0.8599999999999994,39.3
2026-02-28 19:00:00,22.1,90.937065,6.601363,1009.682,26.0,47.6,447.0,29.7,51.0,34.62,19,28,2,5,35.3,37.06,44.82,59.48,35.35999999999999,37.085,-0.6799999999999997,38.29
2026-02-28 20:00:00,21.85,91.48383,6.2483597,1009.38153,26.0,48.3,421.0,26.5,52.0,34.44,20,28,2,5,34.62,36.16,40.79,58.52,34.78666666666666,36.026666666666664,-0.17999999999999972,36.84
2026-02-28 21:00:00,21.5,92.88694,6.452441,1008.9809,26.0,49.0,393.0,23.3,52.0,34.1,21,28,2,5,34.44,35.3,38.58,57.02,34.386666666666656,35.279999999999994,-0.3399999999999963,35.16
2026-02-28 22:00:00,21.2,93.7373,6.854195,1008.7802,26.3,50.3,337.0,19.1,53.0,34.02,22,28,2,5,34.1,34.62,37.06,55.64,34.18666666666666,34.77333333333333,-0.0799999999999983,33.57
2026-02-28 23:00:00,21.15,94.02536,6.552099,1008.5804,26.5,51.1,279.0,14.8,55.0,33.94,23,28,2,5,34.02,34.44,36.16,53.4,34.019999999999996,34.403333333333336,-0.0800000000000054,32.8
2026-03-01 00:00:00,21.2,94.318565,6.9480934,1008.5804,26.5,49.2,285.0,11.9,56.0,33.28,0,1,3,6,33.94,34.1,35.3,47.53,33.74666666666666,34.06666666666667,-0.6599999999999966,35.1
2026-03-01 01:00:00,20.95,95.18745,5.6060677,1009.1792,28.5,50.6,432.0,18.0,49.0,34.42,1,1,3,6,33.28,34.02,34.62,44.82,33.879999999999995,34.03333333333333,1.1400000000000006,36.6
2026-03-01 02:00:00,20.75,95.77141,5.48631,1009.67816,33.4,56.5,644.0,26.1,40.0,37.92,2,1,3,6,34.42,33.94,34.44,40.79,35.20666666666666,34.61333333333334,3.5,39.82
2026-03-01 03:00:00,20.9,92.8557,4.510787,1010.378,38.8,61.5,760.0,30.1,42.0,42.52,3,1,3,6,37.92,33.28,34.1,38.58,38.28666666666666,36.01666666666667,4.600000000000001,42.98
2026-03-01 04:00:00,22.45,82.1317,5.0975285,1011.4815,34.6,59.5,684.0,26.2,64.0,42.73,4,1,3,6,42.52,34.42,34.02,37.06,41.056666666666665,37.468333333333334,0.20999999999999375,42.5
2026-03-01 05:00:00,24.35,68.36737,5.5829024,1011.7863,29.3,56.6,512.0,18.3,97.0,43.26,5,1,3,6,42.73,37.92,33.94,36.16,42.836666666666666,39.02166666666667,0.5300000000000011,42.78
2026-03-01 06:00:00,26.2,59.908195,6.4323244,1011.69147,27.2,51.0,373.0,11.8,125.0,44.32,6,1,3,6,43.26,42.52,33.28,35.3,43.43666666666666,40.861666666666665,1.0600000000000023,42.38
2026-03-01 07:00:00,27.2,56.30547,10.436895,1011.19464,25.3,45.1,313.0,8.5,145.0,44.7,7,1,3,6,44.32,42.73,34.42,34.62,44.09333333333333,42.575,0.38000000000000256,41.87
2026-03-01 08:00:00,27.2,58.4689,13.130133,1010.4952,23.6,40.7,285.0,6.5,160.0,44.92,8,1,3,6,44.7,43.26,37.92,34.44,44.64666666666667,43.74166666666667,0.21999999999999886,41.1
2026-03-01 09:00:00,27.25,55.787987,13.397612,1009.69586,23.6,39.7,276.0,5.8,166.0,45.51,9,1,3,6,44.92,44.32,42.52,34.1,45.04333333333333,44.24,0.5899999999999963,39.7
2026-03-01 10:00:00,27.0,56.25669,13.217443,1009.09576,22.8,38.4,277.0,5.8,161.0,44.1,10,1,3,6,45.51,44.7,42.73,34.02,44.84333333333333,44.468333333333334,-1.4099999999999966,37.61
2026-03-01 11:00:00,26.55,57.4028,12.55879,1008.8947,22.2,38.5,296.0,7.2,147.0,41.93,11,1,3,6,44.1,44.92,43.26,33.94,43.846666666666664,44.24666666666667,-2.1700000000000017,35.39
2026-03-01 12:00:00,25.65,60.732025,11.755254,1008.69257,18.3,30.5,346.0,10.8,128.0,36.07,12,1,3,6,41.93,45.51,44.32,33.28,40.699999999999996,42.87166666666667,-5.859999999999999,31.52
2026-03-01 13:00:00,24.5,68.61167,10.534229,1009.0891,17.9,29.3,450.0,18.6,109.0,33.95,13,1,3,6,36.07,44.1,44.7,34.42,37.31666666666666,41.08,-2.1199999999999974,30.28
2026-03-01 14:00:00,23.4,76.81889,8.825508,1009.48566,20.9,30.3,586.0,29.6,82.0,33.25,14,1,3,6,33.95,41.93,44.92,37.92,34.423333333333325,39.135,-0.7000000000000028,30.66
2026-03-01 15:00:00,22.9,80.9204,7.8625183,1010.08386,23.5,33.5,698.0,38.8,60.0,33.27,15,1,3,6,33.25,36.07,45.51,42.52,33.49,37.095000000000006,0.020000000000003126,30.03
2026-03-01 16:00:00,22.6,83.177505,7.3094187,1010.68243,25.4,35.7,768.0,44.9,48.0,33.78,16,1,3,6,33.27,33.95,44.1,42.73,33.43333333333333,35.375,0.509999999999998,28.98
2026-03-01 17:00:00,22.2,85.22504,6.1858225,1011.28094,27.8,38.0,815.0,49.2,41.0,35.03,17,1,3,6,33.78,33.25,41.93,43.26,34.026666666666664,34.225,1.25,27.84
2026-03-01 18:00:00,22.0,86.80719,5.6920996,1011.3803,30.5,40.4,835.0,51.0,37.0,36.53,18,1,3,6,35.03,33.27,36.07,44.32,35.11333333333332,34.30166666666667,1.5,26.78
2026-03-01 19:00:00,21.75,87.86884,5.09435,1011.5795,31.9,41.6,828.0,49.6,36.0,37.11,19,1,3,6,36.53,33.78,33.95,44.7,36.22333333333333,34.82833333333334,0.5799999999999983,25.54
2026-03-01 20:00:00,21.3,90.32236,4.724786,1011.37836,31.8,41.9,795.0,45.6,39.0,36.97,20,1,3,6,37.11,35.03,33.25,44.92,36.87,35.44833333333333,-0.14000000000000057,23.96
2026-03-01 21:00:00,20.8,93.42863,4.5891175,1011.077,31.2,42.7,733.0,40.3,43.0,36.63,21,1,3,6,36.97,36.53,33.27,45.51,36.90333333333333,36.00833333333333,-0.3399999999999963,22.32
2026-03-01 22:00:00,20.45,95.76199,4.829907,1010.8762,29.8,41.4,609.0,32.3,49.0,35.38,22,1,3,6,36.63,37.11,33.78,44.1,36.32666666666666,36.275,-1.25,20.98
2026-03-01 23:00:00,20.3,96.35354,5.509882,1010.876,28.7,39.6,456.0,22.9,57.0,34.26,23,1,3,6,35.38,36.97,35.03,41.93,35.42333333333333,36.14666666666667,-1.1200000000000045,19.88
2026-03-02 00:00:00,20.65,96.36302,6.618519,1010.97675,25.8,35.6,374.0,15.1,64.0,31.88,0,2,3,0,34.26,36.63,36.53,36.07,33.839999999999996,35.37166666666666,-2.379999999999999,19.32
2026-03-02 01:00:00,20.45,97.55856,6.297428,1011.2759,26.6,36.1,441.0,21.4,54.0,31.83,1,2,3,0,31.88,35.38,37.11,33.95,32.65666666666666,34.49166666666667,-0.05000000000000071,19.35
2026-03-02 02:00:00,20.25,99.07686,5.983477,1011.7752,29.9,39.0,578.0,29.9,42.0,33.54,2,2,3,0,31.83,34.26,36.97,33.25,32.416666666666664,33.92,1.7100000000000009,20.58
2026-03-02 03:00:00,20.3,98.7713,5.896202,1012.37476,37.5,42.8,654.0,34.1,41.0,38.58,3,2,3,0,33.54,31.88,36.63,33.27,34.65,34.245,5.039999999999999,23.94
2026-03-02 04:00:00,22.2,87.09513,7.891311,1013.0795,32.5,39.7,596.0,30.3,62.0,38.04,4,2,3,0,38.58,31.83,35.38,33.78,36.72,34.68833333333333,-0.5399999999999991,25.53
2026-03-02 05:00:00,24.8,72.40765,5.6492476,1013.3863,26.0,43.0,476.0,22.3,96.0,39.34,5,2,3,0,38.04,33.54,34.26,35.03,38.65333333333333,35.535000000000004,1.3000000000000043,27.11
2026-03-02 06:00:00,27.2,56.839615,5.771239,1013.5928,25.7,52.3,380.0,15.4,125.0,44.37,6,2,3,0,39.34,38.58,31.88,36.53,40.58333333333333,37.61666666666667,5.029999999999994,28.09
2026-03-02 07:00:00,29.0,47.29173,6.9527545,1012.99805,26.6,57.6,340.0,11.3,148.0,48.72,7,2,3,0,44.37,38.04,31.83,37.11,44.143333333333324,40.431666666666665,4.350000000000001,28.17
2026-03-02 08:00:00,29.25,51.244488,10.464797,1012.1993,26.5,58.6,325.0,8.3,166.0,51.12,8,2,3,0,48.72,39.34,33.54,36.97,48.06999999999999,43.36166666666667,2.3999999999999986,27.82
2026-03-02 09:00:00,28.4,58.20583,14.133152,1011.4976,26.1,55.5,323.0,7.1,175.0,51.47,9,2,3,0,51.12,44.37,38.58,36.63,50.43666666666666,45.51,0.3500000000000014,27.8
2026-03-02 10:00:00,27.75,56.794178,14.264361,1010.9961,25.6,53.1,334.0,7.7,169.0,49.93,10,2,3,0,51.47,48.72,38.04,35.38,50.839999999999996,47.49166666666667,-1.5399999999999991,28.03
2026-03-02 11:00:00,27.1,58.812984,12.0921955,1010.5949,24.5,51.9,358.0,10.0,153.0,47.08,11,2,3,0,49.93,51.12,39.34,34.26,49.49333333333332,48.781666666666666,-2.8500000000000014,28.13
2026-03-02 12:00:00,25.75,67.58242,10.855358,1010.691,24.9,50.9,391.0,14.1,139.0,45.6,12,2,3,0,47.08,51.47,44.37,31.88,47.53666666666666,48.98666666666666,-1.4799999999999969,28.38
2026-03-02 13:00:00,24.75,73.53179,10.134495,1011.08813,24.4,48.4,435.0,20.5,117.0,42.51,13,2,3,0,45.6,49.93,48.72,31.83,45.06333333333333,47.951666666666675,-3.0900000000000034,28.6
2026-03-02 14:00:00,23.7,80.524414,8.775807,1011.58484,25.9,47.1,487.0,29.4,86.0,39.68,14,2,3,0,42.51,47.08,51.12,33.54,42.596666666666664,46.044999999999995,-2.8299999999999983,28.98
2026-03-02 15:00:00,23.2,84.803314,8.777653,1012.383,26.3,50.2,532.0,37.1,61.0,37.9,15,2,3,0,39.68,45.6,51.47,38.58,40.029999999999994,43.78333333333333,-1.7800000000000011,29.08
2026-03-02 16:00:00,22.95,86.6279,7.2359104,1013.28125,27.5,50.9,570.0,42.8,48.0,37.55,16,2,3,0,37.9,42.51,49.93,38.04,38.37666666666666,41.72,-0.3500000000000014,29.33
2026-03-02 17:00:00,22.55,88.75471,7.072878,1013.77985,29.6,52.5,601.0,47.3,41.0,38.55,17,2,3,0,37.55,39.68,47.08,39.34,37.99999999999999,40.29833333333334,1.0,29.36
2026-03-02 18:00:00,22.35,92.07883,6.689125,1013.9791,33.2,56.7,611.0,49.2,37.0,40.87,18,2,3,0,38.55,37.9,45.6,44.37,38.98999999999999,39.51,2.3200000000000003,29.28
2026-03-02 19:00:00,22.0,93.48612,6.048107,1013.87823,35.6,57.6,596.0,47.5,36.0,41.84,19,2,3,0,40.87,37.55,42.51,48.72,40.419999999999995,39.39833333333333,0.970000000000006,28.68
2026-03-02 20:00:00,21.6,95.210526,5.854844,1013.4776,33.5,54.5,561.0,43.1,38.0,39.82,20,2,3,0,41.84,38.55,39.68,51.12,40.84333333333333,39.42166666666666,-2.020000000000003,27.59
2026-03-02 21:00:00,21.25,96.67652,7.4520864,1013.0767,31.3,54.5,505.0,37.6,41.0,38.34,21,2,3,0,39.82,40.87,37.9,51.47,40.0,39.495000000000005,-1.4799999999999969,26.6
2026-03-02 22:00:00,20.9,98.47309,7.256032,1012.6761,28.9,52.0,384.0,29.5,47.0,36.32,22,2,3,0,38.34,41.84,37.55,49.93,38.16,39.29,-2.020000000000003,25.98
2026-03-02 23:00:00,21.0,98.77775,10.094454,1012.3766,26.4,48.8,243.0,20.3,55.0,34.25,23,2,3,0,36.32,39.82,38.55,47.08,36.303333333333335,38.57333333333333,-2.0700000000000003,25.5
2026-03-03 00:00:00,21.1,97.87128,8.36758,1012.4768,27.9,49.2,210.0,20.4,46.0,33.75,0,3,3,1,34.25,38.34,40.87,45.6,34.77333333333333,37.38666666666667,-0.5,25.27
2026-03-03 01:00:00,20.35,98.46676,7.3447943,1012.5749,27.0,47.4,396.0,25.2,38.0,32.46,1,3,3,1,33.75,36.32,41.84,42.51,33.486666666666665,35.82333333333333,-1.2899999999999991,25.55
2026-03-03 02:00:00,19.7,99.073006,7.072878,1013.0725,28.8,49.8,691.0,31.5,29.0,33.44,2,3,3,1,32.46,34.25,39.82,39.68,33.21666666666666,34.76,0.9799999999999969,26.53
2026-03-03 03:00:00,20.3,94.280754,5.815978,1013.7736,32.6,51.0,892.0,34.4,32.0,36.46,3,3,3,1,33.44,33.75,38.34,37.9,34.12,34.446666666666665,3.020000000000003,29.13
2026-03-03 04:00:00,22.3,79.34004,3.7064266,1014.37885,32.7,54.6,909.0,30.9,59.0,40.76,4,3,3,1,36.46,32.46,36.32,37.55,36.88666666666666,35.18666666666667,4.299999999999997,31.98
2026-03-03 05:00:00,25.3,59.32158,3.3481934,1014.7867,31.1,60.1,832.0,24.0,98.0,45.87,5,3,3,1,40.76,33.44,34.25,38.55,41.029999999999994,37.12333333333333,5.109999999999999,36.43
2026-03-03 06:00:00,28.45,43.23548,2.5264204,1014.6951,26.7,52.3,732.0,17.6,131.0,46.1,6,3,3,1,45.87,36.46,33.75,40.87,44.24333333333332,39.181666666666665,0.23000000000000398,40.53
2026-03-03 07:00:00,30.3,33.567795,6.28713,1014.3005,24.3,43.9,607.0,12.6,152.0,45.62,7,3,3,1,46.1,40.76,32.46,41.84,45.86333333333332,41.375,-0.480000000000004,43.43
2026-03-03 08:00:00,30.3,35.1407,10.310403,1013.6011,24.4,41.4,458.0,8.0,167.0,46.73,8,3,3,1,45.62,45.87,33.44,39.82,46.15,43.59,1.1099999999999994,44.96
2026-03-03 09:00:00,30.15,33.746986,11.213581,1012.7014,25.0,40.7,357.0,5.4,173.0,47.4,9,3,3,1,46.73,46.1,36.46,38.34,46.58333333333332,45.413333333333334,0.6700000000000017,45.04
2026-03-03 10:00:00,29.7,35.784294,11.431062,1011.9009,24.7,39.3,333.0,4.5,168.0,46.08,10,3,3,1,47.4,45.62,40.76,36.32,46.73666666666666,46.300000000000004,-1.3200000000000003,44.38
2026-03-03 11:00:00,28.65,46.304092,11.448055,1011.3984,23.2,37.1,358.0,5.5,155.0,43.1,11,3,3,1,46.08,46.73,45.87,34.25,45.526666666666664,45.83833333333333,-2.979999999999997,42.68
2026-03-03 12:00:00,27.15,56.470882,10.656547,1011.7939,19.4,31.7,420.0,10.8,132.0,37.46,12,3,3,1,43.1,47.4,46.1,33.75,42.21333333333333,44.39833333333333,-5.640000000000001,39.06
2026-03-03 13:00:00,25.75,65.099556,8.93859,1012.18976,20.5,35.0,549.0,22.5,106.0,36.53,13,3,3,1,37.46,46.08,45.62,32.46,39.03,42.88333333333333,-0.9299999999999997,36.61
2026-03-03 14:00:00,24.1,77.88501,8.209263,1012.6849,25.5,39.8,715.0,38.7,70.0,37.02,14,3,3,1,36.53,43.1,46.73,33.44,37.00333333333333,41.26499999999999,0.490000000000002,34.69
2026-03-03 15:00:00,23.25,84.54752,7.029225,1013.38214,28.5,44.2,816.0,50.8,42.0,37.01,15,3,3,1,37.02,37.46,47.4,36.46,36.853333333333325,39.53333333333334,-0.010000000000005116,34.16
2026-03-03 16:00:00,22.65,87.13604,6.4624763,1013.9801,31.4,47.7,800.0,55.7,31.0,38.25,16,3,3,1,37.01,36.53,46.08,40.76,37.426666666666655,38.22833333333333,1.240000000000002,34.77
2026-03-03 17:00:00,22.05,90.653786,8.133928,1014.37787,32.9,50.1,718.0,56.5,28.0,39.14,17,3,3,1,38.25,37.02,43.1,45.87,38.133333333333326,37.568333333333335,0.8900000000000006,35.79
2026-03-03 18:00:00,21.55,95.79646,9.080639,1014.3765,33.3,51.5,621.0,54.3,28.0,39.3,18,3,3,1,39.14,37.01,37.46,46.1,38.89666666666667,37.875,0.1599999999999966,36.27
2026-03-03 19:00:00,21.3,97.27451,10.583326,1014.1761,32.4,51.1,512.0,48.1,31.0,38.29,19,3,3,1,39.3,38.25,36.53,45.62,38.91,38.16833333333333,-1.009999999999998,35.78
2026-03-03 20:00:00,20.95,98.47366,9.504272,1013.87537,30.5,50.3,389.0,38.9,38.0,36.84,20,3,3,1,38.29,39.14,37.02,46.73,38.143333333333324,38.138333333333335,-1.4499999999999957,35.24
2026-03-03 21:00:00,20.8,98.47194,10.086427,1013.47504,28.3,49.1,293.0,30.6,44.0,35.16,21,3,3,1,36.84,39.3,37.01,47.4,36.76333333333333,37.83,-1.6800000000000068,33.94
2026-03-03 22:00:00,20.9,94.59844,8.39657,1012.9758,26.5,47.8,233.0,23.7,48.0,33.57,22,3,3,1,35.16,38.29,38.25,46.08,35.19,37.05,-1.5899999999999963,33.67
2026-03-03 23:00:00,20.55,95.76516,7.3469996,1012.775,25.7,48.2,201.0,17.7,51.0,32.8,23,3,3,1,33.57,36.84,39.14,43.1,33.84333333333333,35.99333333333333,-0.7700000000000031,33.96
2026-03-04 00:00:00,20.2,97.553986,7.193247,1012.67413,29.1,54.9,216.0,16.8,47.0,35.1,0,4,3,2,32.8,35.16,39.3,37.46,33.82333333333333,35.29333333333333,2.3000000000000043,35.2
2026-03-04 01:00:00,20.1,95.45358,5.9834766,1013.47314,30.9,57.7,321.0,21.1,43.0,36.6,1,4,3,2,35.1,33.57,38.29,36.53,34.83333333333332,35.01166666666666,1.5,36.18
2026-03-04 02:00:00,19.9,96.94391,5.2478566,1014.07245,34.7,63.8,472.0,26.7,38.0,39.82,2,4,3,2,36.6,32.8,36.84,37.02,37.17333333333333,35.50833333333333,3.219999999999999,38.57
2026-03-04 03:00:00,20.3,94.868935,5.983477,1014.97266,37.6,68.5,561.0,28.9,41.0,42.98,3,4,3,2,39.82,35.1,35.16,37.01,39.79999999999999,36.81166666666667,3.1599999999999966,44.05
2026-03-04 04:00:00,22.1,82.86063,7.5942082,1015.6771,32.7,68.2,524.0,24.4,59.0,42.5,4,4,3,2,42.98,36.6,33.57,38.25,41.76666666666666,38.300000000000004,-0.4799999999999969,47.27
2026-03-04 05:00:00,24.05,70.70898,5.4149795,1016.08215,29.7,63.6,425.0,16.4,85.0,42.78,5,4,3,2,42.5,39.82,32.8,39.14,42.75333333333333,39.96333333333333,0.28000000000000114,53.08
2026-03-04 06:00:00,26.2,52.76892,7.3447943,1015.98804,27.4,54.9,341.0,10.0,108.0,42.38,6,4,3,2,42.78,42.98,35.1,39.3,42.553333333333335,41.17666666666667,-0.3999999999999986,61.72
2026-03-04 07:00:00,27.45,47.330704,10.464797,1015.5919,25.4,47.6,299.0,7.0,124.0,41.87,7,4,3,2,42.38,42.5,36.6,38.29,42.343333333333334,42.055,-0.5100000000000051,70.41
2026-03-04 08:00:00,27.85,46.683956,11.453715,1014.89343,23.3,41.1,273.0,5.5,136.0,41.1,8,4,3,2,41.87,42.78,39.82,36.84,41.78333333333333,42.26833333333333,-0.769999999999996,75.24
2026-03-04 09:00:00,28.05,43.125713,12.287555,1013.9947,21.3,35.6,263.0,5.2,141.0,39.7,9,4,3,2,41.1,42.38,42.98,35.16,40.88999999999999,41.721666666666664,-1.3999999999999986,75.36
2026-03-04 10:00:00,27.7,42.75128,12.74954,1013.3942,19.6,31.4,271.0,5.5,138.0,37.61,10,4,3,2,39.7,41.87,42.5,33.57,39.46999999999999,40.906666666666666,-2.0900000000000034,72.82
2026-03-04 11:00:00,27.0,45.122425,12.638513,1012.7927,18.6,28.5,295.0,6.9,129.0,35.39,11,4,3,2,37.61,41.1,42.78,32.8,37.56666666666666,39.675000000000004,-2.219999999999999,68.82
2026-03-04 12:00:00,25.45,60.49469,12.791403,1012.6887,16.5,25.2,334.0,10.5,111.0,31.52,12,4,3,2,35.39,39.7,42.38,35.1,34.839999999999996,37.865,-3.870000000000001,62.74
2026-03-04 13:00:00,24.25,69.865486,12.0720825,1013.0853,16.9,24.6,403.0,18.7,94.0,30.28,13,4,3,2,31.52,37.61,41.87,36.6,32.39666666666666,35.93333333333333,-1.2399999999999984,57.43
2026-03-04 14:00:00,23.15,76.06417,11.334284,1013.58167,20.7,26.6,487.0,29.9,70.0,30.66,14,4,3,2,30.28,35.39,41.1,39.82,30.819999999999993,34.193333333333335,0.379999999999999,48.98
2026-03-04 15:00:00,22.7,75.2808,11.132385,1014.27985,21.9,27.8,540.0,37.1,53.0,30.03,15,4,3,2,30.66,31.52,39.7,42.98,30.323333333333334,32.58166666666666,-0.629999999999999,44.4
2026-03-04 16:00:00,22.3,77.13255,9.19939,1014.8784,21.4,27.0,544.0,36.9,49.0,28.98,16,4,3,2,30.03,30.28,37.61,42.5,29.889999999999997,31.143333333333334,-1.0500000000000007,41.86
2026-03-04 17:00:00,21.75,80.26524,8.242743,1014.97675,20.5,25.1,516.0,32.8,51.0,27.84,17,4,3,2,28.98,30.66,35.39,42.78,28.95,29.885,-1.1400000000000006,40.38
2026-03-04 18:00:00,21.4,84.08401,8.699793,1014.97577,19.4,23.1,469.0,28.1,55.0,26.78,18,4,3,2,27.84,30.03,31.52,42.38,27.866666666666664,29.095,-1.0599999999999987,39.97
2026-03-04 19:00:00,21.3,85.398224,8.723967,1014.67566,17.9,21.0,390.0,23.6,59.0,25.54,19,4,3,2,26.78,28.98,30.28,41.87,26.719999999999995,28.305000000000003,-1.240000000000002,41.39
2026-03-04 20:00:00,21.05,87.5347,8.699793,1014.2754,15.8,18.4,290.0,18.5,64.0,23.96,20,4,3,2,25.54,27.84,30.66,41.1,25.426666666666662,27.188333333333333,-1.5799999999999983,42.98
2026-03-04 21:00:00,20.8,88.337006,9.179999,1013.7748,13.6,15.9,215.0,14.3,68.0,22.32,21,4,3,2,23.96,26.78,30.03,39.7,23.939999999999998,25.903333333333336,-1.6400000000000006,44.3
2026-03-04 22:00:00,20.7,87.77789,9.582358,1013.2752,12.0,14.2,168.0,10.9,70.0,20.98,22,4,3,2,22.32,25.54,28.98,37.61,22.419999999999998,24.570000000000004,-1.3399999999999999,44.99
2026-03-04 23:00:00,20.65,89.7152,9.983106,1012.9751,10.8,12.9,145.0,8.3,71.0,19.88,23,4,3,2,20.98,23.96,27.84,35.39,21.059999999999995,23.243333333333336,-1.1000000000000014,44.01
2026-03-05 00:00:00,20.9,93.43345,11.003581,1012.6761,10.0,12.7,181.0,8.5,70.0,19.32,0,5,3,3,19.88,22.32,26.78,31.52,20.059999999999995,22.0,-0.5599999999999987,42.94
2026-03-05 01:00:00,21.0,92.57342,10.609316,1013.1759,10.3,12.7,342.0,14.7,63.0,19.35,1,5,3,3,19.32,20.98,25.54,30.28,19.516666666666662,20.968333333333334,0.030000000000001137,44.62
2026-03-05 02:00:00,20.9,91.424995,10.3621235,1013.4754,12.5,14.8,561.0,22.8,53.0,20.58,2,5,3,3,19.35,19.88,23.96,30.66,19.749999999999996,20.405,1.2299999999999969,48.36
2026-03-05 03:00:00,21.8,86.25066,9.568824,1014.0775,16.6,19.0,675.0,26.9,52.0,23.94,3,5,3,3,20.58,19.32,22.32,30.03,21.289999999999996,20.675,3.360000000000003,52.5
2026-03-05 04:00:00,24.0,73.17476,12.57426,1014.4832,16.2,19.8,579.0,22.8,67.0,25.53,4,5,3,3,23.94,19.35,20.98,28.98,23.349999999999994,21.433333333333334,1.5899999999999999,46.52
2026-03-05 05:00:00,25.9,60.980907,14.508715,1014.8882,14.7,19.6,377.0,14.6,91.0,27.11,5,5,3,3,25.53,20.58,19.88,27.84,25.52666666666666,22.638333333333335,1.5799999999999983,48.05
2026-03-05 06:00:00,26.65,58.15537,16.280798,1014.99005,13.4,19.2,225.0,8.0,109.0,28.09,6,5,3,3,27.11,23.94,19.32,26.78,26.909999999999997,24.099999999999998,0.9800000000000004,53.92
2026-03-05 07:00:00,27.4,53.92086,16.404707,1014.7921,12.5,18.7,187.0,5.2,116.0,28.17,7,5,3,3,28.09,25.53,19.35,25.54,27.789999999999996,25.570000000000004,0.08000000000000185,57.73
2026-03-05 08:00:00,27.85,50.400726,16.919998,1013.8942,12.0,19.0,198.0,4.1,116.0,27.82,8,5,3,3,28.17,27.11,20.58,23.96,28.02666666666666,26.776666666666667,-0.3500000000000014,57.94
2026-03-05 09:00:00,27.95,45.673416,17.108522,1012.89526,12.0,20.5,217.0,4.0,114.0,27.8,9,5,3,3,27.82,28.09,23.94,22.32,27.929999999999996,27.42,-0.019999999999999574,55.8
2026-03-05 10:00:00,27.45,46.726315,17.134071,1011.99475,12.8,23.1,229.0,4.4,109.0,28.03,10,5,3,3,27.8,28.17,25.53,20.98,27.88333333333333,27.83666666666667,0.23000000000000043,53.22
2026-03-05 11:00:00,26.6,52.87103,16.65754,1011.29297,13.9,25.8,250.0,5.8,101.0,28.13,11,5,3,3,28.03,27.82,27.11,19.88,27.98666666666666,28.00666666666667,0.09999999999999787,50.66
2026-03-05 12:00:00,25.55,61.093582,16.572712,1011.0904,15.6,27.5,280.0,8.5,92.0,28.38,12,5,3,3,28.13,27.8,28.09,19.32,28.179999999999996,28.055000000000003,0.25,47.12
2026-03-05 13:00:00,24.55,67.55368,16.011908,1011.2873,17.1,29.9,330.0,13.8,80.0,28.6,13,5,3,3,28.38,28.03,28.17,19.35,28.369999999999994,28.126666666666665,0.22000000000000242,45.2
2026-03-05 14:00:00,23.7,75.91391,14.133153,1011.48486,19.6,31.3,389.0,21.1,65.0,28.98,14,5,3,3,28.6,28.13,27.82,20.58,28.653333333333325,28.320000000000004,0.379999999999999,42.98
2026-03-05 15:00:00,23.3,82.235435,11.837651,1011.68353,21.0,33.8,431.0,25.8,53.0,29.08,15,5,3,3,28.98,28.38,27.8,23.94,28.886666666666667,28.53333333333333,0.09999999999999787,42.32
2026-03-05 16:00:00,23.0,85.835266,11.9466305,1012.2824,21.7,35.4,451.0,26.0,50.0,29.33,16,5,3,3,29.08,28.6,28.03,25.53,29.129999999999995,28.75,0.25,42.32
2026-03-05 17:00:00,22.8,86.61381,11.525623,1012.38165,21.9,36.0,453.0,23.7,51.0,29.36,17,5,3,3,29.33,28.98,28.13,27.11,29.25666666666666,28.955,0.030000000000001137,42.9
2026-03-05 18:00:00,22.7,87.40978,12.0653715,1012.4813,22.0,36.1,427.0,20.7,53.0,29.28,18,5,3,3,29.36,29.08,28.38,28.09,29.323333333333327,29.105,-0.0799999999999983,45.2
2026-03-05 19:00:00,22.7,89.3146,12.6462,1011.78186,21.3,35.3,348.0,17.1,56.0,28.68,19,5,3,3,29.28,29.33,28.6,28.17,29.106666666666666,29.118333333333336,-0.6000000000000014,48.26
2026-03-05 20:00:00,22.6,89.858215,13.021106,1011.2819,19.9,33.6,240.0,12.8,60.0,27.59,20,5,3,3,28.68,29.36,28.98,27.82,28.516666666666662,28.88666666666667,-1.0899999999999999,49.0
2026-03-05 21:00:00,22.55,89.8546,13.493999,1010.88226,18.7,32.0,161.0,9.3,63.0,26.6,21,5,3,3,27.59,29.28,29.08,27.8,27.62333333333333,28.473333333333333,-0.9899999999999984,47.53
2026-03-05 22:00:00,22.35,92.07883,13.708391,1010.1822,17.9,31.3,133.0,6.8,65.0,25.98,22,5,3,3,26.6,28.68,29.33,28.03,26.72333333333333,27.914999999999996,-0.620000000000001,46.24
2026-03-05 23:00:00,22.5,90.96318,14.275713,1009.9827,17.3,30.2,134.0,5.1,67.0,25.5,23,5,3,3,25.98,27.59,29.36,28.13,26.02666666666666,27.271666666666665,-0.4800000000000004,44.1
2026-03-06 00:00:00,22.55,89.57851,14.887859,1009.6832,17.4,29.9,158.0,5.6,65.0,25.27,0,6,3,4,25.5,26.6,29.28,28.38,25.58333333333333,26.603333333333335,-0.23000000000000043,45.12
2026-03-06 01:00:00,22.7,89.58966,14.414617,1009.8834,18.1,30.3,224.0,9.6,60.0,25.55,1,6,3,4,25.27,25.98,28.68,28.6,25.439999999999998,26.081666666666667,0.28000000000000114,45.92
2026-03-06 02:00:00,22.5,91.52378,13.327294,1010.2825,19.7,31.7,314.0,14.9,54.0,26.53,2,6,3,4,25.55,25.5,27.59,28.98,25.78333333333333,25.905,0.9800000000000004,49.44
2026-03-06 03:00:00,23.4,86.1392,14.101021,1010.98444,22.2,37.1,366.0,17.7,53.0,29.13,3,6,3,4,26.53,25.27,26.6,29.08,27.069999999999997,26.326666666666668,2.599999999999998,54.14
2026-03-06 04:00:00,25.05,75.89182,14.545515,1011.48834,21.7,46.8,343.0,15.5,63.0,31.98,4,6,3,4,29.13,25.55,25.98,29.33,29.213333333333328,27.326666666666668,2.8500000000000014,48.2
2026-03-06 05:00:00,26.4,69.193535,15.299999,1011.8919,22.6,57.5,282.0,10.9,80.0,36.43,5,6,3,4,31.98,26.53,25.5,29.36,32.51333333333333,29.148333333333337,4.449999999999999,50.4
2026-03-06 06:00:00,27.75,61.590183,15.146761,1011.9953,24.3,66.8,235.0,7.1,93.0,40.53,6,6,3,4,36.43,29.13,25.27,29.28,36.31333333333333,31.691666666666666,4.100000000000001,53.74
2026-03-06 07:00:00,28.65,57.72449,15.84409,1011.6981,25.5,73.6,221.0,5.4,101.0,43.43,7,6,3,4,40.53,31.98,25.55,28.68,40.129999999999995,34.671666666666674,2.8999999999999986,53.23
2026-03-06 08:00:00,28.95,57.9751,16.02101,1010.8997,26.3,76.1,222.0,4.6,106.0,44.96,8,6,3,4,43.43,36.43,26.53,27.59,42.97333333333333,37.74333333333333,1.5300000000000011,51.29
2026-03-06 09:00:00,29.0,57.986904,16.215992,1009.9005,26.5,75.2,232.0,4.7,107.0,45.04,9,6,3,4,44.96,40.53,29.13,26.6,44.47666666666666,40.395,0.0799999999999983,49.14
2026-03-06 10:00:00,28.75,60.12089,15.405519,1009.20044,27.0,73.1,250.0,5.4,103.0,44.38,10,6,3,4,45.04,43.43,31.98,25.98,44.79333333333333,42.461666666666666,-0.6599999999999966,46.52
2026-03-06 11:00:00,28.15,62.83366,14.297258,1008.59924,27.0,69.4,277.0,7.0,95.0,42.68,11,6,3,4,44.38,44.96,36.43,25.5,44.033333333333324,43.50333333333333,-1.7000000000000028,44.81
2026-03-06 12:00:00,27.2,70.85034,13.055896,1008.29694,24.5,61.2,317.0,10.1,87.0,39.06,12,6,3,4,42.68,45.04,40.53,25.27,42.04,43.25833333333333,-3.6199999999999974,43.17
2026-03-06 13:00:00,25.9,75.560555,12.358542,1008.59326,24.4,53.9,381.0,16.9,74.0,36.61,13,6,3,4,39.06,44.38,43.43,25.55,39.449999999999996,42.12166666666666,-2.450000000000003,42.16
2026-03-06 14:00:00,24.75,82.41035,10.853866,1008.98975,25.7,46.8,457.0,26.2,57.0,34.69,14,6,3,4,36.61,42.68,44.96,26.53,36.78666666666666,40.410000000000004,-1.9200000000000017,41.25
2026-03-06 15:00:00,24.15,88.07313,9.54679,1009.4878,26.1,47.6,509.0,32.3,45.0,34.16,15,6,3,4,34.69,39.06,45.04,29.13,35.15333333333333,38.59666666666667,-0.5300000000000011,40.26
2026-03-06 16:00:00,23.8,90.21929,9.0018,1009.7866,26.5,50.9,528.0,32.6,43.0,34.77,16,6,3,4,34.16,36.61,44.38,31.98,34.53999999999999,36.995,0.6100000000000065,40.4
2026-03-06 17:00:00,23.55,90.20181,8.64,1009.98584,27.0,54.6,524.0,29.8,46.0,35.79,17,6,3,4,34.77,34.69,42.68,36.43,34.90666666666666,35.84666666666667,1.019999999999996,40.84
2026-03-06 18:00:00,23.35,91.01823,8.647496,1009.8854,27.4,56.3,490.0,26.4,49.0,36.27,18,6,3,4,35.79,34.16,39.06,40.53,35.60999999999999,35.38166666666667,0.480000000000004,40.86
2026-03-06 19:00:00,23.25,91.84951,8.6867485,1009.78503,27.0,55.9,406.0,23.0,51.0,35.78,19,6,3,4,36.27,34.77,36.61,43.43,35.94666666666666,35.24333333333333,-0.490000000000002,40.43
2026-03-06 20:00:00,23.1,92.40349,7.922045,1009.5849,26.1,56.1,293.0,19.1,54.0,35.24,20,6,3,4,35.78,35.79,34.69,44.96,35.76333333333333,35.335,-0.5399999999999991,38.16
2026-03-06 21:00:00,22.95,92.67807,7.2202215,1009.1846,24.6,54.5,209.0,15.6,56.0,33.94,21,6,3,4,35.24,36.27,34.16,45.04,34.98666666666666,35.29833333333334,-1.3000000000000043,35.4
2026-03-06 22:00:00,22.7,93.23372,7.458606,1008.7843,23.4,56.3,151.0,12.4,59.0,33.67,22,6,3,4,33.94,35.78,34.77,44.38,34.283333333333324,35.115,-0.269999999999996,33.17
2026-03-06 23:00:00,22.7,91.817055,7.9465466,1008.6844,22.6,59.6,123.0,9.6,62.0,33.96,23,6,3,4,33.67,35.24,35.79,42.68,33.85666666666666,34.81,0.28999999999999915,31.6
2026-03-07 00:00:00,22.5,92.93859,7.353611,1008.58386,23.5,64.3,196.0,9.6,61.0,35.2,0,7,3,5,33.96,33.94,36.27,39.06,34.276666666666664,34.63166666666667,1.240000000000002,32.16
2026-03-07 01:00:00,22.5,93.50987,7.1389914,1008.8836,24.9,66.4,480.0,15.7,54.0,36.18,1,7,3,5,35.2,33.67,35.78,36.61,35.11333333333333,34.69833333333333,0.9799999999999969,33.2
2026-03-07 02:00:00,22.1,95.22816,5.904439,1009.682,28.1,71.0,866.0,23.8,45.0,38.57,2,7,3,5,36.18,33.96,35.24,34.69,36.65,35.25333333333333,2.3900000000000006,37.06
2026-03-07 03:00:00,23.2,93.54289,6.601363,1010.2846,33.6,81.3,1094.0,28.3,45.0,44.05,3,7,3,5,38.57,35.2,33.94,34.16,39.599999999999994,36.93833333333333,5.479999999999997,40.74
2026-03-07 04:00:00,24.8,84.712296,6.0347,1010.7883,32.7,89.4,1014.0,25.9,61.0,47.27,4,7,3,5,44.05,36.18,33.67,34.77,43.29666666666666,39.205000000000005,3.220000000000006,42.04
2026-03-07 05:00:00,26.55,75.663506,4.965521,1011.2927,34.0,101.7,777.0,19.9,85.0,53.08,5,7,3,5,47.27,38.57,33.96,35.79,48.133333333333326,42.391666666666666,5.809999999999995,44.14
2026-03-07 06:00:00,27.9,68.21595,8.0899935,1011.69617,38.0,122.5,571.0,14.5,107.0,61.72,6,7,3,5,53.08,44.05,35.2,36.27,54.02333333333333,46.81166666666667,8.64,42.96
2026-03-07 07:00:00,28.75,64.33132,10.404249,1011.19885,42.5,143.9,460.0,10.9,125.0,70.41,7,7,3,5,61.72,47.27,36.18,35.78,61.73666666666666,52.51666666666667,8.689999999999998,40.41
2026-03-07 08:00:00,29.45,60.09558,11.345712,1010.4013,44.7,152.7,380.0,8.0,141.0,75.24,8,7,3,5,70.41,53.08,38.57,35.24,69.12333333333333,58.62833333333333,4.829999999999998,38.56
2026-03-07 09:00:00,29.75,58.163685,12.221457,1009.60266,44.7,149.0,335.0,6.7,148.0,75.36,9,7,3,5,75.24,61.72,44.05,33.94,73.66999999999999,63.846666666666664,0.12000000000000455,37.05
2026-03-07 10:00:00,29.55,58.296192,12.606426,1009.00275,43.9,142.5,333.0,7.1,142.0,72.82,10,7,3,5,75.36,70.41,47.27,33.67,74.47333333333331,68.105,-2.5400000000000063,35.46
2026-03-07 11:00:00,28.8,60.87925,12.229406,1008.70087,42.7,134.6,366.0,9.0,128.0,68.82,11,7,3,5,72.82,75.24,53.08,33.96,72.33333333333333,70.72833333333332,-4.0,33.3
2026-03-07 12:00:00,27.45,67.919106,11.345712,1009.09705,39.9,117.8,409.0,13.2,115.0,62.74,12,7,3,5,68.82,75.36,61.72,35.2,68.12666666666667,70.89833333333333,-6.079999999999991,33.96
2026-03-07 13:00:00,26.15,74.45107,10.34178,1009.4932,38.0,102.2,458.0,20.9,99.0,57.43,13,7,3,5,62.74,72.82,70.41,36.18,62.99666666666667,68.735,-5.310000000000002,34.11
2026-03-07 14:00:00,24.9,81.9259,8.29173,1009.9893,35.7,74.3,518.0,31.5,77.0,48.98,14,7,3,5,57.43,68.82,75.24,38.57,56.383333333333326,64.35833333333333,-8.450000000000003,36.15
2026-03-07 15:00:00,24.25,87.54643,7.120815,1010.58734,33.4,64.0,581.0,39.3,60.0,44.4,15,7,3,5,48.98,62.74,75.36,44.05,50.26999999999999,59.19833333333333,-4.579999999999998,36.37
2026-03-07 16:00:00,23.9,90.50133,5.920878,1011.5856,32.4,56.6,661.0,41.6,54.0,41.86,16,7,3,5,44.4,57.43,72.82,47.27,45.07999999999999,54.038333333333334,-2.539999999999999,36.32
2026-03-07 17:00:00,23.6,92.4309,5.9427266,1011.88434,31.8,51.8,745.0,41.1,53.0,40.38,17,7,3,5,41.86,48.98,68.82,53.08,42.21333333333333,49.29833333333334,-1.4799999999999969,36.24
2026-03-07 18:00:00,23.3,95.559875,6.302571,1011.9833,32.0,49.5,785.0,39.8,54.0,39.97,18,7,3,5,40.38,44.4,62.74,61.72,40.73666666666666,45.50333333333333,-0.4100000000000037,35.39
2026-03-07 19:00:00,23.15,96.137474,5.7628117,1011.9829,34.0,51.9,756.0,38.4,55.0,41.39,19,7,3,5,39.97,41.86,57.43,70.41,40.57999999999999,42.82999999999999,1.4200000000000017,34.39
2026-03-07 20:00:00,22.8,97.601074,4.913044,1011.48236,35.9,55.3,683.0,36.1,57.0,42.98,20,7,3,5,41.39,40.38,48.98,75.24,41.446666666666665,41.83,1.5899999999999963,33.34
2026-03-07 21:00:00,22.5,99.39411,4.5,1011.08185,37.7,58.4,596.0,32.8,59.0,44.3,21,7,3,5,42.98,39.97,44.4,75.36,42.889999999999986,41.81333333333333,1.3200000000000003,32.6
2026-03-07 22:00:00,22.35,98.79006,4.510787,1010.7817,39.2,60.8,474.0,26.2,62.0,44.99,22,7,3,5,44.3,41.39,41.86,72.82,44.089999999999996,42.335,0.6900000000000048,31.48
2026-03-07 23:00:00,22.15,99.09001,4.6102495,1010.2815,39.2,60.1,337.0,18.6,64.0,44.01,23,7,3,5,44.99,42.98,40.38,68.82,44.43333333333333,42.94,-0.980000000000004,30.5
2026-03-08 00:00:00,21.35,99.38884,2.9301877,1010.47906,38.8,57.4,273.0,15.4,65.0,42.94,0,8,3,6,44.01,44.3,39.97,62.74,43.98,43.435,-1.0700000000000003,30.64
2026-03-08 01:00:00,21.2,99.08344,2.1068459,1010.77856,42.0,60.5,348.0,26.8,50.0,44.62,1,8,3,6,42.94,44.99,41.39,57.43,43.856666666666655,43.97333333333333,1.6799999999999997,30.83
2026-03-08 02:00:00,21.15,99.08314,1.9881649,1011.3781,48.3,67.1,496.0,41.9,30.0,48.36,2,8,3,6,44.62,44.01,42.98,48.98,45.306666666666665,44.87,3.740000000000002,33.34
2026-03-08 03:00:00,21.35,98.176346,2.7534704,1012.2776,54.2,68.9,604.0,49.5,28.0,52.5,3,8,3,6,48.36,42.94,44.3,44.4,48.49333333333333,46.23666666666666,4.140000000000001,36.91
2026-03-08 04:00:00,22.5,89.299324,4.323748,1012.9803,39.6,57.6,627.0,42.3,59.0,46.52,4,8,3,6,52.5,44.62,44.99,41.86,49.126666666666665,46.49166666666667,-5.979999999999997,36.6
2026-03-08 05:00:00,24.8,75.61834,3.563818,1013.3863,32.5,58.8,611.0,27.6,106.0,48.05,5,8,3,6,46.52,48.36,44.01,40.38,49.02333333333333,47.165,1.529999999999994,38.99
2026-03-08 06:00:00,26.4,70.05301,6.5049515,1013.5906,33.8,65.4,573.0,15.6,144.0,53.92,6,8,3,6,48.05,52.5,42.94,39.97,49.49666666666667,48.995000000000005,5.8700000000000045,45.06
2026-03-08 07:00:00,27.55,65.07339,8.827344,1013.19403,34.6,72.2,503.0,10.3,163.0,57.73,7,8,3,6,53.92,46.52,44.62,41.39,53.23333333333333,51.18,3.809999999999995,52.36
2026-03-08 08:00:00,28.05,64.1827,9.7565975,1012.296,33.5,71.2,412.0,7.7,172.0,57.94,8,8,3,6,57.73,48.05,48.36,42.98,56.529999999999994,52.776666666666664,0.21000000000000085,56.8
2026-03-08 09:00:00,28.6,59.347145,10.348043,1011.3984,30.9,66.1,353.0,6.9,174.0,55.8,9,8,3,6,57.94,53.92,52.5,44.3,57.15666666666666,53.32666666666666,-2.1400000000000006,59.03
2026-03-08 10:00:00,28.65,57.72449,11.079873,1010.6989,28.8,63.6,355.0,7.0,167.0,53.22,10,8,3,6,55.8,57.73,46.52,44.99,55.65333333333333,54.443333333333335,-2.5799999999999983,59.2
2026-03-08 11:00:00,28.1,58.68075,11.079873,1010.2976,27.8,63.1,390.0,8.9,152.0,50.66,11,8,3,6,53.22,57.94,48.05,44.01,53.22666666666666,54.87833333333333,-2.5600000000000023,59.25
2026-03-08 12:00:00,27.1,63.386566,9.587428,1010.3951,26.1,58.4,427.0,14.3,135.0,47.12,12,8,3,6,50.66,55.8,53.92,42.94,50.33333333333332,53.745,-3.539999999999999,58.02
2026-03-08 13:00:00,25.7,75.06612,8.641874,1010.8908,26.5,56.9,449.0,25.1,112.0,45.2,13,8,3,6,47.12,53.22,57.73,44.62,47.65999999999999,51.656666666666666,-1.9199999999999946,59.47
2026-03-08 14:00:00,24.35,86.49427,7.889259,1011.58655,29.5,51.1,472.0,40.1,80.0,42.98,14,8,3,6,45.2,50.66,57.94,48.36,45.099999999999994,49.16333333333333,-2.220000000000006,56.92
2026-03-08 15:00:00,23.75,91.32152,6.8541956,1012.1843,31.7,52.0,515.0,52.1,55.0,42.32,15,8,3,6,42.98,47.12,55.8,52.5,43.5,46.916666666666664,-0.6599999999999966,60.58
2026-03-08 16:00:00,23.45,92.1416,6.5024605,1012.8832,33.3,53.0,609.0,58.5,42.0,42.32,16,8,3,6,42.32,45.2,53.22,46.52,42.53999999999999,45.1,0.0,65.62
2026-03-08 17:00:00,23.1,93.25339,5.5916004,1012.8822,34.9,54.5,724.0,62.0,35.0,42.9,17,8,3,6,42.32,42.98,50.66,48.05,42.51333333333333,43.80666666666667,0.5799999999999983,68.34
2026-03-08 18:00:00,22.55,97.89426,4.846648,1012.9805,38.5,59.3,780.0,62.9,31.0,45.2,18,8,3,6,42.9,42.32,47.12,53.92,43.47333333333333,43.48666666666667,2.3000000000000043,69.62
2026-03-08 19:00:00,22.35,98.189926,4.3274937,1013.1798,42.6,66.4,735.0,61.2,30.0,48.26,19,8,3,6,45.2,42.32,45.2,57.73,45.453333333333326,43.99666666666667,3.059999999999995,69.31
2026-03-08 20:00:00,22.15,97.291725,4.5820518,1012.67957,43.7,69.8,631.0,56.9,31.0,49.0,20,8,3,6,48.26,42.9,42.98,57.94,47.48666666666666,45.0,0.740000000000002,69.18
2026-03-08 21:00:00,21.75,99.08725,5.1919937,1012.0791,41.7,69.8,525.0,50.8,34.0,47.53,21,8,3,6,49.0,45.2,42.32,55.8,48.26333333333333,45.86833333333333,-1.4699999999999989,68.21
2026-03-08 22:00:00,21.65,99.390236,6.050785,1011.57916,40.4,70.5,396.0,40.6,39.0,46.24,22,8,3,6,47.53,48.26,42.32,53.22,47.589999999999996,46.52166666666667,-1.2899999999999991,67.22
2026-03-08 23:00:00,21.45,99.3893,6.279395,1011.47864,38.5,69.2,265.0,28.4,45.0,44.1,23,8,3,6,46.24,49.0,42.9,50.66,45.95666666666667,46.721666666666664,-2.1400000000000006,67.06
2026-03-09 00:00:00,21.3,99.08415,6.601363,1011.4783,39.6,73.3,242.0,26.1,45.0,45.12,0,9,3,0,44.1,47.53,45.2,47.12,45.15333333333333,46.708333333333336,1.019999999999996,66.56
2026-03-09 01:00:00,21.35,96.678986,5.154415,1011.97784,41.4,75.9,444.0,32.9,34.0,45.92,1,9,3,0,45.12,46.24,48.26,45.2,45.04666666666666,46.31833333333333,0.8000000000000043,64.68
2026-03-09 02:00:00,21.1,97.57044,3.745557,1012.17706,46.9,83.6,755.0,41.8,20.0,49.44,2,9,3,0,45.92,44.1,49.0,42.98,46.82666666666666,46.39166666666667,3.519999999999996,65.06
2026-03-09 03:00:00,21.45,95.49888,3.319036,1012.7775,54.7,84.8,942.0,45.5,20.0,54.14,3,9,3,0,49.44,45.12,47.53,42.32,49.833333333333336,47.49333333333333,4.700000000000003,65.98
2026-03-09 04:00:00,23.25,81.97524,3.8521678,1013.38214,41.2,74.3,880.0,38.9,46.0,48.2,4,9,3,0,54.14,45.92,46.24,42.32,50.59333333333333,47.81999999999999,-5.939999999999998,65.27
2026-03-09 05:00:00,25.75,66.12419,4.1556225,1013.5887,33.9,82.4,696.0,27.1,86.0,50.4,5,9,3,0,48.2,49.44,44.1,42.9,50.91333333333333,48.87,2.1999999999999957,57.08
2026-03-09 06:00:00,28.5,52.026596,6.0077944,1013.69617,32.9,84.3,531.0,17.2,119.0,53.74,6,9,3,0,50.4,54.14,45.12,45.2,50.779999999999994,50.306666666666665,3.3400000000000034,48.8
2026-03-09 07:00:00,30.55,42.03467,7.289444,1013.40186,31.3,75.7,428.0,11.6,138.0,53.23,7,9,3,0,53.74,48.2,45.92,48.26,52.456666666666656,51.525,-0.5100000000000051,45.16
2026-03-09 08:00:00,31.6,36.66392,9.659814,1012.7049,29.6,64.7,345.0,8.0,149.0,51.29,8,9,3,0,53.23,50.4,49.44,49.0,52.75333333333333,51.833333333333336,-1.9399999999999977,45.81
2026-03-09 09:00:00,31.85,34.32871,11.276968,1011.8066,27.8,56.5,304.0,6.6,153.0,49.14,9,9,3,0,51.29,53.74,54.14,47.53,51.21999999999999,51.0,-2.1499999999999986,50.32
2026-03-09 10:00:00,31.6,34.370888,11.435313,1011.30597,26.1,51.1,325.0,7.0,148.0,46.52,10,9,3,0,49.14,53.23,48.2,46.24,48.98333333333333,50.72,-2.6199999999999974,54.63
2026-03-09 11:00:00,31.0,36.14548,10.934166,1011.005,26.0,50.6,389.0,9.6,135.0,44.81,11,9,3,0,46.52,51.29,50.4,44.1,46.82333333333333,49.788333333333334,-1.7100000000000009,65.26
2026-03-09 12:00:00,30.0,42.01817,9.614426,1010.50256,26.5,48.2,459.0,16.2,119.0,43.17,12,9,3,0,44.81,49.14,53.74,45.12,44.833333333333336,48.026666666666664,-1.6400000000000006,56.38
2026-03-09 13:00:00,27.95,55.261505,8.287822,1011.0967,27.8,48.8,539.0,29.3,94.0,42.16,13,9,3,0,43.17,46.52,53.23,45.92,43.379999999999995,46.181666666666665,-1.0100000000000051,51.02
2026-03-09 14:00:00,25.8,70.15739,6.9247384,1011.59064,30.6,49.2,626.0,47.4,60.0,41.25,14,9,3,0,42.16,44.81,51.29,49.44,42.19333333333333,44.50833333333333,-0.9099999999999966,46.34
2026-03-09 15:00:00,24.65,80.64895,6.206738,1012.087,31.5,51.2,676.0,61.1,34.0,40.26,15,9,3,0,41.25,43.17,49.14,54.14,41.22333333333333,43.028333333333336,-0.990000000000002,42.9
2026-03-09 16:00:00,24.15,85.686104,5.2939587,1012.68524,32.8,53.1,669.0,67.2,22.0,40.4,16,9,3,0,40.26,42.16,46.52,48.2,40.63666666666666,42.00833333333333,0.14000000000000057,42.72
2026-03-09 17:00:00,23.7,89.39042,5.771239,1013.0836,34.2,54.2,623.0,69.0,17.0,40.84,17,9,3,0,40.4,41.25,44.81,50.4,40.5,41.34666666666667,0.44000000000000483,45.82
2026-03-09 18:00:00,23.2,94.11442,7.0038276,1013.38214,34.7,54.7,554.0,66.8,17.0,40.86,18,9,3,0,40.84,40.26,43.17,53.74,40.699999999999996,40.961666666666666,0.01999999999999602,48.77
2026-03-09 19:00:00,22.7,96.712105,7.7043357,1013.3806,34.1,56.0,445.0,59.2,22.0,40.43,19,9,3,0,40.86,40.4,42.16,53.23,40.709999999999994,40.67333333333333,-0.4299999999999997,52.48
2026-03-09 20:00:00,22.4,97.89186,7.1684303,1013.28,31.2,53.7,311.0,47.8,31.0,38.16,20,9,3,0,40.43,40.84,41.25,51.29,39.81666666666666,40.15833333333333,-2.270000000000003,58.0
2026-03-09 21:00:00,22.1,98.48679,7.256032,1012.7795,27.8,50.2,213.0,37.4,39.0,35.4,21,9,3,0,38.16,40.86,40.26,49.14,37.99666666666666,39.348333333333336,-2.759999999999998,64.18
2026-03-09 22:00:00,21.95,98.78645,7.145796,1012.57935,25.1,48.5,168.0,28.8,44.0,33.17,22,9,3,0,35.4,40.43,40.4,46.52,35.57666666666666,38.14333333333333,-2.229999999999997,68.44
2026-03-09 23:00:00,21.8,98.48338,8.55142,1012.8785,23.2,48.0,159.0,21.3,48.0,31.6,23,9,3,0,33.17,38.16,40.84,44.81,33.38999999999999,36.60333333333333,-1.5700000000000003,69.6
2026-03-10 00:00:00,21.95,98.1845,8.404285,1012.8791,23.7,52.2,197.0,17.8,48.0,32.16,0,10,3,1,31.6,35.4,40.86,43.17,32.309999999999995,35.153333333333336,0.5599999999999952,67.78
2026-03-10 01:00:00,21.65,98.783745,5.9427266,1013.4776,25.1,55.3,325.0,23.9,40.0,33.2,1,10,3,1,32.16,33.17,40.43,42.16,32.31999999999999,33.94833333333333,1.0400000000000063,68.92
2026-03-10 02:00:00,21.45,98.78187,5.4744864,1013.8767,30.2,63.3,500.0,32.0,30.0,37.06,2,10,3,1,33.2,31.6,38.16,41.25,34.13999999999999,33.765,3.8599999999999994,72.26
2026-03-10 03:00:00,21.7,97.88083,5.441838,1014.3769,35.2,66.4,602.0,35.7,30.0,40.74,3,10,3,1,37.06,32.16,35.4,40.26,37.0,34.655,3.6799999999999997,74.25
2026-03-10 04:00:00,22.8,89.597115,5.854844,1015.07947,32.6,68.0,560.0,30.9,50.0,42.04,4,10,3,1,40.74,33.2,33.17,40.4,39.94666666666666,36.13333333333333,1.2999999999999972,75.11
2026-03-10 05:00:00,26.05,67.642204,6.299999,1015.588,28.9,71.5,444.0,21.6,81.0,44.14,5,10,3,1,42.04,37.06,31.6,40.84,42.306666666666665,38.22333333333333,2.1000000000000014,81.66
2026-03-10 06:00:00,29.25,48.419445,8.2584505,1015.49664,25.9,60.1,347.0,13.9,106.0,42.96,6,10,3,1,44.14,40.74,32.16,40.86,43.04666666666666,40.02333333333333,-1.1799999999999997,88.81
2026-03-10 07:00:00,31.25,35.404236,10.717182,1015.0025,22.6,47.6,298.0,9.6,121.0,40.41,7,10,3,1,42.96,42.04,33.2,40.43,42.50333333333333,41.225,-2.5500000000000043,93.8
2026-03-10 08:00:00,32.35,24.314192,12.251905,1014.3058,20.1,38.5,268.0,6.7,132.0,38.56,8,10,3,1,40.41,44.14,37.06,38.16,40.643333333333324,41.475,-1.8499999999999943,92.88
2026-03-10 09:00:00,32.6,19.34701,12.638512,1013.50714,18.6,32.6,261.0,5.5,136.0,37.05,9,10,3,1,38.56,42.96,40.74,35.4,38.673333333333325,40.86,-1.5100000000000051,90.05
2026-03-10 10:00:00,31.95,20.988148,13.070776,1012.90576,17.5,29.2,275.0,5.1,134.0,35.46,10,10,3,1,37.05,40.41,42.04,33.17,37.02333333333333,39.76333333333333,-1.5899999999999963,84.82
2026-03-10 11:00:00,30.9,25.526484,12.245293,1012.20374,16.5,26.7,313.0,6.4,125.0,33.3,11,10,3,1,35.46,38.56,44.14,31.6,35.26999999999999,37.95666666666667,-2.1600000000000037,79.06
2026-03-10 12:00:00,29.65,35.537136,10.7894945,1011.7006,20.1,29.4,383.0,12.2,108.0,33.96,12,10,3,1,33.3,37.05,42.96,32.16,34.239999999999995,36.45666666666667,0.6600000000000037,74.52
2026-03-10 13:00:00,27.5,53.43685,9.096681,1011.99475,22.3,32.9,521.0,25.2,84.0,34.11,13,10,3,1,33.96,35.46,40.41,33.2,33.79,35.406666666666666,0.14999999999999858,68.98
2026-03-10 14:00:00,25.3,72.72033,7.256032,1012.5885,28.2,39.9,692.0,42.8,51.0,36.15,14,10,3,1,34.11,33.3,38.56,37.06,34.74,35.005,2.039999999999999,63.22
2026-03-10 15:00:00,24.25,81.34416,6.66,1013.0853,30.6,43.9,803.0,54.9,27.0,36.37,15,10,3,1,36.15,33.96,37.05,40.74,35.54333333333333,34.891666666666666,0.21999999999999886,58.92
2026-03-10 16:00:00,23.7,86.96404,6.638072,1013.4833,31.3,45.3,809.0,56.4,21.0,36.32,16,10,3,1,36.37,34.11,35.46,42.04,36.279999999999994,35.035,-0.04999999999999716,55.68
2026-03-10 17:00:00,23.05,91.55738,7.3821945,1013.5814,31.3,45.8,754.0,52.2,24.0,36.24,17,10,3,1,36.32,36.15,33.3,44.14,36.309999999999995,35.525,-0.0799999999999983,54.64
2026-03-10 18:00:00,22.7,95.2492,7.8149853,1013.7802,30.3,45.1,677.0,46.8,28.0,35.39,18,10,3,1,36.24,36.37,33.96,42.96,35.98333333333333,35.76333333333333,-0.8500000000000014,55.76
2026-03-10 19:00:00,22.6,96.12175,6.77575,1013.68,29.5,44.2,573.0,41.0,31.0,34.39,19,10,3,1,35.39,36.32,34.11,40.41,35.339999999999996,35.81,-1.0,56.39
2026-03-10 20:00:00,22.35,96.114555,6.489992,1013.47955,28.3,43.5,446.0,33.9,36.0,33.34,20,10,3,1,34.39,36.24,36.15,38.56,34.37333333333333,35.34166666666667,-1.0499999999999972,55.52
2026-03-10 21:00:00,21.95,96.10302,6.9480934,1013.0789,27.0,44.2,347.0,27.4,41.0,32.6,21,10,3,1,33.34,35.39,36.37,37.05,33.44333333333333,34.71333333333333,-0.740000000000002,51.68
2026-03-10 22:00:00,21.75,94.34149,6.924738,1012.97833,25.2,43.5,281.0,20.9,47.0,31.48,22,10,3,1,32.6,34.39,36.32,35.46,32.47333333333333,33.906666666666666,-1.120000000000001,45.96
2026-03-10 23:00:00,21.0,94.60242,5.4744864,1012.77625,23.9,42.5,242.0,15.0,52.0,30.5,23,10,3,1,31.48,33.34,36.24,33.3,31.52666666666666,32.949999999999996,-0.9800000000000004,41.44
2026-03-11 00:00:00,21.25,95.492226,7.342588,1012.67706,24.3,43.9,269.0,14.7,50.0,30.64,0,11,3,2,30.5,32.6,35.39,33.96,30.87333333333333,32.15833333333334,0.14000000000000057,40.81
2026-03-11 01:00:00,20.8,96.367096,6.193674,1013.07544,25.0,44.4,432.0,21.0,42.0,30.83,1,11,3,2,30.64,31.48,34.39,34.11,30.656666666666663,31.564999999999998,0.18999999999999773,39.79
2026-03-11 02:00:00,20.25,96.9519,4.3536186,1013.4739,29.0,48.2,660.0,29.3,32.0,33.34,2,11,3,2,30.83,30.5,33.34,36.15,31.603333333333328,31.564999999999998,2.510000000000005,41.12
2026-03-11 03:00:00,21.7,95.214066,6.21717,1014.2769,34.3,49.9,777.0,33.2,32.0,36.91,3,11,3,2,33.34,30.64,32.6,36.37,33.69333333333333,32.28333333333333,3.569999999999993,43.95
2026-03-11 04:00:00,23.85,86.712036,5.720489,1014.9824,30.5,47.8,668.0,28.6,50.0,36.6,4,11,3,2,36.91,30.83,31.48,36.32,35.61666666666667,33.13666666666667,-0.30999999999999517,51.51
2026-03-11 05:00:00,26.7,68.40186,8.821836,1015.29016,29.2,49.5,447.0,19.6,77.0,38.99,5,11,3,2,36.6,33.34,30.5,36.24,37.49999999999999,34.55166666666667,2.3900000000000006,58.76
2026-03-11 06:00:00,28.35,60.77744,11.720751,1015.19434,31.0,63.6,280.0,12.3,100.0,45.06,6,11,3,2,38.99,36.91,30.64,35.39,40.21666666666666,36.955000000000005,6.07,54.54
2026-03-11 07:00:00,29.25,58.04594,12.835653,1014.6973,34.5,82.0,238.0,8.7,116.0,52.36,7,11,3,2,45.06,36.6,30.83,34.39,45.46999999999999,40.54333333333334,7.299999999999997,53.87
2026-03-11 08:00:00,29.65,58.140182,13.32,1013.69904,36.7,92.0,250.0,6.7,127.0,56.8,8,11,3,2,52.36,38.99,33.34,33.34,51.40666666666666,44.45333333333334,4.439999999999998,55.52
2026-03-11 09:00:00,29.85,58.008343,13.306615,1012.4007,37.3,99.0,274.0,6.2,131.0,59.03,9,11,3,2,56.8,45.06,36.91,32.6,56.06333333333333,48.13999999999999,2.230000000000004,53.54
2026-03-11 10:00:00,29.55,59.20115,14.182355,1011.7006,37.4,104.3,293.0,6.9,124.0,59.2,10,11,3,2,59.03,52.36,36.6,31.48,58.34333333333333,51.906666666666666,0.1700000000000017,49.38
2026-03-11 11:00:00,28.9,62.03697,13.125196,1011.1991,37.7,113.4,325.0,9.1,109.0,59.25,11,11,3,2,59.2,56.8,38.99,30.5,59.16,55.28333333333333,0.04999999999999716,44.38
2026-03-11 12:00:00,27.8,71.39336,12.193589,1010.8966,36.8,120.6,379.0,12.3,91.0,58.02,12,11,3,2,59.25,59.03,45.06,30.64,58.82333333333333,57.44333333333333,-1.2299999999999969,43.46
2026-03-11 13:00:00,26.65,77.5451,10.966713,1011.0932,39.0,128.5,477.0,21.1,74.0,59.47,13,11,3,2,58.02,59.2,52.36,30.83,58.91333333333333,58.62833333333333,1.4499999999999957,39.88
2026-03-11 14:00:00,25.65,84.03423,8.996398,1011.6901,41.8,117.8,597.0,33.1,50.0,56.92,14,11,3,2,59.47,59.25,56.8,33.34,58.13666666666666,58.64833333333334,-2.549999999999997,38.5
2026-03-11 15:00:00,25.15,85.265785,9.292254,1011.78845,45.8,132.2,691.0,40.9,34.0,60.58,15,11,3,2,56.92,58.02,59.03,36.91,58.98999999999999,58.906666666666666,3.6599999999999966,38.24
2026-03-11 16:00:00,24.85,83.18128,8.647496,1011.98773,49.9,149.5,747.0,40.8,31.0,65.62,16,11,3,2,60.58,59.47,59.2,36.6,61.03999999999999,59.97666666666667,5.040000000000006,37.72
2026-03-11 17:00:00,24.55,79.89573,7.029225,1011.98676,53.3,154.1,775.0,36.5,36.0,68.34,17,11,3,2,65.62,56.92,59.25,38.99,64.84666666666666,61.491666666666674,2.719999999999999,36.25
2026-03-11 18:00:00,24.25,80.3488,6.361415,1011.98615,55.4,155.1,760.0,31.7,41.0,69.62,18,11,3,2,68.34,60.58,58.02,45.06,67.86,63.42500000000001,1.2800000000000011,34.37
2026-03-11 19:00:00,24.15,78.86172,6.7853074,1011.3863,56.6,150.9,673.0,27.2,45.0,69.31,19,11,3,2,69.62,65.62,59.47,52.36,69.08999999999999,65.065,-0.3100000000000023,32.76
2026-03-11 20:00:00,24.15,77.651665,8.11798,1011.2864,56.9,149.5,541.0,22.2,50.0,69.18,20,11,3,2,69.31,68.34,56.92,56.8,69.36999999999999,67.10833333333333,-0.12999999999999545,31.64
2026-03-11 21:00:00,24.1,78.1264,8.656858,1010.5866,56.5,145.8,431.0,18.0,54.0,68.21,21,11,3,2,69.18,69.62,60.58,59.03,68.89999999999999,68.38000000000001,-0.9700000000000131,31.11
2026-03-11 22:00:00,23.85,80.048,8.849339,1010.2862,55.9,143.4,355.0,14.6,56.0,67.22,22,11,3,2,68.21,69.31,65.62,59.2,68.20333333333332,68.64666666666666,-0.9899999999999949,29.46
2026-03-11 23:00:00,23.55,81.50693,7.8149853,1009.98584,55.5,144.8,301.0,12.0,57.0,67.06,23,11,3,2,67.22,69.18,68.34,59.25,67.49666666666666,68.43333333333332,-0.1599999999999966,27.72
2026-03-12 00:00:00,23.0,89.61194,7.388775,1009.8844,55.2,143.0,299.0,10.1,59.0,66.56,0,12,3,3,67.06,68.21,69.62,58.02,66.94666666666666,67.92333333333333,-0.5,27.58
2026-03-12 01:00:00,22.55,92.656784,9.499158,1010.2827,55.1,136.9,399.0,17.0,48.0,64.68,1,12,3,3,66.56,67.22,69.31,59.47,66.09999999999998,67.15166666666667,-1.8799999999999955,27.59
2026-03-12 02:00:00,22.65,85.80055,10.24578,1010.78265,57.0,138.3,551.0,26.3,33.0,65.06,2,12,3,3,64.68,67.06,69.18,56.92,65.43333333333332,66.465,0.37999999999999545,29.72
2026-03-12 03:00:00,23.8,67.19032,10.6261,1011.0856,59.5,136.0,636.0,31.2,29.0,65.98,3,12,3,3,65.06,66.56,68.21,60.58,65.24,66.09333333333333,0.9200000000000017,35.27
2026-03-12 04:00:00,26.2,39.24442,10.8672905,1011.69147,57.4,129.0,586.0,27.8,44.0,65.27,4,12,3,3,65.98,64.68,67.22,65.62,65.43666666666665,65.76833333333333,-0.710000000000008,43.64
2026-03-12 05:00:00,28.9,25.688719,11.837652,1011.7986,44.9,105.5,470.0,20.2,70.0,57.08,5,12,3,3,65.27,65.06,67.06,68.34,62.77666666666665,64.105,-8.189999999999998,52.45
2026-03-12 06:00:00,31.75,26.45084,9.220499,1011.6064,35.2,75.4,372.0,13.5,94.0,48.8,6,12,3,3,57.08,65.98,66.56,69.62,57.04999999999999,61.145,-8.280000000000001,46.92
2026-03-12 07:00:00,34.0,21.501379,8.942214,1010.9127,28.5,62.9,319.0,9.2,113.0,45.16,7,12,3,3,48.8,65.27,64.68,69.31,50.34666666666666,57.89166666666667,-3.6400000000000006,40.06
2026-03-12 08:00:00,35.05,19.083157,11.230904,1010.0162,25.4,64.3,284.0,6.0,129.0,45.81,8,12,3,3,45.16,57.08,65.06,69.18,46.589999999999996,54.68333333333334,0.6500000000000057,36.52
2026-03-12 09:00:00,35.2,18.479984,13.878688,1008.9174,27.5,76.6,272.0,4.7,137.0,50.32,9,12,3,3,45.81,48.8,65.98,68.21,47.09666666666666,52.07333333333333,4.509999999999998,35.09
2026-03-12 10:00:00,34.3,21.72216,15.146761,1008.3153,30.3,92.4,282.0,6.0,134.0,54.63,10,12,3,3,50.32,45.16,65.27,67.22,50.25333333333333,50.300000000000004,4.310000000000002,34.44
2026-03-12 11:00:00,33.25,23.981468,13.86,1007.8132,38.5,130.9,314.0,9.2,123.0,65.26,11,12,3,3,54.63,45.81,57.08,67.06,56.73666666666666,51.663333333333334,10.630000000000003,34.72
2026-03-12 12:00:00,33.05,21.481268,12.882267,1007.91254,37.3,100.8,374.0,14.1,103.0,56.38,12,12,3,3,65.26,50.32,48.8,66.56,58.75666666666666,52.92666666666667,-8.880000000000003,33.32
2026-03-12 13:00:00,30.55,30.981539,11.656998,1008.00604,36.1,84.1,495.0,21.7,86.0,51.02,13,12,3,3,56.38,54.63,45.16,64.68,57.55333333333332,53.903333333333336,-5.359999999999999,33.91
2026-03-12 14:00:00,28.05,43.96941,9.676569,1008.4991,35.9,71.5,644.0,31.9,62.0,46.34,14,12,3,3,51.02,65.26,45.81,65.06,51.24666666666666,53.991666666666674,-4.68,32.62
2026-03-12 15:00:00,26.9,51.451202,8.936778,1008.8955,34.6,65.0,729.0,38.0,46.0,42.9,15,12,3,3,46.34,56.38,50.32,65.98,46.75333333333333,52.755,-3.440000000000005,30.82
2026-03-12 16:00:00,26.3,56.08548,11.885453,1009.49347,34.8,66.6,686.0,36.0,44.0,42.72,16,12,3,3,42.9,51.02,54.63,65.27,43.98666666666666,50.77,-0.17999999999999972,29.92
2026-03-12 17:00:00,26.05,54.44214,10.062305,1009.7926,36.7,78.2,579.0,29.9,49.0,45.82,17,12,3,3,42.72,46.34,65.26,57.08,43.813333333333325,47.53,3.1000000000000014,29.59
2026-03-12 18:00:00,25.7,58.482304,9.208192,1009.9915,38.4,88.9,507.0,24.6,54.0,48.77,18,12,3,3,45.82,42.9,56.38,48.8,45.76999999999999,46.26166666666666,2.950000000000003,29.78
2026-03-12 19:00:00,25.6,61.104946,10.158444,1009.3918,40.6,102.7,509.0,21.6,56.0,52.48,19,12,3,3,48.77,42.72,51.02,45.16,49.02333333333332,46.505,3.7099999999999937,30.03
2026-03-12 20:00:00,25.35,63.004143,11.375658,1009.2911,44.2,122.9,546.0,19.5,56.0,58.0,20,12,3,3,52.48,45.82,46.34,45.81,53.08333333333332,48.44833333333333,5.520000000000003,30.36
2026-03-12 21:00:00,24.85,66.56206,10.644379,1008.5905,48.3,144.8,601.0,18.8,55.0,64.18,21,12,3,3,58.0,48.77,42.9,50.32,58.21999999999999,51.995000000000005,6.180000000000007,30.26
2026-03-12 22:00:00,24.25,67.069855,8.836514,1008.08936,51.6,160.2,666.0,19.7,51.0,68.44,22,12,3,3,64.18,52.48,42.72,54.63,63.53999999999999,56.281666666666666,4.259999999999991,29.33
2026-03-12 23:00:00,23.5,66.07406,6.552099,1007.6874,53.9,163.0,749.0,22.0,45.0,69.6,23,12,3,3,68.44,58.0,45.82,65.26,67.40666666666665,60.245,1.1599999999999966,28.34
2026-03-13 00:00:00,22.25,77.36758,5.7852573,1007.6839,54.7,155.5,851.0,25.2,37.0,67.78,0,13,3,4,69.6,64.18,48.77,56.38,68.60666666666665,63.413333333333334,-1.8199999999999932,28.3
2026-03-13 01:00:00,22.05,75.65088,7.4346757,1007.98303,57.3,157.4,1004.0,31.6,27.0,68.92,1,13,3,4,67.78,68.44,52.48,51.02,68.76666666666665,66.15333333333332,1.1400000000000006,28.71
2026-03-13 02:00:00,21.75,70.27801,7.040739,1008.582,63.3,162.5,1175.0,40.1,14.0,72.26,2,13,3,4,68.92,69.6,58.0,46.34,69.65333333333332,68.53,3.3400000000000034,29.95
2026-03-13 03:00:00,22.85,58.741413,5.6492476,1009.1842,74.3,141.1,1274.0,44.2,15.0,74.25,3,13,3,4,72.26,67.78,64.18,42.9,71.80999999999999,70.20833333333333,1.9899999999999949,32.8
2026-03-13 04:00:00,25.75,42.770756,3.62243,1009.8916,64.3,154.1,1264.0,39.9,41.0,75.11,4,13,3,4,74.25,68.92,68.44,42.72,73.87333333333333,71.32,0.8599999999999994,37.75
2026-03-13 05:00:00,29.1,30.889734,1.9134263,1010.0007,61.5,170.4,1180.0,31.2,81.0,81.66,5,13,3,4,75.11,72.26,69.6,45.82,77.00666666666666,73.33,6.549999999999997,43.85
2026-03-13 06:00:00,30.75,30.32678,5.09435,1010.1048,62.9,182.5,1038.0,23.1,116.0,88.81,6,13,3,4,81.66,74.25,67.78,48.77,81.86,76.835,7.150000000000006,51.13
2026-03-13 07:00:00,31.45,33.448193,10.464797,1009.607,64.3,190.0,791.0,16.7,141.0,93.8,7,13,3,4,88.81,75.11,68.92,52.48,88.08999999999999,80.98166666666667,4.989999999999995,48.56
2026-03-13 08:00:00,32.55,26.224876,11.983188,1009.0103,62.6,179.7,485.0,10.9,160.0,92.88,8,13,3,4,93.8,81.66,72.26,58.0,91.83,84.41833333333334,-0.9200000000000017,45.71
2026-03-13 09:00:00,33.6,14.018532,13.627795,1007.81415,60.3,168.6,274.0,7.5,167.0,90.05,9,13,3,4,92.88,88.81,74.25,64.18,92.24333333333333,87.05166666666666,-2.8299999999999983,44.43
2026-03-13 10:00:00,32.85,15.41931,14.975741,1007.3126,57.0,160.7,230.0,7.2,154.0,84.82,10,13,3,4,90.05,93.8,75.11,68.44,89.24999999999999,88.67,-5.230000000000004,43.43
2026-03-13 11:00:00,31.4,20.6361,14.178928,1006.80914,53.9,156.9,280.0,9.2,129.0,79.06,11,13,3,4,84.82,92.88,81.66,69.6,84.64333333333332,88.23666666666666,-5.759999999999991,44.26
2026-03-13 12:00:00,30.1,27.36056,13.737904,1006.90564,51.6,161.6,360.0,12.3,97.0,74.52,12,13,3,4,79.06,90.05,88.81,67.78,79.46666666666665,85.855,-4.540000000000006,34.9
2026-03-13 13:00:00,27.9,43.08449,11.298495,1007.2996,49.8,145.3,477.0,19.1,81.0,68.98,13,13,3,4,74.52,84.82,93.8,68.92,74.18666666666667,81.71833333333332,-5.539999999999992,35.2
2026-03-13 14:00:00,26.05,62.371067,9.565437,1007.69434,49.1,127.1,624.0,28.3,60.0,63.22,14,13,3,4,68.98,79.06,92.88,72.26,68.90666666666665,76.77499999999999,-5.760000000000005,35.5
2026-03-13 15:00:00,25.4,66.67448,8.604301,1008.192,46.7,118.5,713.0,34.1,45.0,58.92,15,13,3,4,63.22,74.52,90.05,74.25,63.706666666666656,71.58666666666667,-4.299999999999997,34.08
2026-03-13 16:00:00,25.25,64.38457,10.801499,1008.69135,44.5,110.4,703.0,33.7,42.0,55.68,16,13,3,4,58.92,68.98,84.82,75.11,59.27333333333332,66.73,-3.240000000000002,32.7
2026-03-13 17:00:00,25.2,56.713478,10.337079,1008.9911,43.3,108.0,635.0,29.9,46.0,54.64,17,13,3,4,55.68,63.22,79.06,81.66,56.41333333333333,62.660000000000004,-1.0399999999999991,30.74
2026-03-13 18:00:00,24.85,65.524765,10.699028,1009.19,43.7,112.0,549.0,25.7,51.0,55.76,18,13,3,4,54.64,58.92,74.52,88.81,55.35999999999999,59.53333333333333,1.1199999999999974,29.26
2026-03-13 19:00:00,24.75,70.39805,10.656547,1008.98975,44.1,113.6,440.0,21.5,56.0,56.39,19,13,3,4,55.76,55.68,68.98,93.8,55.59666666666666,57.435,0.6300000000000026,28.43
2026-03-13 20:00:00,24.65,73.7433,10.934166,1008.6897,43.3,111.1,314.0,16.7,61.0,55.52,20,13,3,4,56.39,54.64,63.22,92.88,55.88999999999999,56.15166666666667,-0.8699999999999974,27.56
2026-03-13 21:00:00,24.65,70.81999,11.409785,1008.19006,39.9,99.4,222.0,13.0,66.0,51.68,21,13,3,4,55.52,55.76,58.92,90.05,54.529999999999994,54.94499999999999,-3.8400000000000034,26.98
2026-03-13 22:00:00,24.7,64.46954,14.096425,1007.4906,34.8,83.4,163.0,10.2,69.0,45.96,22,13,3,4,51.68,56.39,55.68,84.82,51.05333333333332,53.324999999999996,-5.719999999999999,26.68
2026-03-13 23:00:00,24.5,63.41611,14.156058,1007.59033,30.6,71.2,139.0,8.3,71.0,41.44,23,13,3,4,45.96,55.52,54.64,79.06,46.359999999999985,51.125,-4.520000000000003,26.24
2026-03-14 00:00:00,23.85,71.11664,11.503113,1007.6883,29.8,71.2,210.0,9.8,68.0,40.81,0,14,3,5,41.44,51.68,55.76,74.52,42.73666666666666,48.63333333333333,-0.6299999999999955,25.79
2026-03-14 01:00:00,23.3,75.14258,9.446141,1008.0864,29.5,69.4,484.0,16.4,58.0,39.79,1,14,3,5,40.81,45.96,56.39,68.98,40.679999999999986,45.866666666666674,-1.0200000000000031,26.08
2026-03-14 02:00:00,22.6,78.88738,8.161764,1008.88385,31.9,73.1,852.0,25.3,45.0,41.12,2,14,3,5,39.79,41.44,55.52,63.22,40.57333333333332,43.46666666666667,1.3299999999999983,27.64
2026-03-14 03:00:00,23.35,74.68209,6.156947,1009.58563,36.8,73.6,1053.0,30.2,42.0,43.95,3,14,3,5,41.12,40.81,51.68,58.92,41.61999999999998,42.178333333333335,2.8300000000000054,30.74
2026-03-14 04:00:00,26.35,56.097717,3.9966483,1010.29315,39.8,93.1,923.0,27.6,59.0,51.51,4,14,3,5,43.95,39.79,45.96,55.68,45.526666666666664,43.10333333333333,7.559999999999995,34.18
2026-03-14 05:00:00,29.9,32.05239,5.6521144,1010.5022,40.6,111.3,625.0,21.0,87.0,58.76,5,14,3,5,51.51,41.12,41.44,54.64,51.40666666666666,45.99,7.25,37.96
2026-03-14 06:00:00,31.5,29.444828,9.919618,1010.7065,34.7,92.9,387.0,15.1,109.0,54.54,6,14,3,5,58.76,43.95,40.81,55.76,54.93666666666666,48.27833333333333,-4.219999999999999,40.48
2026-03-14 07:00:00,32.65,23.586613,13.845967,1010.10986,31.2,93.1,295.0,11.0,120.0,53.87,7,14,3,5,54.54,51.51,39.79,56.39,55.72333333333332,50.625,-0.6700000000000017,41.39
2026-03-14 08:00:00,32.0,29.776318,16.928614,1009.6087,31.1,99.7,263.0,7.5,126.0,55.52,8,14,3,5,53.87,58.76,41.12,55.52,54.643333333333324,53.025,1.6500000000000057,41.22
2026-03-14 09:00:00,31.75,34.860596,16.923828,1008.60876,30.3,93.1,257.0,5.8,126.0,53.54,9,14,3,5,55.52,54.54,43.95,51.68,54.309999999999995,54.623333333333335,-1.980000000000004,39.9
2026-03-14 10:00:00,31.4,36.845142,15.876775,1007.7085,27.8,83.4,268.0,6.3,119.0,49.38,10,14,3,5,53.54,53.87,51.51,45.96,52.813333333333325,54.26833333333334,-4.159999999999997,37.58
2026-03-14 11:00:00,30.65,39.71088,14.897651,1007.0072,25.4,73.3,305.0,8.5,105.0,44.38,11,14,3,5,49.38,55.52,58.76,41.44,49.099999999999994,51.87166666666667,-5.0,34.78
2026-03-14 12:00:00,29.2,46.30429,13.272482,1006.9035,26.4,71.5,365.0,12.4,94.0,43.46,12,14,3,5,44.38,53.54,54.54,40.81,45.73999999999999,50.025,-0.9200000000000017,31.52
2026-03-14 13:00:00,27.6,55.175148,12.10157,1006.99896,25.8,59.5,471.0,18.5,82.0,39.88,13,14,3,5,43.46,49.38,53.87,39.79,42.57333333333332,47.693333333333335,-3.5799999999999983,29.66
2026-03-14 14:00:00,26.25,65.40806,11.157097,1007.49506,27.1,55.3,599.0,26.6,66.0,38.5,14,14,3,5,39.88,44.38,55.52,41.12,40.61333333333332,44.856666666666676,-1.3800000000000026,28.34
2026-03-14 15:00:00,25.75,68.64123,11.003581,1008.19293,27.2,57.7,673.0,31.3,56.0,38.24,15,14,3,5,38.5,43.46,53.54,43.95,38.87333333333333,42.306666666666665,-0.259999999999998,27.26
2026-03-14 16:00:00,25.6,68.186485,12.348052,1008.5924,26.4,58.6,652.0,29.3,56.0,37.72,16,14,3,5,38.24,39.88,49.38,51.51,38.15333333333333,40.36333333333334,-0.5200000000000031,27.3
2026-03-14 17:00:00,25.65,66.725395,11.525623,1009.4919,24.7,55.9,575.0,23.8,61.0,36.25,17,14,3,5,37.72,38.5,44.38,58.76,37.40333333333333,39.00833333333333,-1.4699999999999989,28.08
2026-03-14 18:00:00,25.5,67.74337,9.505977,1010.0909,22.6,51.2,489.0,18.5,67.0,34.37,18,14,3,5,36.25,38.24,43.46,54.54,36.11333333333332,37.49333333333333,-1.8800000000000026,29.2
2026-03-14 19:00:00,25.6,67.1327,12.525207,1009.6915,20.5,46.4,392.0,14.2,74.0,32.76,19,14,3,5,34.37,37.72,39.88,53.87,34.45999999999999,36.306666666666665,-1.6099999999999994,29.32
2026-03-14 20:00:00,25.4,69.00139,12.785069,1009.19116,19.0,42.4,284.0,10.1,81.0,31.64,20,14,3,5,32.76,36.25,38.5,55.52,32.923333333333325,35.163333333333334,-1.1199999999999974,29.03
2026-03-14 21:00:00,25.25,68.75781,11.672275,1008.4915,18.1,40.4,212.0,7.2,86.0,31.11,21,14,3,5,31.64,34.37,38.24,53.54,31.83666666666666,33.975,-0.5300000000000011,30.48
2026-03-14 22:00:00,25.05,67.44242,10.560341,1008.39087,17.1,36.0,172.0,5.4,86.0,29.46,22,14,3,5,31.11,32.76,37.72,49.38,30.73666666666666,32.598333333333336,-1.6499999999999986,32.44
2026-03-14 23:00:00,24.35,71.654335,9.144637,1008.48895,16.0,32.0,167.0,4.8,84.0,27.72,23,14,3,5,29.46,31.64,36.25,44.38,29.42999999999999,31.176666666666666,-1.740000000000002,35.57
2026-03-15 00:00:00,23.95,78.104576,9.096681,1008.48804,15.9,31.4,257.0,6.0,83.0,27.58,0,15,3,6,27.72,31.11,34.37,43.46,28.25333333333332,30.044999999999998,-0.14000000000000057,32.36
2026-03-15 01:00:00,23.25,81.97524,7.674842,1009.18555,16.7,33.2,559.0,14.0,70.0,27.59,1,15,3,6,27.58,29.46,32.76,39.88,27.629999999999992,29.183333333333334,0.010000000000001563,37.71
2026-03-15 02:00:00,22.4,86.57608,7.4672885,1009.9827,20.0,41.0,955.0,24.8,52.0,29.72,2,15,3,6,27.59,27.72,31.64,38.5,28.296666666666656,28.86333333333333,2.129999999999999,43.66
2026-03-15 03:00:00,23.4,80.484886,7.406295,1011.0844,26.3,53.3,1152.0,30.4,46.0,35.27,3,15,3,6,29.72,27.58,31.11,38.24,30.85999999999999,29.55666666666667,5.550000000000004,40.66
2026-03-15 04:00:00,26.85,57.294117,5.9427266,1011.79315,30.5,75.2,952.0,26.0,63.0,43.64,4,15,3,6,35.27,27.59,29.46,37.72,36.20999999999999,31.919999999999998,8.369999999999997,30.96
2026-03-15 05:00:00,31.1,29.92436,8.099999,1012.1042,29.5,107.8,552.0,16.6,91.0,52.45,5,15,3,6,43.64,29.72,27.72,36.25,43.786666666666655,36.041666666666664,8.810000000000002,29.07
2026-03-15 06:00:00,33.55,15.739424,11.808878,1011.5109,21.8,88.7,252.0,8.9,113.0,46.92,6,15,3,6,52.45,35.27,27.58,34.37,47.669999999999995,39.26500000000001,-5.530000000000001,31.71
2026-03-15 07:00:00,34.7,10.938306,13.379461,1011.0144,16.8,61.9,180.0,5.5,123.0,40.06,7,15,3,6,46.92,43.64,27.59,32.76,46.47666666666666,41.343333333333334,-6.859999999999999,34.11
2026-03-15 08:00:00,35.25,10.38103,12.7279215,1009.81665,14.0,49.5,207.0,3.8,127.0,36.52,8,15,3,6,40.06,52.45,29.72,31.64,41.16666666666666,42.47666666666667,-3.539999999999999,36.76
2026-03-15 09:00:00,35.2,11.644706,14.120539,1008.81744,13.0,44.1,243.0,3.8,128.0,35.09,9,15,3,6,36.52,46.92,35.27,31.11,37.22333333333333,42.446666666666665,-1.4299999999999997,38.47
2026-03-15 10:00:00,34.8,12.164838,15.710607,1008.0171,12.8,41.7,249.0,5.3,126.0,34.44,10,15,3,6,35.09,40.06,43.64,29.46,35.349999999999994,40.913333333333334,-0.6500000000000057,37.8
2026-03-15 11:00:00,34.3,12.153556,15.017871,1007.6159,14.0,42.3,264.0,8.4,120.0,34.72,11,15,3,6,34.44,36.52,52.45,27.72,34.74999999999999,37.958333333333336,0.28000000000000114,36.39
2026-03-15 12:00:00,32.5,17.351658,14.588885,1007.4116,15.4,37.3,321.0,13.1,108.0,33.32,12,15,3,6,34.72,35.09,46.92,27.58,34.15999999999999,35.69166666666666,-1.3999999999999986,38.77
2026-03-15 13:00:00,29.9,29.993196,12.351988,1007.3047,18.9,37.1,474.0,20.6,93.0,33.91,13,15,3,6,33.32,34.44,40.06,27.59,33.98333333333332,34.666666666666664,0.5899999999999963,33.5
2026-03-15 14:00:00,27.8,41.411697,10.787993,1007.39935,20.3,36.0,669.0,30.8,71.0,32.62,14,15,3,6,33.91,34.72,36.52,29.72,33.283333333333324,34.016666666666666,-1.2899999999999991,27.87
2026-03-15 15:00:00,27.1,43.708973,13.671707,1008.4965,19.9,34.1,768.0,36.7,57.0,30.82,15,15,3,6,32.62,33.32,35.09,35.27,32.44999999999999,33.305,-1.7999999999999972,24.81
2026-03-15 16:00:00,26.8,44.92189,14.761098,1009.4948,19.1,33.9,686.0,34.6,56.0,29.92,16,15,3,6,30.82,33.91,34.44,43.64,31.11999999999999,32.55166666666667,-0.8999999999999986,24.42
2026-03-15 17:00:00,26.65,46.060978,14.4,1009.7942,18.7,34.3,509.0,28.2,61.0,29.59,17,15,3,6,29.92,32.62,34.72,52.45,30.10999999999999,31.69666666666667,-0.33000000000000185,25.78
2026-03-15 18:00:00,26.15,49.634876,12.841963,1009.89294,18.6,35.6,362.0,22.1,67.0,29.78,18,15,3,6,29.59,30.82,33.32,46.92,29.763333333333325,31.10666666666667,0.19000000000000128,27.09
2026-03-15 19:00:00,25.4,55.864086,12.860871,1009.39105,18.7,37.1,291.0,17.4,71.0,30.03,19,15,3,6,29.78,29.92,33.91,40.06,29.799999999999994,30.460000000000004,0.25,29.39
2026-03-15 20:00:00,25.15,60.234394,13.339445,1008.7909,18.6,38.6,249.0,12.9,76.0,30.36,20,15,3,6,30.03,29.59,32.62,36.52,30.056666666666658,30.083333333333332,0.3299999999999983,27.96
2026-03-15 21:00:00,24.95,61.344196,12.710091,1008.0911,18.4,39.5,224.0,9.7,78.0,30.26,21,15,3,6,30.36,29.78,30.82,35.09,30.216666666666658,29.990000000000006,-0.09999999999999787,26.42
2026-03-15 22:00:00,24.25,66.85893,10.436895,1007.5897,18.0,38.2,191.0,7.6,77.0,29.33,22,15,3,6,30.26,30.03,29.92,34.44,29.98333333333332,29.891666666666666,-0.9300000000000033,25.4
2026-03-15 23:00:00,23.6,72.876945,9.449572,1007.38794,17.5,36.6,174.0,6.8,75.0,28.34,23,15,3,6,29.33,30.36,29.59,34.72,29.309999999999988,29.683333333333334,-0.9899999999999984,25.72
2026-03-16 00:00:00,23.2,78.23826,11.177405,1007.0873,16.6,39.9,230.0,8.1,72.0,28.3,0,16,3,0,28.34,30.26,29.78,33.32,28.656666666666656,29.436666666666667,-0.03999999999999915,25.6
2026-03-16 01:00:00,23.25,78.48945,10.990322,1007.4869,17.3,42.3,447.0,15.3,62.0,28.71,1,16,3,0,28.3,29.33,30.03,33.91,28.44999999999999,29.21666666666667,0.41000000000000014,25.17
2026-03-16 02:00:00,23.1,76.53332,10.464797,1008.0861,19.5,46.3,737.0,24.9,48.0,29.95,2,16,3,0,28.71,28.34,30.36,32.62,28.986666666666654,29.148333333333337,1.2399999999999984,27.47
2026-03-16 03:00:00,24.35,67.09013,9.059205,1008.68884,23.8,48.3,887.0,29.9,45.0,32.8,3,16,3,0,29.95,28.3,30.26,30.82,30.486666666666654,29.57166666666667,2.849999999999998,30.22
2026-03-16 04:00:00,27.3,45.791824,7.928177,1009.2965,24.4,61.9,761.0,25.8,62.0,37.75,4,16,3,0,32.8,28.71,29.33,29.92,33.49999999999999,30.975000000000005,4.950000000000003,34.08
2026-03-16 05:00:00,30.7,21.476416,10.957846,1009.7051,23.1,82.0,495.0,17.0,89.0,43.85,5,16,3,0,37.75,29.95,28.34,29.59,38.13333333333332,33.56,6.100000000000001,38.4
2026-03-16 06:00:00,32.8,15.353867,10.404249,1009.31067,23.1,107.3,290.0,9.8,111.0,51.13,6,16,3,0,43.85,32.8,28.3,29.78,44.24333333333332,37.365,7.280000000000001,45.91
2026-03-16 07:00:00,34.0,13.134884,11.190442,1008.6145,21.8,91.3,225.0,6.3,123.0,48.56,7,16,3,0,51.13,37.75,28.71,30.03,47.84666666666666,40.67333333333334,-2.5700000000000003,51.87
2026-03-16 08:00:00,34.6,12.169048,12.841963,1007.6169,20.0,78.5,221.0,4.4,129.0,45.71,8,16,3,0,48.56,43.85,29.95,30.36,48.46666666666666,43.300000000000004,-2.8500000000000014,58.2
2026-03-16 09:00:00,34.8,11.991521,14.224556,1006.81805,19.0,73.3,238.0,4.1,131.0,44.43,9,16,3,0,45.71,51.13,32.8,30.26,46.23333333333332,45.23833333333334,-1.2800000000000011,64.2
2026-03-16 10:00:00,34.2,13.799338,15.299999,1006.0171,18.7,71.7,268.0,5.6,126.0,43.43,10,16,3,0,44.43,48.56,37.75,29.33,44.52333333333332,46.185,-1.0,69.22
2026-03-16 11:00:00,32.6,22.71457,15.426537,1005.6134,20.5,75.7,319.0,8.8,117.0,44.26,11,16,3,0,43.43,45.71,43.85,28.34,44.039999999999985,46.25333333333333,0.8299999999999983,71.77
2026-03-16 12:00:00,30.85,30.758091,14.33234,1005.5086,16.0,47.7,375.0,12.7,103.0,34.9,12,16,3,0,44.26,44.43,51.13,28.3,40.86333333333332,43.54833333333334,-9.36,44.76
2026-03-16 13:00:00,28.65,45.862564,13.752047,1005.7029,19.1,47.3,439.0,18.9,89.0,35.2,13,16,3,0,34.9,43.43,48.56,28.71,38.11999999999999,41.321666666666665,0.30000000000000426,44.91
2026-03-16 14:00:00,27.25,51.37785,13.462749,1005.9988,21.9,49.8,508.0,27.3,70.0,35.5,14,16,3,0,35.2,44.26,45.71,29.95,35.19999999999999,39.62,0.29999999999999716,47.16
2026-03-16 15:00:00,26.55,56.324673,11.91812,1006.4966,21.6,49.5,555.0,32.2,57.0,34.08,15,16,3,0,35.5,34.9,44.43,32.8,34.926666666666655,37.895,-1.4200000000000017,47.2
2026-03-16 16:00:00,26.3,57.524227,12.049249,1006.9955,20.3,48.1,573.0,30.2,56.0,32.7,16,16,3,0,34.08,35.2,43.43,37.75,34.09333333333332,36.10666666666667,-1.3799999999999955,51.02
2026-03-16 17:00:00,25.95,60.609493,11.126562,1007.694,18.6,43.7,570.0,24.7,60.0,30.74,17,16,3,0,32.7,35.5,44.26,43.85,32.50666666666665,33.85333333333333,-1.9600000000000044,55.21
2026-03-16 18:00:00,25.4,63.21372,9.340941,1007.9921,17.4,39.8,539.0,20.0,64.0,29.26,18,16,3,0,30.74,34.08,34.9,51.13,30.899999999999988,32.913333333333334,-1.4799999999999969,50.13
2026-03-16 19:00:00,25.05,64.74778,8.777653,1007.6914,17.1,37.3,464.0,17.8,65.0,28.43,19,16,3,0,29.26,32.7,35.2,48.56,29.476666666666656,31.784999999999997,-0.8300000000000018,44.0
2026-03-16 20:00:00,24.5,69.25957,7.6579366,1007.49036,16.8,35.5,362.0,16.4,64.0,27.56,20,16,3,0,28.43,30.74,35.5,45.71,28.416666666666657,30.461666666666662,-0.870000000000001,43.39
2026-03-16 21:00:00,24.0,74.55661,7.7588143,1006.78937,16.2,35.0,281.0,15.2,64.0,26.98,21,16,3,0,27.56,29.26,34.08,44.43,27.656666666666656,29.278333333333336,-0.5799999999999983,44.48
2026-03-16 22:00:00,23.75,78.317986,9.12513,1006.4889,16.0,34.9,210.0,13.0,65.0,26.68,22,16,3,0,26.98,28.43,32.7,43.43,27.073333333333323,28.274999999999995,-0.3000000000000007,43.81
2026-03-16 23:00:00,23.4,82.502144,9.227524,1006.1883,15.8,34.8,159.0,10.9,65.0,26.24,23,16,3,0,26.68,27.56,30.74,44.26,26.633333333333322,27.525000000000002,-0.4400000000000013,43.0
2026-03-17 00:00:00,23.35,85.86986,10.182337,1006.1883,15.1,33.9,208.0,10.4,66.0,25.79,0,17,3,1,26.24,26.98,29.26,34.9,26.236666666666654,26.946666666666662,-0.4499999999999993,39.86
2026-03-17 01:00:00,23.3,87.7318,9.914717,1006.3878,15.3,35.0,471.0,17.2,59.0,26.08,1,17,3,1,25.79,26.68,28.43,35.2,26.03666666666665,26.555000000000003,0.28999999999999915,40.45
2026-03-17 02:00:00,23.3,86.660736,7.970972,1006.68756,17.1,37.5,833.0,26.3,51.0,27.64,2,17,3,1,26.08,26.24,27.56,35.5,26.50333333333332,26.56833333333333,1.5600000000000023,42.66
2026-03-17 03:00:00,24.35,80.858086,5.7599998,1007.3899,21.0,39.0,1026.0,30.9,52.0,30.74,3,17,3,1,27.64,25.79,26.98,34.08,28.153333333333318,27.194999999999997,3.099999999999998,46.2
2026-03-17 04:00:00,26.4,67.08524,6.7205353,1008.1949,20.2,47.8,881.0,26.8,70.0,34.18,4,17,3,1,30.74,26.08,26.68,32.7,30.85333333333332,28.445000000000004,3.4400000000000013,40.4
2026-03-17 05:00:00,28.25,55.162266,7.689603,1008.3998,20.1,53.1,568.0,18.3,97.0,37.96,5,17,3,1,34.18,27.64,26.24,30.74,34.29333333333332,30.39833333333333,3.780000000000001,46.78
2026-03-17 06:00:00,28.9,54.465538,8.827344,1008.7011,20.6,53.9,329.0,11.3,118.0,40.48,6,17,3,1,37.96,30.74,25.79,29.26,37.539999999999985,32.84666666666667,2.519999999999996,56.1
2026-03-17 07:00:00,28.9,59.416615,12.801531,1008.6012,20.5,52.2,265.0,8.0,130.0,41.39,7,17,3,1,40.48,34.18,26.08,28.43,39.94333333333332,35.39833333333333,0.9100000000000037,58.87
2026-03-17 08:00:00,28.75,59.38188,14.206323,1007.70166,19.9,49.6,274.0,6.3,136.0,41.22,8,17,3,1,41.39,37.96,27.64,27.56,41.02999999999999,37.66166666666667,-0.1700000000000017,58.08
2026-03-17 09:00:00,28.65,58.08421,14.474059,1007.10175,18.7,46.4,296.0,5.8,136.0,39.9,9,17,3,1,41.22,40.48,30.74,26.98,40.83666666666665,39.18833333333333,-1.3200000000000003,56.8
2026-03-17 10:00:00,28.2,61.310272,14.81259,1006.401,17.6,43.2,313.0,6.3,128.0,37.58,10,17,3,1,39.9,41.39,34.18,26.68,39.566666666666656,39.754999999999995,-2.3200000000000003,55.62
2026-03-17 11:00:00,27.95,62.59612,13.207634,1005.80084,16.8,40.5,342.0,7.9,114.0,34.78,11,17,3,1,37.58,41.22,37.96,26.24,37.41999999999999,39.225,-2.799999999999997,53.28
2026-03-17 12:00:00,27.4,65.444954,12.172312,1005.6994,14.4,34.2,376.0,11.5,105.0,31.52,12,17,3,1,34.78,39.9,40.48,25.79,34.62666666666666,37.73166666666666,-3.2600000000000016,45.8
2026-03-17 13:00:00,26.55,70.51396,11.440978,1005.59735,14.8,30.4,418.0,17.9,90.0,29.66,13,17,3,1,31.52,37.58,41.39,26.08,31.986666666666654,35.776666666666664,-1.8599999999999994,41.14
2026-03-17 14:00:00,25.65,80.28787,8.553314,1006.09467,16.6,27.5,465.0,26.9,70.0,28.34,14,17,3,1,29.66,34.78,41.22,27.64,29.83999999999999,33.63,-1.3200000000000003,36.24
2026-03-17 15:00:00,25.4,85.55014,8.836514,1006.49335,17.2,27.9,501.0,34.2,53.0,27.26,15,17,3,1,28.34,31.52,39.9,30.74,28.419999999999987,31.52333333333333,-1.0799999999999983,33.79
2026-03-17 16:00:00,25.2,88.16093,8.019601,1007.2924,18.2,28.5,513.0,38.3,45.0,27.3,16,17,3,1,27.26,29.66,37.58,34.18,27.633333333333322,29.810000000000002,0.03999999999999915,33.1
2026-03-17 17:00:00,24.95,89.48409,7.491114,1007.7913,20.0,29.9,514.0,40.7,40.0,28.08,17,17,3,1,27.3,28.34,34.78,37.96,27.546666666666653,28.69333333333333,0.7799999999999976,32.91
2026-03-17 18:00:00,25.0,90.57556,6.7397914,1007.7913,22.1,31.5,521.0,42.0,37.0,29.2,18,17,3,1,28.08,27.26,31.52,40.48,28.193333333333317,28.30666666666667,1.120000000000001,32.87
2026-03-17 19:00:00,24.75,91.93702,7.029225,1007.69086,23.0,32.1,547.0,42.0,34.0,29.32,19,17,3,1,29.2,27.3,29.66,41.39,28.866666666666656,28.25,0.120000000000001,32.72
2026-03-17 20:00:00,24.5,93.321556,5.815978,1007.3905,23.2,31.8,579.0,40.8,33.0,29.03,20,17,3,1,29.32,28.08,28.34,41.22,29.183333333333323,28.365,-0.28999999999999915,31.97
2026-03-17 21:00:00,24.15,95.01222,3.143565,1007.0898,25.7,35.0,603.0,39.9,31.0,30.48,21,17,3,1,29.03,29.2,27.26,39.9,29.60999999999999,28.90166666666667,1.4499999999999993,30.79
2026-03-17 22:00:00,23.7,97.02914,2.5959969,1006.58887,28.8,39.3,596.0,39.9,28.0,32.44,22,17,3,1,30.48,29.32,27.3,37.58,30.649999999999988,29.758333333333336,1.9599999999999973,29.28
2026-03-17 23:00:00,23.4,97.61176,4.278551,1006.48804,33.8,45.3,580.0,40.1,24.0,35.57,23,17,3,1,32.44,29.03,28.08,34.78,32.82999999999999,31.006666666666664,3.1300000000000026,27.78
2026-03-18 00:00:00,23.05,97.90207,5.3517847,1006.78687,29.9,38.3,609.0,28.0,37.0,32.36,0,18,3,2,35.57,30.48,29.2,31.52,33.456666666666656,31.53333333333333,-3.210000000000001,26.08
2026-03-18 01:00:00,22.95,97.30777,5.5596404,1007.0863,38.2,47.3,747.0,32.0,29.0,37.71,1,18,3,2,32.36,32.44,29.32,29.66,35.21333333333332,32.931666666666665,5.350000000000001,25.91
2026-03-18 02:00:00,22.95,96.42459,6.3639607,1007.8856,47.7,56.2,929.0,37.1,20.0,43.66,2,18,3,2,37.71,35.57,29.03,28.34,37.90999999999999,35.37,5.949999999999996,27.41
2026-03-18 03:00:00,23.7,91.04075,7.823272,1008.4873,43.5,50.3,1022.0,38.0,21.0,40.66,3,18,3,2,43.66,32.36,30.48,27.26,40.67666666666665,37.06666666666666,-3.0,31.2
2026-03-18 04:00:00,25.35,80.00325,3.0811036,1009.7907,26.5,34.6,944.0,30.9,41.0,30.96,4,18,3,2,40.66,37.71,32.44,27.3,38.426666666666655,36.82,-9.699999999999996,31.7
2026-03-18 05:00:00,27.0,71.687004,7.9077177,1009.7951,18.9,29.4,776.0,19.6,72.0,29.07,5,18,3,2,30.96,43.66,35.57,28.08,33.563333333333325,35.736666666666665,-1.8900000000000006,33.55
2026-03-18 06:00:00,28.0,65.36816,9.627896,1009.99786,18.7,31.0,625.0,10.7,97.0,31.71,6,18,3,2,29.07,40.66,32.36,29.2,30.579999999999988,35.62833333333334,2.6400000000000006,35.33
2026-03-18 07:00:00,28.55,63.50408,7.79215,1010.3988,19.3,33.2,515.0,6.8,112.0,34.11,7,18,3,2,31.71,30.96,37.71,29.32,31.629999999999985,35.02833333333333,2.3999999999999986,37.46
2026-03-18 08:00:00,28.9,58.32365,3.8521678,1009.90015,20.2,37.8,422.0,5.3,122.0,36.76,8,18,3,2,34.11,29.07,43.66,29.03,34.19333333333332,33.87833333333333,2.6499999999999986,39.44
2026-03-18 09:00:00,29.65,53.141968,5.4744864,1008.703,20.9,42.4,376.0,5.3,125.0,38.47,9,18,3,2,36.76,31.71,40.66,30.48,36.44666666666665,33.51333333333333,1.7100000000000009,40.08
2026-03-18 10:00:00,29.65,53.80813,12.682018,1007.50397,20.4,43.0,393.0,6.7,120.0,37.8,10,18,3,2,38.47,34.11,30.96,32.44,37.676666666666655,34.65333333333333,-0.6700000000000017,39.24
2026-03-18 11:00:00,28.7,56.49291,11.226575,1006.9019,19.5,43.5,456.0,9.6,110.0,36.39,11,18,3,2,37.8,36.76,29.07,35.57,37.55333333333332,35.873333333333335,-1.4099999999999966,36.37
2026-03-18 12:00:00,27.5,71.55746,15.898188,1006.3992,22.4,48.3,550.0,13.4,106.0,38.77,12,18,3,2,36.39,38.47,31.71,32.36,37.65333333333333,37.05,2.3800000000000026,30.78
2026-03-18 13:00:00,26.35,78.92891,17.771753,1006.79596,18.5,39.5,689.0,15.0,94.0,33.5,13,18,3,2,38.77,37.8,34.11,37.71,36.21999999999999,36.94833333333333,-5.270000000000003,29.01
2026-03-18 14:00:00,26.0,83.565346,12.864649,1006.9949,15.3,29.7,858.0,17.2,78.0,27.87,14,18,3,2,33.5,36.39,36.76,43.66,33.37999999999999,35.46666666666667,-5.629999999999999,28.45
2026-03-18 15:00:00,25.55,88.456314,7.9036193,1007.5932,13.0,28.1,996.0,18.6,66.0,24.81,15,18,3,2,27.87,38.77,38.47,40.66,28.726666666666656,33.19,-3.0600000000000023,28.5
2026-03-18 16:00:00,25.35,89.78402,5.7176566,1008.99133,12.6,29.1,1104.0,18.0,64.0,24.42,16,18,3,2,24.81,33.5,37.8,30.96,25.69999999999999,30.959999999999997,-0.389999999999997,29.38
2026-03-18 17:00:00,25.3,89.51014,7.5019197,1009.99054,13.6,31.4,1182.0,16.7,68.0,25.78,17,18,3,2,24.42,27.87,36.39,29.07,25.00333333333332,29.191666666666674,1.3599999999999994,30.2
2026-03-18 18:00:00,24.0,75.25608,5.9834766,1011.18585,15.3,33.9,1159.0,16.4,68.0,27.09,18,18,3,2,25.78,24.81,38.77,31.71,25.76333333333332,27.245,1.3099999999999987,31.0
2026-03-18 19:00:00,23.05,73.93325,6.0347,1010.58386,19.2,39.0,959.0,18.9,61.0,29.39,19,18,3,2,27.09,24.42,33.5,34.11,27.419999999999987,26.560000000000002,2.3000000000000007,31.4
2026-03-18 20:00:00,22.95,76.270966,2.995797,1010.78326,19.5,36.0,660.0,22.4,51.0,27.96,20,18,3,2,29.39,25.78,27.87,36.76,28.146666666666658,26.575000000000003,-1.4299999999999997,29.88
2026-03-18 21:00:00,22.6,78.15081,2.5455842,1009.6832,18.5,33.9,426.0,24.3,45.0,26.42,21,18,3,2,27.96,27.09,24.81,38.47,27.92333333333332,26.843333333333334,-1.5399999999999991,27.72
2026-03-18 22:00:00,22.85,88.23422,8.490582,1008.88446,17.9,31.8,272.0,22.3,45.0,25.4,22,18,3,2,26.42,29.39,24.42,37.8,26.59333333333332,27.006666666666664,-1.0200000000000031,26.45
2026-03-18 23:00:00,22.45,92.36761,0.56920993,1009.38324,18.1,32.7,183.0,18.5,49.0,25.72,23,18,3,2,25.4,27.96,25.78,36.39,25.846666666666653,26.996666666666666,0.3200000000000003,25.58
2026-03-19 00:00:00,21.35,87.56126,6.5223618,1009.67975,19.3,36.7,281.0,21.4,36.0,25.6,0,19,3,3,25.72,26.42,27.09,38.77,25.573333333333323,26.748333333333335,-0.11999999999999744,23.89
2026-03-19 01:00:00,20.45,89.98119,1.0495713,1010.47656,18.8,36.4,772.0,28.6,28.0,25.17,1,19,3,3,25.6,25.4,29.39,33.5,25.496666666666655,26.045,-0.4299999999999997,24.26
2026-03-19 02:00:00,20.55,83.46185,1.0495713,1011.6759,21.8,40.7,1451.0,38.2,18.0,27.47,2,19,3,3,25.17,25.72,27.96,27.87,26.079999999999988,25.963333333333335,2.299999999999997,29.07
2026-03-19 03:00:00,21.15,87.817,3.2399998,1012.57715,25.4,42.0,1824.0,42.8,18.0,30.22,3,19,3,3,27.47,25.6,26.42,24.81,27.61999999999999,26.596666666666668,2.75,33.46
2026-03-19 04:00:00,22.35,83.6672,2.8856194,1013.1798,27.3,46.7,1579.0,37.9,36.0,34.08,4,19,3,3,30.22,25.17,25.4,24.42,30.58999999999999,28.043333333333333,3.8599999999999994,31.3
2026-03-19 05:00:00,23.95,76.90297,1.5273507,1014.4832,27.2,55.1,1028.0,27.9,64.0,38.4,5,19,3,3,34.08,27.47,25.72,25.78,34.23333333333332,30.156666666666666,4.32,36.56
2026-03-19 06:00:00,21.55,81.76416,8.490582,1014.3765,28.1,77.3,618.0,19.3,90.0,45.91,6,19,3,3,38.4,30.22,25.6,27.09,39.46333333333332,33.541666666666664,7.509999999999998,42.74
2026-03-19 07:00:00,21.8,80.52411,8.581677,1014.2773,29.7,90.6,552.0,14.0,112.0,51.87,7,19,3,3,45.91,34.08,25.17,29.39,45.39333333333332,37.99166666666667,5.960000000000001,44.8
2026-03-19 08:00:00,22.95,75.55775,7.415038,1013.58105,32.9,103.1,625.0,9.9,131.0,58.2,8,19,3,3,51.87,38.4,27.47,27.96,51.99333333333332,43.11333333333332,6.330000000000005,43.91
2026-03-19 09:00:00,24.0,70.478355,9.693296,1012.18506,36.9,114.3,673.0,7.6,145.0,64.2,9,19,3,3,58.2,45.91,30.22,26.42,58.089999999999996,48.776666666666664,6.0,41.03
2026-03-19 10:00:00,24.3,69.65641,8.39657,1011.1868,40.2,125.7,586.0,5.9,154.0,69.22,10,19,3,3,64.2,51.87,34.08,25.4,63.87333333333333,54.63333333333333,5.019999999999996,36.53
2026-03-19 11:00:00,24.4,67.736115,7.6367526,1010.2878,41.9,132.7,473.0,5.9,156.0,71.77,11,19,3,3,69.22,58.2,38.4,25.72,68.39666666666665,60.195,2.549999999999997,32.64
2026-03-19 12:00:00,25.8,56.67922,3.5864744,1009.39233,23.5,74.5,495.0,10.7,110.0,44.76,12,19,3,3,71.77,64.2,45.91,25.6,61.91666666666666,60.00333333333333,-27.009999999999998,33.3
2026-03-19 13:00:00,25.4,58.78307,3.0811036,1009.5909,25.1,77.1,811.0,26.9,86.0,44.91,13,19,3,3,44.76,69.22,51.87,25.17,53.813333333333325,58.843333333333334,0.14999999999999858,31.43
2026-03-19 14:00:00,24.5,66.90987,5.6521144,1010.38806,33.9,75.2,1263.0,49.1,52.0,47.16,14,19,3,3,44.91,71.77,58.2,27.47,45.609999999999985,57.00333333333333,2.25,30.38
2026-03-19 15:00:00,23.7,69.760994,8.11798,1011.28503,35.7,77.5,1535.0,65.3,27.0,47.2,15,19,3,3,47.16,44.76,64.2,30.22,46.423333333333325,54.169999999999995,0.04000000000000625,29.9
2026-03-19 16:00:00,23.0,74.39041,6.1120534,1012.08264,40.7,87.3,1458.0,70.1,18.0,51.02,16,19,3,3,47.2,44.91,69.22,34.08,48.46,51.13666666666666,3.8200000000000003,29.5
2026-03-19 17:00:00,22.3,80.59026,4.724786,1012.58026,47.6,92.7,1202.0,68.8,17.0,55.21,17,19,3,3,51.02,47.16,71.77,38.4,51.143333333333324,48.376666666666665,4.189999999999998,29.54
2026-03-19 18:00:00,21.45,77.246414,4.2366967,1012.7775,44.2,77.3,961.0,65.8,18.0,50.13,18,19,3,3,55.21,47.2,44.76,45.91,52.11999999999998,49.27166666666667,-5.079999999999998,29.38
2026-03-19 19:00:00,21.25,77.95223,5.6060677,1012.1774,35.7,68.7,796.0,61.7,21.0,44.0,19,19,3,3,50.13,51.02,44.91,51.87,49.779999999999994,49.120000000000005,-6.130000000000003,28.28
2026-03-19 20:00:00,21.1,77.43808,4.7110505,1011.5776,34.2,70.1,647.0,55.8,26.0,43.39,20,19,3,3,44.0,55.21,47.16,58.2,45.839999999999996,48.491666666666674,-0.6099999999999994,26.36
2026-03-19 21:00:00,20.85,79.638824,2.9301877,1010.47784,35.2,74.0,529.0,50.5,30.0,44.48,21,19,3,3,43.39,50.13,47.2,64.2,43.956666666666656,48.038333333333334,1.0899999999999963,24.15
2026-03-19 22:00:00,20.45,82.40334,4.2136917,1009.7771,35.2,73.3,387.0,46.0,31.0,43.81,22,19,3,3,44.48,44.0,51.02,69.22,43.893333333333324,46.83666666666667,-0.6699999999999946,21.87
2026-03-19 23:00:00,19.65,85.497795,7.415038,1009.8749,35.2,72.9,276.0,42.1,30.0,43.0,23,19,3,3,43.81,43.39,55.21,71.77,43.76333333333332,44.80166666666667,-0.8100000000000023,19.78
2026-03-20 00:00:00,18.95,91.88,5.2478566,1010.4725,34.5,59.5,376.0,55.4,16.0,39.86,0,20,3,4,43.0,44.48,50.13,44.76,42.22333333333333,43.09,-3.1400000000000006,20.44
2026-03-20 01:00:00,18.8,92.16147,1.9881649,1010.9717,35.2,62.2,941.0,55.4,14.0,40.45,1,20,3,4,39.86,43.81,44.0,44.91,41.103333333333325,42.498333333333335,0.5900000000000034,20.1
2026-03-20 02:00:00,18.85,93.04003,1.2074767,1011.47125,38.3,66.6,1717.0,54.9,13.0,42.66,2,20,3,4,40.45,43.0,43.39,47.16,40.98999999999999,42.376666666666665,2.2099999999999937,21.4
2026-03-20 03:00:00,20.55,86.94348,1.6981165,1011.8758,44.5,65.4,2118.0,50.5,22.0,46.2,3,20,3,4,42.66,39.86,44.48,47.2,43.103333333333325,42.663333333333334,3.5400000000000063,22.08
2026-03-20 04:00:00,23.1,72.78941,1.8089776,1012.3826,28.8,64.3,1772.0,38.6,49.0,40.4,4,20,3,4,46.2,40.45,43.81,51.02,43.086666666666666,42.095,-5.800000000000004,23.27
2026-03-20 05:00:00,24.6,67.35194,2.97953,1012.58655,27.4,83.8,1052.0,22.8,86.0,46.78,5,20,3,4,40.4,42.66,43.0,55.21,44.46,42.725,6.380000000000003,26.0
2026-03-20 06:00:00,25.85,55.442844,2.5582807,1012.6897,31.1,109.2,491.0,10.7,114.0,56.1,6,20,3,4,46.78,46.2,39.86,50.13,47.75999999999999,45.431666666666665,9.32,27.81
2026-03-20 07:00:00,26.75,53.247044,6.489992,1012.29254,32.9,113.4,310.0,5.6,126.0,58.87,7,20,3,4,56.1,40.4,40.45,44.0,53.91666666666666,48.501666666666665,2.769999999999996,28.71
2026-03-20 08:00:00,26.65,58.338753,11.328566,1011.49286,32.9,109.0,289.0,4.2,128.0,58.08,8,20,3,4,58.87,46.78,42.66,43.39,57.683333333333316,51.071666666666665,-0.7899999999999991,28.89
2026-03-20 09:00:00,26.4,59.578655,12.739371,1010.49304,32.2,105.2,302.0,4.1,127.0,56.8,9,20,3,4,58.08,56.1,46.2,44.48,57.91666666666666,52.83833333333334,-1.2800000000000011,28.68
2026-03-20 10:00:00,26.3,59.181465,12.431733,1009.8932,31.9,102.9,311.0,4.3,123.0,55.62,10,20,3,4,56.8,58.87,40.4,43.81,56.83333333333332,55.375,-1.1799999999999997,28.2
2026-03-20 11:00:00,26.25,60.29794,9.7565975,1009.1937,31.2,97.8,353.0,5.8,115.0,53.28,11,20,3,4,55.62,58.08,46.78,43.0,55.23333333333332,56.458333333333336,-2.3399999999999963,27.53
2026-03-20 12:00:00,26.0,61.38852,8.452336,1009.0932,24.9,72.9,418.0,9.1,116.0,45.8,12,20,3,4,53.28,56.8,56.1,39.86,51.566666666666656,54.74166666666667,-7.480000000000004,24.64
2026-03-20 13:00:00,25.05,66.812004,9.931042,1009.6898,23.3,62.6,531.0,16.1,97.0,41.14,13,20,3,4,45.8,55.62,58.87,40.45,46.73999999999999,51.78666666666666,-4.659999999999997,23.56
2026-03-20 14:00:00,24.05,74.10188,9.220499,1009.88715,23.1,50.9,667.0,25.7,71.0,36.24,14,20,3,4,41.14,53.28,58.08,42.66,41.05999999999999,48.14666666666667,-4.899999999999999,22.98
2026-03-20 15:00:00,23.65,77.81878,9.19939,1010.4854,23.1,48.5,738.0,32.6,51.0,33.79,15,20,3,4,36.24,45.8,56.8,46.2,37.05666666666665,44.31166666666667,-2.450000000000003,21.7
2026-03-20 16:00:00,23.5,80.00087,8.699793,1011.08466,23.2,47.8,688.0,34.6,45.0,33.1,16,20,3,4,33.79,41.14,55.62,40.4,34.37666666666666,40.55833333333334,-0.6899999999999977,20.75
2026-03-20 17:00:00,23.35,82.24148,8.766573,1011.484,23.3,47.1,573.0,33.9,45.0,32.91,17,20,3,4,33.1,36.24,53.28,46.78,33.26666666666666,37.163333333333334,-0.19000000000000483,20.3
2026-03-20 18:00:00,23.65,86.42804,8.836514,1011.085,23.6,46.6,470.0,32.3,46.0,32.87,18,20,3,4,32.91,33.79,45.8,56.1,32.95999999999999,35.00833333333333,-0.03999999999999915,20.09
2026-03-20 19:00:00,24.1,87.26659,8.891343,1010.6865,23.9,46.1,404.0,30.0,47.0,32.72,19,20,3,4,32.87,33.1,41.14,58.87,32.83333333333332,33.605,-0.14999999999999858,19.59
2026-03-20 20:00:00,23.85,89.12952,10.070353,1010.1863,23.3,45.5,350.0,26.8,48.0,31.97,20,20,3,4,32.72,32.91,36.24,58.08,32.51999999999999,32.89333333333333,-0.75,18.84
2026-03-20 21:00:00,23.65,90.20882,9.05205,1009.8859,21.9,44.0,311.0,23.6,50.0,30.79,21,20,3,4,31.97,32.87,33.79,56.8,31.826666666666654,32.39333333333334,-1.1799999999999997,17.89
2026-03-20 22:00:00,23.5,91.02791,7.6367526,1009.5858,20.5,41.4,265.0,19.7,52.0,29.28,22,20,3,4,30.79,32.72,33.1,55.62,30.67999999999999,31.75666666666666,-1.509999999999998,16.78
2026-03-20 23:00:00,23.6,90.48091,8.171683,1009.48627,19.1,38.8,234.0,15.8,54.0,27.78,23,20,3,4,29.28,31.97,32.91,53.28,29.28333333333332,30.90166666666667,-1.5,15.74
2026-03-21 00:00:00,23.35,90.463844,9.292254,1009.8854,17.2,36.3,288.0,13.1,55.0,26.08,0,21,3,5,27.78,30.79,32.87,45.8,27.713333333333324,29.77,-1.7000000000000028,14.93
2026-03-21 01:00:00,22.95,92.395226,8.792405,1010.2837,17.5,35.4,532.0,20.2,47.0,25.91,1,21,3,5,26.08,29.28,32.72,41.14,26.58999999999999,28.635,-0.16999999999999815,15.28
2026-03-21 02:00:00,22.85,92.95653,4.599695,1010.683,20.0,37.1,860.0,29.6,37.0,27.41,2,21,3,5,25.91,27.78,31.97,36.24,26.466666666666658,27.875,1.5,17.28
2026-03-21 03:00:00,23.5,90.198296,3.9966483,1011.3844,25.5,40.7,1026.0,33.7,35.0,31.2,3,21,3,5,27.41,26.08,30.79,33.79,28.17333333333332,27.94333333333333,3.789999999999999,19.14
2026-03-21 04:00:00,24.45,84.67531,4.2366967,1011.88654,22.1,46.6,866.0,27.5,48.0,31.7,4,21,3,5,31.2,25.91,29.28,33.1,30.103333333333325,28.346666666666664,0.5,21.74
2026-03-21 05:00:00,26.3,72.67041,6.76618,1012.09143,22.0,49.0,543.0,16.0,69.0,33.55,5,21,3,5,31.7,27.41,27.78,32.91,32.149999999999984,29.308333333333337,1.8499999999999979,24.59
2026-03-21 06:00:00,27.25,65.413734,7.538541,1011.8941,22.8,49.0,300.0,7.2,87.0,35.33,6,21,3,5,33.55,31.2,26.08,32.87,33.52666666666665,30.849999999999998,1.7800000000000011,28.68
2026-03-21 07:00:00,27.7,62.92971,8.643749,1011.9953,24.0,49.9,243.0,4.2,99.0,37.46,7,21,3,5,35.33,31.7,25.91,32.72,35.44666666666666,32.775,2.1300000000000026,32.85
2026-03-21 08:00:00,27.65,62.918793,11.362834,1011.69556,25.3,50.8,265.0,3.9,107.0,39.44,8,21,3,5,37.46,33.55,27.41,31.97,37.40999999999999,34.78,1.9799999999999969,36.75
2026-03-21 09:00:00,27.8,62.56318,10.855358,1011.09644,25.5,50.8,294.0,4.5,110.0,40.08,9,21,3,5,39.44,35.33,31.2,30.79,38.993333333333325,36.26,0.6400000000000006,39.44
2026-03-21 10:00:00,27.6,63.494865,10.948973,1010.1964,25.4,49.4,296.0,5.1,106.0,39.24,10,21,3,5,40.08,37.46,31.7,29.28,39.58666666666665,37.516666666666666,-0.8399999999999963,39.04
2026-03-21 11:00:00,27.3,64.221146,13.70839,1010.0959,24.0,44.9,304.0,6.6,96.0,36.37,11,21,3,5,39.24,39.44,33.55,27.78,38.563333333333325,37.98666666666667,-2.8700000000000045,35.26
2026-03-21 12:00:00,26.9,62.950127,10.883676,1010.0946,19.0,35.4,344.0,7.7,87.0,30.78,12,21,3,5,36.37,40.08,35.33,26.08,35.463333333333324,37.22833333333333,-5.589999999999996,32.78
2026-03-21 13:00:00,26.5,64.65104,9.430695,1010.5933,18.9,32.7,446.0,15.8,71.0,29.01,13,21,3,5,30.78,39.24,37.46,25.91,32.05333333333333,35.82,-1.7699999999999996,30.32
2026-03-21 14:00:00,25.85,68.23561,9.0018,1011.091,21.2,31.5,580.0,27.0,50.0,28.45,14,21,3,5,29.01,36.37,39.44,27.41,29.413333333333327,33.98833333333334,-0.5600000000000023,25.87
2026-03-21 15:00:00,25.3,72.94567,9.102021,1011.78906,23.3,32.9,683.0,36.5,32.0,28.5,15,21,3,5,28.45,30.78,40.08,31.2,28.653333333333325,32.05833333333334,0.05000000000000071,22.11
2026-03-21 16:00:00,24.95,78.4905,8.797931,1012.3877,25.5,34.3,740.0,43.1,22.0,29.38,16,21,3,5,28.5,29.01,39.24,31.7,28.776666666666657,30.415000000000003,0.879999999999999,21.06
2026-03-21 17:00:00,24.75,81.40725,8.36758,1012.6868,27.1,35.3,766.0,47.9,16.0,30.2,17,21,3,5,29.38,28.45,36.37,33.55,29.35999999999999,29.386666666666667,0.8200000000000003,20.88
2026-03-21 18:00:00,24.55,82.134285,9.028754,1012.98596,28.5,36.2,743.0,49.4,14.0,31.0,18,21,3,5,30.2,28.5,30.78,35.33,30.193333333333324,29.423333333333332,0.8000000000000007,20.7
2026-03-21 19:00:00,24.5,82.63321,8.792405,1012.78613,29.3,36.7,638.0,45.7,17.0,31.4,19,21,3,5,31.0,29.38,29.01,37.46,30.866666666666656,29.82166666666667,0.3999999999999986,20.54
2026-03-21 20:00:00,24.3,83.373055,7.4346757,1012.4858,27.0,34.2,484.0,38.6,25.0,29.88,20,21,3,5,31.4,30.2,28.45,39.44,30.75999999999999,30.060000000000002,-1.5199999999999996,20.09
2026-03-21 21:00:00,23.95,85.66614,6.9550843,1011.98517,24.1,31.2,367.0,31.9,31.0,27.72,21,21,3,5,29.88,31.0,28.5,40.08,29.666666666666657,29.930000000000003,-2.16,19.46
2026-03-21 22:00:00,23.45,89.919624,6.5223618,1011.784,22.6,29.6,296.0,25.5,36.0,26.45,22,21,3,5,27.72,31.4,29.38,39.24,28.016666666666655,29.441666666666663,-1.2699999999999996,18.56
2026-03-21 23:00:00,23.1,92.96932,4.863332,1012.0829,21.6,28.5,261.0,19.5,41.0,25.58,23,21,3,5,26.45,29.88,30.2,36.37,26.583333333333325,28.671666666666667,-0.870000000000001,18.32
2026-03-22 00:00:00,22.25,98.1886,1.8532133,1011.8805,20.1,25.7,316.0,16.0,42.0,23.89,0,22,3,6,25.58,27.72,31.0,30.78,25.306666666666658,27.486666666666665,-1.6899999999999977,17.92
2026-03-22 01:00:00,22.5,97.89343,0.5091169,1012.3808,21.0,26.4,564.0,22.5,34.0,24.26,1,22,3,6,23.89,26.45,31.4,29.01,24.576666666666657,26.296666666666667,0.370000000000001,18.78
2026-03-22 02:00:00,22.4,98.49017,3.964089,1013.08026,28.2,33.6,902.0,31.0,24.0,29.07,2,22,3,6,24.26,25.58,29.88,28.45,25.73999999999999,26.161666666666665,4.809999999999999,21.6
2026-03-22 03:00:00,23.45,91.302795,4.323748,1013.7824,33.6,38.5,1077.0,34.7,25.0,33.46,3,22,3,6,29.07,23.89,27.72,28.5,28.929999999999993,27.11833333333333,4.390000000000001,25.48
2026-03-22 04:00:00,25.05,78.988266,4.323748,1013.9864,25.6,35.6,926.0,28.9,47.0,31.3,4,22,3,6,33.46,24.26,26.45,29.38,31.276666666666657,27.926666666666666,-2.16,31.47
2026-03-22 05:00:00,26.5,69.641014,3.9844694,1014.29034,26.1,43.8,613.0,18.3,80.0,36.56,5,22,3,6,31.3,29.07,25.58,30.2,33.773333333333326,29.756666666666664,5.260000000000002,36.71
2026-03-22 06:00:00,27.1,64.17844,6.452441,1014.49176,28.8,54.6,368.0,10.1,106.0,42.74,6,22,3,6,36.56,33.46,23.89,31.0,36.86666666666665,32.89833333333333,6.18,40.43
2026-03-22 07:00:00,27.65,60.618465,8.699793,1014.29346,28.8,58.7,286.0,7.4,117.0,44.8,7,22,3,6,42.74,31.3,24.26,31.4,41.36666666666665,36.321666666666665,2.059999999999995,40.7
2026-03-22 08:00:00,28.75,54.941082,11.19189,1013.597,28.1,53.2,274.0,7.1,121.0,43.91,8,22,3,6,44.8,36.56,29.07,29.88,43.816666666666656,38.794999999999995,-0.8900000000000006,40.5
2026-03-22 09:00:00,29.0,51.50307,13.8049555,1012.79816,26.4,44.8,283.0,7.8,118.0,41.03,9,22,3,6,43.91,42.74,33.46,27.72,43.24666666666665,40.056666666666665,-2.8799999999999955,40.19
2026-03-22 10:00:00,28.45,55.21154,13.306615,1012.397,23.6,36.2,305.0,8.6,108.0,36.53,10,22,3,6,41.03,44.8,31.3,26.45,40.48999999999999,40.928333333333335,-4.5,39.66
2026-03-22 11:00:00,28.2,59.43868,12.503199,1011.8966,22.0,31.4,348.0,10.4,92.0,32.64,11,22,3,6,36.53,43.91,36.56,25.58,36.73333333333333,40.275,-3.8900000000000006,38.77
2026-03-22 12:00:00,27.0,63.958202,5.634891,1011.7935,25.4,34.6,388.0,12.2,79.0,33.3,12,22,3,6,32.64,41.03,42.74,23.89,34.15666666666666,38.70166666666666,0.6599999999999966,36.08
2026-03-22 13:00:00,26.35,71.13137,13.88919,1012.0918,24.6,31.7,421.0,18.3,67.0,31.43,13,22,3,6,33.3,36.53,44.8,24.26,32.456666666666656,36.473333333333336,-1.8699999999999974,35.19
2026-03-22 14:00:00,25.65,74.59775,9.6932955,1012.2897,25.2,30.6,450.0,26.7,51.0,30.38,14,22,3,6,31.43,32.64,43.91,29.07,31.70333333333332,34.218333333333334,-1.0500000000000007,33.7
2026-03-22 15:00:00,25.0,79.22402,8.490582,1012.68744,25.9,31.2,465.0,33.4,38.0,29.9,15,22,3,6,30.38,33.3,41.03,33.46,30.56999999999999,32.36333333333334,-0.4800000000000004,34.16
2026-03-22 16:00:00,24.5,83.14095,6.8989563,1012.6862,26.1,31.1,460.0,37.2,31.0,29.5,16,22,3,6,29.9,31.43,36.53,31.3,29.92666666666666,31.191666666666666,-0.3999999999999986,34.94
2026-03-22 17:00:00,24.05,85.67615,7.6579366,1012.7848,26.7,31.3,439.0,39.2,27.0,29.54,17,22,3,6,29.5,30.38,32.64,36.56,29.646666666666658,30.674999999999997,0.03999999999999915,35.52
2026-03-22 18:00:00,24.25,83.87998,8.777653,1013.1852,26.8,31.2,406.0,38.9,26.0,29.38,18,22,3,6,29.54,29.9,33.3,42.74,29.47333333333332,30.021666666666665,-0.16000000000000014,35.76
2026-03-22 19:00:00,24.1,83.863335,8.792405,1012.88477,25.7,29.9,352.0,35.0,28.0,28.28,19,22,3,6,29.38,29.5,31.43,44.8,29.066666666666652,29.496666666666666,-1.0999999999999979,35.08
2026-03-22 20:00:00,23.85,84.61162,8.287822,1012.5844,23.3,27.2,285.0,28.8,33.0,26.36,20,22,3,6,28.28,29.54,30.38,43.91,28.00666666666666,28.826666666666668,-1.9200000000000017,33.83
2026-03-22 21:00:00,23.5,85.88466,8.043805,1012.1837,20.4,24.0,233.0,23.0,38.0,24.15,21,22,3,6,26.36,29.38,29.9,41.03,26.26333333333332,27.86833333333333,-2.210000000000001,32.44
2026-03-22 22:00:00,23.35,85.86986,7.8954163,1011.584,17.4,20.7,193.0,18.2,42.0,21.87,22,22,3,6,24.15,28.28,29.5,36.53,24.126666666666654,26.596666666666664,-2.2799999999999976,30.92
2026-03-22 23:00:00,23.4,85.08595,9.194106,1011.484,14.8,17.8,169.0,13.8,45.0,19.78,23,22,3,6,21.87,26.36,29.54,32.64,21.933333333333323,24.97,-2.09,29.2
2026-03-23 00:00:00,23.2,87.1858,9.028754,1011.3838,16.4,19.9,200.0,15.1,40.0,20.44,0,23,3,0,19.78,24.15,29.38,33.3,20.69666666666666,23.48,0.6600000000000001,26.34
2026-03-23 01:00:00,23.25,87.19031,9.080639,1011.88336,15.7,18.9,349.0,16.5,40.0,20.1,1,23,3,0,20.44,21.87,28.28,31.43,20.10666666666666,22.11666666666667,-0.33999999999999986,26.52
2026-03-23 02:00:00,23.1,88.79855,7.4932766,1012.18274,17.0,20.1,552.0,18.2,41.0,21.4,2,23,3,0,20.1,19.78,26.36,30.38,20.646666666666658,21.29,1.2999999999999972,28.9
2026-03-23 03:00:00,24.2,83.36165,7.4520864,1012.68524,16.4,20.4,662.0,18.3,47.0,22.08,3,23,3,0,21.4,20.44,24.15,29.9,21.193333333333324,20.945,0.6799999999999997,31.42
2026-03-23 04:00:00,25.9,71.71062,7.256032,1012.78986,14.8,19.8,583.0,15.4,64.0,23.27,4,23,3,0,22.08,20.1,21.87,29.5,22.24999999999999,21.17833333333333,1.1900000000000013,32.72
2026-03-23 05:00:00,27.6,58.56322,7.8625183,1012.99414,14.2,21.9,411.0,10.8,86.0,26.0,5,23,3,0,23.27,21.4,19.78,29.54,23.78333333333332,22.215,2.7300000000000004,34.52
2026-03-23 06:00:00,29.25,49.19011,8.641874,1013.0986,13.4,22.9,277.0,7.2,103.0,27.81,6,23,3,0,26.0,22.08,20.44,29.38,25.693333333333324,23.44333333333333,1.8099999999999987,37.69
2026-03-23 07:00:00,30.3,45.29268,10.308831,1012.5019,12.7,23.8,236.0,5.3,112.0,28.71,7,23,3,0,27.81,23.27,20.1,28.28,27.50666666666666,24.878333333333334,0.9000000000000021,41.94
2026-03-23 08:00:00,30.7,44.972397,12.708816,1011.60364,12.3,24.3,234.0,4.2,115.0,28.89,8,23,3,0,28.71,26.0,21.4,26.36,28.469999999999988,26.126666666666665,0.17999999999999972,43.62
2026-03-23 09:00:00,30.25,47.92418,15.3686695,1010.8029,12.0,24.1,245.0,4.1,115.0,28.68,9,23,3,0,28.89,27.81,22.08,24.15,28.75999999999999,27.22666666666667,-0.21000000000000085,43.01
2026-03-23 10:00:00,29.65,50.707848,15.206538,1010.00195,11.9,24.4,261.0,4.8,111.0,28.2,10,23,3,0,28.68,28.71,23.27,21.87,28.58999999999999,28.048333333333332,-0.4800000000000004,40.87
2026-03-23 11:00:00,29.3,50.77675,14.759999,1009.4015,12.1,25.4,290.0,6.3,103.0,27.53,11,23,3,0,28.2,28.89,26.0,19.78,28.136666666666656,28.30333333333333,-0.6699999999999982,37.77
2026-03-23 12:00:00,28.1,55.47211,12.606426,1009.5982,10.3,18.0,324.0,9.9,96.0,24.64,12,23,3,0,27.53,28.68,27.81,20.44,26.789999999999992,27.775000000000002,-2.8900000000000006,27.24
2026-03-23 13:00:00,27.1,61.062218,12.93247,1009.99536,11.1,17.3,370.0,18.0,79.0,23.56,13,23,3,0,24.64,28.2,28.71,20.1,25.24333333333332,26.916666666666668,-1.0800000000000018,26.12
2026-03-23 14:00:00,25.8,73.257416,9.919618,1010.2916,13.6,18.0,422.0,28.9,55.0,22.98,14,23,3,0,23.56,27.53,28.89,21.4,23.726666666666656,25.93166666666667,-0.5799999999999983,24.88
2026-03-23 15:00:00,25.3,80.48718,10.03167,1010.98975,13.6,18.7,453.0,35.4,39.0,21.7,15,23,3,0,22.98,24.64,28.68,22.08,22.746666666666655,24.768333333333334,-1.2800000000000011,24.44
2026-03-23 16:00:00,24.9,85.2403,9.028754,1011.48816,12.6,18.7,452.0,33.4,38.0,20.75,16,23,3,0,21.7,23.56,28.2,23.27,21.80999999999999,23.526666666666667,-0.9499999999999993,24.6
2026-03-23 17:00:00,24.65,86.259575,9.0018,1011.68726,11.7,18.2,430.0,27.1,45.0,20.3,17,23,3,0,20.75,22.98,27.53,26.0,20.916666666666657,22.32166666666667,-0.4499999999999993,24.98
2026-03-23 18:00:00,24.55,88.64357,9.531505,1011.7869,11.4,17.5,395.0,21.6,51.0,20.09,18,23,3,0,20.3,21.7,24.64,27.81,20.379999999999992,21.563333333333333,-0.21000000000000085,25.02
2026-03-23 19:00:00,24.55,89.45428,8.581677,1011.38727,11.3,16.6,337.0,18.8,52.0,19.59,19,23,3,0,20.09,20.75,23.56,28.71,19.993333333333325,20.901666666666667,-0.5,24.82
2026-03-23 20:00:00,24.35,91.08237,8.149847,1010.8871,11.0,15.8,266.0,16.9,51.0,18.84,20,23,3,0,19.59,20.3,22.98,28.89,19.506666666666657,20.21166666666667,-0.75,23.92
2026-03-23 21:00:00,24.05,92.455505,9.255571,1010.5866,10.4,14.7,213.0,15.0,50.0,17.89,21,23,3,0,18.84,20.09,21.7,28.68,18.773333333333323,19.576666666666668,-0.9499999999999993,22.56
2026-03-23 22:00:00,23.75,93.852936,9.565437,1010.48566,9.5,13.4,184.0,12.3,50.0,16.78,22,23,3,0,17.89,19.59,20.75,28.2,17.83666666666666,18.915000000000003,-1.1099999999999994,21.18
2026-03-23 23:00:00,23.95,92.45001,8.39078,1010.18665,8.6,12.5,173.0,9.6,50.0,15.74,23,23,3,0,16.78,18.84,20.3,27.53,16.803333333333324,18.155,-1.040000000000001,19.94
2026-03-24 00:00:00,24.1,93.020096,8.209263,1009.6873,8.2,11.1,195.0,9.4,48.0,14.93,0,24,3,1,15.74,17.89,20.09,24.64,15.816666666666658,17.294999999999998,-0.8100000000000005,19.63
2026-03-24 01:00:00,24.15,92.74141,10.24578,1010.08734,8.7,12.5,281.0,13.2,43.0,15.28,1,24,3,1,14.93,16.78,19.59,23.56,15.316666666666658,16.576666666666664,0.34999999999999964,19.26
2026-03-24 02:00:00,24.1,92.458176,10.597094,1010.5866,11.4,15.7,399.0,18.3,38.0,17.28,2,24,3,1,15.28,15.74,18.84,22.98,15.82999999999999,16.316666666666666,2.0000000000000018,20.76
2026-03-24 03:00:00,25.0,84.47587,11.51578,1011.48834,13.2,18.7,467.0,21.7,37.0,19.14,3,24,3,1,17.28,14.93,17.89,21.7,17.233333333333324,16.525,1.8599999999999994,21.98
2026-03-24 04:00:00,26.4,74.49222,9.2660675,1011.8919,14.8,22.1,431.0,22.1,44.0,21.74,4,24,3,1,19.14,15.28,16.78,20.75,19.386666666666656,17.35166666666667,2.599999999999998,23.81
2026-03-24 05:00:00,28.25,60.192665,9.901636,1011.9969,15.5,26.6,344.0,20.8,56.0,24.59,5,24,3,1,21.74,17.28,15.74,20.3,21.823333333333323,18.826666666666664,2.8500000000000014,26.93
2026-03-24 06:00:00,29.75,49.631878,7.3997297,1011.701,17.3,32.2,286.0,18.6,72.0,28.68,6,24,3,1,24.59,19.14,14.93,20.09,25.00333333333332,21.118333333333336,4.09,29.32
2026-03-24 07:00:00,29.05,49.44908,7.555712,1010.6999,17.8,35.9,294.0,14.8,97.0,32.85,7,24,3,1,28.68,21.74,15.28,19.59,28.70666666666666,24.046666666666667,4.170000000000002,31.52
2026-03-24 08:00:00,29.65,45.549618,7.731622,1010.00195,17.9,36.9,330.0,10.1,126.0,36.75,8,24,3,1,32.85,24.59,17.28,18.84,32.75999999999999,27.291666666666668,3.8999999999999986,35.06
2026-03-24 09:00:00,29.55,51.805794,11.525623,1009.40247,19.3,37.1,360.0,7.1,142.0,39.44,9,24,3,1,36.75,28.68,19.14,17.89,36.34666666666666,30.674999999999997,2.6899999999999977,37.12
2026-03-24 10:00:00,28.65,61.222065,13.1412325,1008.9003,20.1,36.6,367.0,6.5,138.0,39.04,10,24,3,1,39.44,32.85,21.74,16.78,38.40999999999999,33.55833333333333,-0.3999999999999986,31.96
2026-03-24 11:00:00,29.4,55.101128,9.983106,1008.1029,18.5,33.6,368.0,7.6,121.0,35.26,11,24,3,1,39.04,36.75,24.59,15.74,37.91333333333332,35.336666666666666,-3.780000000000001,24.65
2026-03-24 12:00:00,29.2,60.782215,10.234705,1008.00256,16.2,28.7,385.0,11.3,115.0,32.78,12,24,3,1,35.26,39.44,28.68,14.93,35.69333333333332,36.02,-2.479999999999997,14.48
2026-03-24 13:00:00,27.85,65.33697,11.440978,1008.1987,16.7,27.6,439.0,16.7,93.0,30.32,13,24,3,1,32.78,39.04,32.85,15.28,32.786666666666655,35.598333333333336,-2.460000000000001,13.53
2026-03-24 14:00:00,26.7,72.51736,9.6480665,1008.5955,16.5,23.5,509.0,24.1,62.0,25.87,14,24,3,1,30.32,35.26,36.75,17.28,29.656666666666656,33.785000000000004,-4.449999999999999,13.1
2026-03-24 15:00:00,25.95,81.5574,7.970972,1009.19275,14.8,22.1,556.0,28.6,40.0,22.11,15,24,3,1,25.87,32.78,39.44,19.14,26.09999999999999,30.896666666666665,-3.7600000000000016,13.56
2026-03-24 16:00:00,25.45,86.5974,9.36173,1010.0909,14.5,21.9,572.0,27.9,35.0,21.06,16,24,3,1,22.11,30.32,39.04,21.74,23.01333333333332,27.900000000000002,-1.0500000000000007,13.95
2026-03-24 17:00:00,25.2,88.96386,9.793058,1010.39,14.0,21.9,565.0,24.3,39.0,20.88,17,24,3,1,21.06,25.87,35.26,24.59,21.34999999999999,25.50333333333333,-0.17999999999999972,14.98
2026-03-24 18:00:00,25.25,89.506386,12.049249,1010.39,13.5,22.3,524.0,20.3,43.0,20.7,18,24,3,1,20.88,22.11,32.78,28.68,20.87999999999999,23.49,-0.17999999999999972,15.51
2026-03-24 19:00:00,25.25,90.59229,14.357185,1010.39,13.2,22.9,421.0,16.4,46.0,20.54,19,24,3,1,20.7,21.06,30.32,32.85,20.706666666666656,21.86,-0.16000000000000014,14.98
2026-03-24 20:00:00,25.2,90.588936,13.055896,1009.8904,12.6,23.1,283.0,12.1,49.0,20.09,20,24,3,1,20.54,20.88,25.87,36.75,20.443333333333324,20.896666666666665,-0.4499999999999993,13.98
2026-03-24 21:00:00,24.85,91.94281,11.793777,1009.5897,11.9,22.0,183.0,8.7,52.0,19.46,21,24,3,1,20.09,20.7,22.11,39.44,20.02999999999999,20.455000000000002,-0.629999999999999,13.0
2026-03-24 22:00:00,24.75,91.383514,12.466867,1009.28955,11.1,19.9,131.0,6.2,54.0,18.56,22,24,3,1,19.46,20.54,21.06,39.04,19.36999999999999,20.03833333333333,-0.9000000000000021,12.02
2026-03-24 23:00:00,24.9,88.13594,12.10157,1009.28986,10.7,19.3,116.0,4.7,56.0,18.32,23,24,3,1,18.56,20.09,20.88,35.26,18.77999999999999,19.611666666666668,-0.23999999999999844,11.88
2026-03-25 00:00:00,24.3,86.489555,6.601363,1008.1892,11.3,18.9,183.0,7.6,49.0,17.92,0,25,3,2,18.32,19.46,20.7,32.78,18.266666666666655,19.148333333333333,-0.3999999999999986,11.49
2026-03-25 01:00:00,24.0,87.52454,7.072878,1008.8877,12.2,21.8,423.0,12.5,43.0,18.78,1,25,3,2,17.92,18.56,20.54,30.32,18.339999999999993,18.855,0.8599999999999994,12.2
2026-03-25 02:00:00,24.05,86.46594,8.37532,1009.6873,15.9,27.0,744.0,19.0,36.0,21.6,2,25,3,2,18.78,18.32,20.09,25.87,19.433333333333326,19.10666666666667,2.8200000000000003,13.78
2026-03-25 03:00:00,25.2,77.567856,6.9550843,1010.29004,19.4,35.3,912.0,22.1,36.0,25.48,3,25,3,2,21.6,17.92,19.46,22.11,21.953333333333322,20.11,3.879999999999999,16.12
2026-03-25 04:00:00,27.55,60.784588,8.513448,1010.49615,21.0,53.4,773.0,18.6,50.0,31.47,4,25,3,2,25.48,18.78,18.56,21.06,26.183333333333323,22.261666666666667,5.989999999999998,17.67
2026-03-25 05:00:00,29.5,46.384712,9.0,1010.90094,22.3,65.7,480.0,11.8,71.0,36.71,5,25,3,2,31.47,21.6,18.32,20.88,31.219999999999988,25.326666666666668,5.240000000000002,20.09
2026-03-25 06:00:00,30.05,45.947144,12.5032,1011.0024,23.8,72.6,258.0,6.4,87.0,40.43,6,25,3,2,36.71,25.48,17.92,20.7,36.203333333333326,29.078333333333337,3.719999999999999,22.26
2026-03-25 07:00:00,30.45,42.54621,14.974658,1010.90344,23.7,72.9,200.0,4.1,91.0,40.7,7,25,3,2,40.43,31.47,18.78,20.54,39.279999999999994,32.73166666666666,0.2700000000000031,23.96
2026-03-25 08:00:00,30.45,40.947403,14.138882,1010.00415,23.6,73.6,212.0,3.2,90.0,40.5,8,25,3,2,40.7,36.71,21.6,20.09,40.54333333333333,35.88166666666667,-0.20000000000000284,25.71
2026-03-25 09:00:00,30.3,39.99799,15.651722,1009.60425,23.5,75.2,235.0,3.3,86.0,40.19,9,25,3,2,40.5,40.43,25.48,19.46,40.46333333333333,38.333333333333336,-0.3100000000000023,27.41
2026-03-25 10:00:00,30.05,39.164543,13.684735,1009.00397,23.6,75.9,253.0,3.5,81.0,39.66,10,25,3,2,40.19,40.7,31.47,18.56,40.11666666666665,39.69833333333333,-0.5300000000000011,28.12
2026-03-25 11:00:00,29.35,42.65371,13.644427,1008.50256,23.9,75.9,282.0,4.6,73.0,38.77,11,25,3,2,39.66,40.5,36.71,18.32,39.53999999999999,40.041666666666664,-0.8899999999999935,26.79
2026-03-25 12:00:00,27.95,57.557766,13.060857,1008.3988,22.5,71.0,315.0,7.9,63.0,36.08,12,25,3,2,38.77,40.19,40.43,17.92,38.16999999999999,39.31666666666666,-2.690000000000005,21.72
2026-03-25 13:00:00,26.85,67.80081,12.483748,1008.59576,23.2,67.3,353.0,16.5,51.0,35.19,13,25,3,2,36.08,39.66,40.7,18.78,36.679999999999986,38.39833333333333,-0.8900000000000006,17.61
2026-03-25 14:00:00,26.05,76.28168,10.315115,1009.293,25.1,58.2,395.0,28.4,35.0,33.7,14,25,3,2,35.19,38.77,40.5,21.6,34.98999999999999,37.265,-1.4899999999999949,14.24
2026-03-25 15:00:00,25.95,74.64694,10.472536,1009.9921,27.5,57.0,432.0,38.1,22.0,34.16,15,25,3,2,33.7,36.08,40.19,25.48,34.349999999999994,36.26,0.45999999999999375,13.22
2026-03-25 16:00:00,25.9,71.2692,10.474082,1010.4917,29.7,56.5,466.0,43.6,15.0,34.94,16,25,3,2,34.16,35.19,39.66,31.47,34.26666666666666,35.473333333333336,0.7800000000000011,13.33
2026-03-25 17:00:00,25.65,72.55697,8.36758,1010.59106,31.0,55.9,497.0,46.9,12.0,35.52,17,25,3,2,34.94,33.7,38.77,36.71,34.87333333333333,34.931666666666665,0.5800000000000054,15.66
2026-03-25 18:00:00,25.7,73.46637,6.9480934,1010.691,31.7,55.5,510.0,47.7,11.0,35.76,18,25,3,2,35.52,34.16,36.08,40.43,35.40666666666666,34.87833333333333,0.23999999999999488,22.91
2026-03-25 19:00:00,25.65,73.91196,8.604301,1010.691,31.0,54.1,502.0,45.4,13.0,35.08,19,25,3,2,35.76,34.94,35.19,40.7,35.453333333333326,34.85999999999999,-0.6799999999999997,31.14
2026-03-25 20:00:00,25.4,75.48095,6.0721655,1010.19037,29.7,51.7,478.0,40.6,17.0,33.83,20,25,3,2,35.08,35.52,33.7,40.5,34.889999999999986,34.88166666666667,-1.25,36.14
2026-03-25 21:00:00,25.25,76.62745,6.1858225,1010.0903,28.2,48.9,437.0,35.1,22.0,32.44,21,25,3,2,33.83,35.76,34.16,40.19,33.783333333333324,34.595,-1.3900000000000006,37.0
2026-03-25 22:00:00,25.1,77.314926,7.458606,1010.5895,26.4,45.8,358.0,28.1,29.0,30.92,22,25,3,2,32.44,35.08,34.94,39.66,32.396666666666654,33.925000000000004,-1.519999999999996,35.15
2026-03-25 23:00:00,24.75,78.461876,6.489992,1010.4886,23.8,42.7,263.0,20.4,38.0,29.2,23,25,3,2,30.92,33.83,35.52,38.77,30.853333333333325,32.87166666666666,-1.7200000000000024,33.22
2026-03-26 00:00:00,24.8,79.92942,9.746631,1010.8883,21.4,37.5,218.0,16.3,38.0,26.34,0,26,3,3,29.2,32.44,35.76,36.08,28.819999999999993,31.301666666666666,-2.8599999999999994,31.48
2026-03-26 01:00:00,25.0,78.49765,11.726277,1011.988,21.8,37.0,277.0,22.8,32.0,26.52,1,26,3,3,26.34,30.92,35.08,35.19,27.353333333333325,29.875,0.17999999999999972,31.12
2026-03-26 02:00:00,24.95,78.009346,9.693296,1012.1878,25.5,40.0,386.0,31.3,23.0,28.9,2,26,3,3,26.52,29.2,33.83,33.7,27.253333333333327,29.05333333333333,2.379999999999999,31.7
2026-03-26 03:00:00,24.75,77.98017,9.432412,1012.9866,27.6,43.9,448.0,34.9,24.0,31.42,3,26,3,3,28.9,26.34,32.44,34.16,28.94666666666666,28.883333333333336,2.520000000000003,33.48
2026-03-26 04:00:00,25.3,74.770454,6.3690495,1013.3878,25.4,47.8,408.0,28.7,41.0,32.72,4,26,3,3,31.42,26.52,30.92,34.94,31.013333333333325,29.183333333333326,1.2999999999999972,33.47
2026-03-26 05:00:00,28.0,59.762833,6.8138976,1013.59503,24.3,49.2,321.0,17.5,66.0,34.52,5,26,3,3,32.72,28.9,29.2,35.52,32.886666666666656,30.069999999999997,1.8000000000000043,33.79
2026-03-26 06:00:00,29.75,50.10146,10.1376915,1012.99994,25.1,53.9,252.0,8.7,87.0,37.69,6,26,3,3,34.52,31.42,26.34,35.76,34.97666666666666,31.961666666666662,3.1699999999999946,34.23
2026-03-26 07:00:00,30.3,47.487396,15.236338,1012.8017,27.5,60.5,224.0,5.3,102.0,41.94,7,26,3,3,37.69,32.72,26.52,35.08,38.04999999999999,34.531666666666666,4.25,35.49
2026-03-26 08:00:00,30.1,48.035435,15.991659,1012.60114,27.4,61.7,214.0,4.2,113.0,43.62,8,26,3,3,41.94,34.52,28.9,33.83,41.08333333333332,36.985,1.6799999999999997,37.29
2026-03-26 09:00:00,30.25,46.000736,15.25865,1012.00195,26.1,58.9,217.0,4.2,117.0,43.01,9,26,3,3,43.62,37.69,31.42,32.44,42.856666666666655,38.916666666666664,-0.6099999999999994,38.98
2026-03-26 10:00:00,29.6,50.062523,14.974658,1011.10114,24.8,55.8,238.0,4.4,111.0,40.87,10,26,3,3,43.01,41.94,32.72,30.92,42.49999999999999,40.275,-2.1400000000000006,40.88
2026-03-26 11:00:00,29.05,52.49514,12.904882,1010.3002,23.4,51.9,272.0,5.6,99.0,37.77,11,26,3,3,40.87,43.62,34.52,29.2,40.54999999999999,40.81666666666667,-3.0999999999999943,43.29
2026-03-26 12:00:00,28.3,51.811695,12.261158,1011.09766,15.6,33.5,303.0,7.9,77.0,27.24,12,26,3,3,37.77,43.01,37.69,26.34,35.29333333333333,39.074999999999996,-10.530000000000005,43.74
2026-03-26 13:00:00,27.45,56.18942,11.173057,1011.2953,16.1,31.4,323.0,13.6,65.0,26.12,13,26,3,3,27.24,40.87,41.94,26.52,30.376666666666654,36.43833333333333,-1.1199999999999974,42.5
2026-03-26 14:00:00,26.4,63.63028,9.449572,1011.39233,17.6,28.3,340.0,21.5,48.0,24.88,14,26,3,3,26.12,37.77,43.62,28.9,26.079999999999988,33.315,-1.240000000000002,38.9
2026-03-26 15:00:00,25.7,71.01284,7.3094187,1012.18976,18.5,28.9,354.0,27.7,35.0,24.44,15,26,3,3,24.88,27.24,43.01,31.42,25.146666666666658,30.22,-0.4399999999999977,36.75
2026-03-26 16:00:00,25.4,74.55664,6.122647,1012.78827,19.5,29.1,371.0,31.2,29.0,24.6,16,26,3,3,24.44,26.12,40.87,32.72,24.63999999999999,27.508333333333336,0.16000000000000014,35.83
2026-03-26 17:00:00,25.15,77.32241,6.924738,1013.2873,20.5,29.4,385.0,33.0,26.0,24.98,17,26,3,3,24.6,24.88,37.77,34.52,24.67333333333333,25.376666666666665,0.379999999999999,35.71
2026-03-26 18:00:00,25.4,80.50029,8.211235,1013.48773,20.7,29.3,386.0,32.7,26.0,25.02,18,26,3,3,24.98,24.44,27.24,37.69,24.866666666666656,25.006666666666664,0.03999999999999915,36.26
2026-03-26 19:00:00,25.4,80.99323,7.9220443,1012.88824,20.7,28.8,363.0,29.1,29.0,24.82,19,26,3,3,25.02,24.6,26.12,41.94,24.939999999999987,24.790000000000003,-0.1999999999999993,36.93
2026-03-26 20:00:00,25.15,82.96254,6.5248446,1012.4879,19.4,27.4,326.0,23.3,35.0,23.92,20,26,3,3,24.82,24.98,24.88,43.62,24.586666666666655,24.63,-0.8999999999999986,37.4
2026-03-26 21:00:00,24.65,85.21473,7.0107627,1011.8871,17.5,25.4,293.0,18.2,40.0,22.56,21,26,3,3,23.92,25.02,24.44,43.01,23.766666666666655,24.316666666666666,-1.360000000000003,37.53
2026-03-26 22:00:00,24.3,87.55084,7.7879906,1011.38666,15.8,23.4,254.0,14.3,43.0,21.18,22,26,3,3,22.56,24.82,24.6,40.87,22.553333333333324,23.74666666666667,-1.379999999999999,37.21
2026-03-26 23:00:00,24.0,89.68569,7.8954163,1011.08594,14.6,21.2,219.0,11.0,45.0,19.94,23,26,3,3,21.18,23.92,24.98,37.77,21.226666666666656,22.906666666666666,-1.2399999999999984,35.92
2026-03-27 00:00:00,23.65,93.2803,6.151683,1011.5846,14.9,21.0,239.0,12.2,41.0,19.63,0,27,3,4,19.94,22.56,25.02,27.24,20.24999999999999,22.00833333333333,-0.3100000000000023,33.93
2026-03-27 01:00:00,23.7,92.71775,6.7757506,1011.9845,14.5,19.6,372.0,13.9,40.0,19.26,1,27,3,4,19.63,21.18,24.82,26.12,19.60999999999999,21.081666666666667,-0.36999999999999744,33.43
2026-03-27 02:00:00,23.7,92.999855,7.5363917,1012.1843,16.6,21.7,560.0,16.1,38.0,20.76,2,27,3,4,19.26,19.94,23.92,24.88,19.883333333333326,20.555,1.5,34.93
2026-03-27 03:00:00,24.9,86.28348,6.2405767,1012.887,16.8,23.1,678.0,16.7,43.0,21.98,3,27,3,4,20.76,19.63,22.56,24.44,20.66666666666666,20.458333333333332,1.2199999999999989,37.5
2026-03-27 04:00:00,26.7,74.99787,5.12289,1013.29175,16.2,24.4,665.0,14.2,58.0,23.81,4,27,3,4,21.98,19.26,21.18,24.6,22.183333333333323,20.89666666666667,1.8299999999999983,38.78
2026-03-27 05:00:00,28.65,60.098015,1.5484185,1013.3968,16.5,27.4,583.0,10.0,78.0,26.93,5,27,3,4,23.81,20.76,19.94,24.98,24.23999999999999,22.061666666666667,3.120000000000001,40.46
2026-03-27 06:00:00,29.95,54.050396,3.8647635,1013.20044,16.5,28.3,494.0,6.7,96.0,29.32,6,27,3,4,26.93,21.98,19.63,25.02,26.686666666666657,23.676666666666666,2.3900000000000006,41.56
2026-03-27 07:00:00,30.75,52.11087,11.753876,1012.8026,16.6,29.0,406.0,5.1,111.0,31.52,7,27,3,4,29.32,23.81,19.26,24.82,29.256666666666657,25.72,2.1999999999999993,41.64
2026-03-27 08:00:00,30.7,51.615456,13.337016,1012.0033,18.2,33.5,311.0,4.4,124.0,35.06,8,27,3,4,31.52,26.93,20.76,23.92,31.966666666666658,28.103333333333335,3.5400000000000027,41.14
2026-03-27 09:00:00,31.0,48.574787,15.275627,1011.2049,19.3,38.9,245.0,4.3,127.0,37.12,9,27,3,4,35.06,29.32,21.98,22.56,34.566666666666656,30.626666666666665,2.059999999999995,40.68
2026-03-27 10:00:00,30.1,53.586628,18.162169,1010.6027,16.6,30.0,229.0,4.7,113.0,31.96,10,27,3,4,37.12,31.52,23.81,21.18,34.713333333333324,31.985,-5.159999999999997,40.0
2026-03-27 11:00:00,28.9,59.05032,19.73854,1010.00006,11.8,21.9,241.0,5.8,90.0,24.65,11,27,3,4,31.96,35.06,26.93,19.94,31.24333333333332,31.605,-7.310000000000002,39.1
2026-03-27 12:00:00,27.8,65.729965,20.633371,1010.0972,3.7,3.9,254.0,7.0,72.0,14.48,12,27,3,4,24.65,37.12,29.32,19.63,23.69666666666666,29.131666666666664,-10.169999999999998,34.99
2026-03-27 13:00:00,27.05,69.53089,17.571909,1009.5957,3.5,3.7,261.0,10.6,63.0,13.53,13,27,3,4,14.48,31.96,31.52,19.26,17.553333333333324,26.13333333333333,-0.9500000000000011,34.87
2026-03-27 14:00:00,26.25,75.15479,12.673074,1009.1937,4.5,5.0,268.0,15.7,50.0,13.1,14,27,3,4,13.53,24.65,35.06,20.76,13.703333333333324,22.473333333333333,-0.4299999999999997,34.61
2026-03-27 15:00:00,25.8,81.04434,14.973576,1009.39233,6.1,7.4,269.0,19.2,41.0,13.56,15,27,3,4,13.1,14.48,37.12,21.98,13.396666666666656,18.546666666666663,0.46000000000000085,36.02
2026-03-27 16:00:00,25.65,81.27231,15.009236,1009.4919,6.7,10.0,262.0,20.3,37.0,13.95,16,27,3,4,13.56,13.53,31.96,23.81,13.536666666666656,15.545,0.3899999999999988,36.28
2026-03-27 17:00:00,25.35,82.98576,12.710091,1009.19116,7.6,13.2,249.0,19.9,37.0,14.98,17,27,3,4,13.95,13.1,24.65,26.93,14.163333333333325,13.933333333333335,1.0300000000000011,36.86
2026-03-27 18:00:00,25.4,84.00684,12.442153,1008.7915,8.0,15.3,231.0,18.3,38.0,15.51,18,27,3,4,14.98,13.56,14.48,29.32,14.813333333333324,14.104999999999999,0.5299999999999994,37.58
2026-03-27 19:00:00,25.25,86.05555,15.808263,1008.4915,7.1,14.6,202.0,14.7,42.0,14.98,19,27,3,4,15.51,13.95,13.53,31.52,15.156666666666657,14.346666666666666,-0.5299999999999994,38.38
2026-03-27 20:00:00,25.1,87.3555,19.08085,1008.39124,5.7,12.2,167.0,9.9,48.0,13.98,20,27,3,4,14.98,14.98,13.1,35.06,14.823333333333323,14.493333333333332,-1.0,39.69
2026-03-27 21:00:00,24.95,87.077644,18.044046,1007.59155,4.7,9.6,141.0,6.2,52.0,13.0,21,27,3,4,13.98,15.51,13.56,37.12,13.986666666666657,14.4,-0.9800000000000004,41.37
2026-03-27 22:00:00,24.75,86.79539,15.124284,1006.69165,4.3,7.0,127.0,4.5,52.0,12.02,22,27,3,4,13.0,14.98,13.95,31.96,12.999999999999991,14.078333333333333,-0.9800000000000004,42.77
2026-03-27 23:00:00,24.75,86.53191,14.799459,1006.3919,4.5,7.0,123.0,3.9,51.0,11.88,23,27,3,4,12.02,13.98,14.98,24.65,12.29999999999999,13.561666666666667,-0.1399999999999988,42.67
2026-03-28 00:00:00,25.0,83.45263,15.206537,1006.8921,4.3,6.2,136.0,5.0,49.0,11.49,0,28,3,5,11.88,13.0,15.51,14.48,11.796666666666658,12.891666666666667,-0.39000000000000057,40.07
2026-03-28 01:00:00,25.0,82.44026,14.332341,1007.0919,4.8,8.2,182.0,6.4,48.0,12.2,1,28,3,5,11.49,12.02,14.98,13.53,11.856666666666657,12.428333333333335,0.7099999999999991,39.87
2026-03-28 02:00:00,25.1,80.46092,14.545515,1007.392,6.5,12.0,246.0,8.2,46.0,13.78,2,28,3,5,12.2,11.88,13.98,13.1,12.48999999999999,12.395000000000001,1.58,41.1
2026-03-28 03:00:00,26.1,72.85934,20.833395,1007.7942,8.3,17.2,283.0,8.9,48.0,16.12,3,28,3,5,13.78,11.49,13.0,13.56,14.033333333333323,12.915000000000001,2.3400000000000016,42.54
2026-03-28 04:00:00,27.2,65.80888,23.231855,1008.49677,8.4,19.7,269.0,7.5,56.0,17.67,4,28,3,5,16.12,12.2,12.02,13.95,15.856666666666657,13.85666666666667,1.5500000000000007,42.67
2026-03-28 05:00:00,28.0,63.97456,22.945587,1008.89874,9.1,23.6,228.0,5.1,67.0,20.09,5,28,3,5,17.67,13.78,11.88,14.98,17.95999999999999,15.225,2.419999999999998,43.11
2026-03-28 06:00:00,29.05,54.332897,19.110542,1008.30176,10.2,26.3,198.0,3.3,76.0,22.26,6,28,3,5,20.09,16.12,11.49,15.51,20.006666666666657,17.02,2.1700000000000017,43.78
2026-03-28 07:00:00,29.5,54.614082,20.712517,1008.0032,11.1,29.3,191.0,2.7,81.0,23.96,7,28,3,5,22.26,17.67,12.2,14.98,22.103333333333325,18.98,1.6999999999999993,43.08
2026-03-28 08:00:00,30.25,47.773758,21.2522,1007.0059,11.8,34.7,194.0,2.8,83.0,25.71,8,28,3,5,23.96,20.09,13.78,13.98,23.97666666666666,20.968333333333334,1.75,42.5
2026-03-28 09:00:00,30.1,47.136337,22.840149,1006.5059,12.8,41.2,202.0,3.1,82.0,27.41,9,28,3,5,25.71,22.26,16.12,13.0,25.693333333333324,22.849999999999998,1.6999999999999993,42.02
2026-03-28 10:00:00,29.4,49.853466,23.433899,1006.2044,13.1,48.2,219.0,3.5,76.0,28.12,10,28,3,5,27.41,23.96,17.67,12.02,27.079999999999995,24.59166666666667,0.7100000000000009,41.58
2026-03-28 11:00:00,28.05,61.84839,21.349546,1005.6014,12.0,51.3,240.0,4.2,66.0,26.79,11,28,3,5,28.12,25.71,20.09,11.88,27.439999999999987,25.708333333333332,-1.3300000000000018,40.46
2026-03-28 12:00:00,27.75,60.45296,20.83184,1004.801,9.2,37.5,252.0,6.1,58.0,21.72,12,28,3,5,26.79,27.41,22.26,11.49,25.543333333333322,25.618333333333336,-5.07,38.51
2026-03-28 13:00:00,27.0,65.97133,19.45083,1004.89905,7.2,24.6,245.0,7.6,53.0,17.61,13,28,3,5,21.72,28.12,23.96,12.2,22.039999999999992,24.560000000000002,-4.109999999999999,38.02
2026-03-28 14:00:00,26.3,71.56163,20.39091,1004.9971,6.4,12.7,228.0,9.7,47.0,14.24,14,28,3,5,17.61,26.79,25.71,13.78,17.85666666666666,22.64833333333333,-3.369999999999999,37.37
2026-03-28 15:00:00,26.05,71.51666,20.780453,1005.2962,6.3,9.9,214.0,10.9,43.0,13.22,15,28,3,5,14.24,21.72,27.41,16.12,15.023333333333325,20.283333333333335,-1.0199999999999996,38.43
2026-03-28 16:00:00,25.9,70.83018,20.870687,1005.8954,6.2,10.2,210.0,10.6,44.0,13.33,16,28,3,5,13.22,17.61,28.12,17.67,13.596666666666657,17.81833333333333,0.10999999999999943,39.52
2026-03-28 17:00:00,25.8,70.37494,20.833395,1006.09503,7.4,17.5,209.0,9.4,47.0,15.66,17,28,3,5,13.33,14.24,26.79,20.09,14.069999999999991,15.963333333333333,2.33,40.44
2026-03-28 18:00:00,26.15,67.8723,19.820442,1005.99603,12.1,37.8,203.0,8.0,54.0,22.91,18,28,3,5,15.66,13.22,21.72,22.26,17.29999999999999,16.161666666666665,7.25,41.64
2026-03-28 19:00:00,26.0,65.96984,19.267569,1005.6959,18.2,55.8,185.0,6.5,66.0,31.14,19,28,3,5,22.91,13.33,17.61,23.96,23.23666666666666,18.416666666666668,8.23,42.25
2026-03-28 20:00:00,25.55,67.332275,19.440834,1005.4949,22.2,60.8,161.0,4.9,81.0,36.14,20,28,3,5,31.14,15.66,14.24,25.71,30.063333333333322,22.066666666666666,5.0,41.14
2026-03-28 21:00:00,25.25,71.59382,18.733839,1005.19415,22.5,56.2,145.0,3.7,93.0,37.0,21,28,3,5,36.14,22.91,13.22,27.41,34.75999999999999,26.03,0.8599999999999994,39.5
2026-03-28 22:00:00,25.1,68.30091,19.627428,1004.99396,20.7,49.0,137.0,3.0,97.0,35.15,22,28,3,5,37.0,31.14,13.33,28.12,36.09666666666666,29.666666666666668,-1.8500000000000014,37.4
2026-03-28 23:00:00,24.85,70.19752,19.660416,1004.89343,18.8,43.5,138.0,2.8,98.0,33.22,23,28,3,5,35.15,36.14,15.66,26.79,35.12333333333333,32.593333333333334,-1.9299999999999997,35.19
2026-03-29 00:00:00,24.55,73.04216,19.738539,1004.6926,17.8,38.2,157.0,3.6,96.0,31.48,0,29,3,6,33.22,37.0,22.91,21.72,33.283333333333324,34.02166666666667,-1.7399999999999984,34.2
2026-03-29 01:00:00,24.75,71.28121,18.921415,1005.1928,17.0,36.9,217.0,5.6,96.0,31.12,1,29,3,6,31.48,35.15,31.14,17.61,31.939999999999987,34.01833333333334,-0.35999999999999943,33.51
2026-03-29 02:00:00,24.7,69.29801,17.828178,1005.792,17.5,36.6,297.0,8.2,96.0,31.7,2,29,3,6,31.12,33.22,36.14,14.24,31.433333333333323,33.27833333333333,0.5799999999999983,35.46
2026-03-29 03:00:00,25.65,62.478294,18.57143,1006.69415,18.0,40.3,342.0,9.5,100.0,33.48,3,29,3,6,31.7,31.48,37.0,13.22,32.09999999999999,32.69166666666666,1.7799999999999976,37.81
2026-03-29 04:00:00,26.8,53.76989,18.687086,1007.6962,16.4,36.2,320.0,8.2,112.0,33.47,4,29,3,6,33.48,31.12,35.15,13.33,32.883333333333326,32.41166666666667,-0.00999999999999801,37.53
2026-03-29 05:00:00,27.95,44.36939,18.35647,1008.3988,14.8,31.0,264.0,5.6,129.0,33.79,5,29,3,6,33.47,31.7,33.22,15.66,33.57999999999999,32.50666666666667,0.3200000000000003,38.83
2026-03-29 06:00:00,28.5,54.70783,19.42416,1008.50024,13.4,29.2,222.0,3.6,141.0,34.23,6,29,3,6,33.79,33.48,31.48,22.91,33.82999999999999,32.964999999999996,0.4399999999999977,39.82
2026-03-29 07:00:00,29.15,52.68524,21.461555,1008.6018,13.6,33.2,211.0,3.0,144.0,35.49,7,29,3,6,34.23,33.47,31.12,31.14,34.50333333333332,33.693333333333335,1.2600000000000051,39.05
2026-03-29 08:00:00,29.0,53.478115,20.128637,1008.20184,14.7,40.2,213.0,3.0,143.0,37.29,8,29,3,6,35.49,33.79,31.7,36.14,35.669999999999995,34.625,1.7999999999999972,37.28
2026-03-29 09:00:00,29.1,47.61955,19.69993,1007.4027,15.9,47.7,222.0,3.3,140.0,38.98,9,29,3,6,37.29,34.23,33.48,37.0,37.25333333333332,35.541666666666664,1.6899999999999977,36.05
2026-03-29 10:00:00,28.9,43.081,19.300331,1006.80255,17.1,56.1,240.0,3.7,137.0,40.88,10,29,3,6,38.98,35.49,33.47,35.15,39.04999999999999,36.776666666666664,1.9000000000000057,34.0
2026-03-29 11:00:00,28.5,39.242638,18.727785,1006.302,18.7,67.3,266.0,4.5,132.0,43.29,11,29,3,6,40.88,37.29,33.79,33.22,41.04999999999999,38.36,2.4099999999999966,32.34
2026-03-29 12:00:00,27.7,42.19966,17.703253,1006.29987,18.9,73.8,290.0,6.2,124.0,43.74,12,29,3,6,43.29,38.98,34.23,31.48,42.63666666666666,39.945,0.45000000000000284,34.71
2026-03-29 13:00:00,26.75,49.95288,17.325874,1006.5971,18.9,68.7,311.0,9.7,119.0,42.5,13,29,3,6,43.74,40.88,35.49,31.12,43.176666666666655,41.11333333333334,-1.240000000000002,33.44
2026-03-29 14:00:00,25.95,55.64441,18.792551,1007.19434,18.1,55.1,330.0,14.5,111.0,38.9,14,29,3,6,42.5,43.29,37.29,31.7,41.71333333333333,41.38166666666667,-3.6000000000000014,31.88
2026-03-29 15:00:00,25.65,61.696804,12.659004,1007.29364,18.5,45.3,339.0,17.9,105.0,36.75,15,29,3,6,38.9,43.74,38.98,33.48,39.383333333333326,41.01,-2.1499999999999986,31.35
2026-03-29 16:00:00,25.3,65.20876,13.33094,1007.1928,18.7,42.4,337.0,19.0,101.0,35.83,16,29,3,6,36.75,42.5,40.88,33.47,37.15999999999999,40.16833333333334,-0.9200000000000017,31.31
2026-03-29 17:00:00,24.95,67.8457,13.849477,1007.39166,19.1,42.5,325.0,18.7,99.0,35.71,17,29,3,6,35.83,38.9,43.29,33.79,36.09666666666666,38.905,-0.11999999999999744,31.41
2026-03-29 18:00:00,25.15,64.16105,12.599998,1007.392,19.8,45.1,304.0,17.6,98.0,36.26,18,29,3,6,35.71,36.75,43.74,34.23,35.933333333333316,37.65833333333333,0.5499999999999972,31.58
2026-03-29 19:00:00,25.35,65.424,12.886039,1006.9929,20.3,48.1,266.0,15.4,99.0,36.93,19,29,3,6,36.26,35.83,42.5,35.49,36.29999999999999,36.73,0.6700000000000017,31.21
2026-03-29 20:00:00,25.5,58.06493,14.447172,1006.5936,20.3,50.5,219.0,12.3,102.0,37.4,20,29,3,6,36.93,35.71,38.9,37.29,36.86333333333332,36.48,0.46999999999999886,30.3
2026-03-29 21:00:00,25.15,59.664005,14.734735,1006.193,20.1,51.3,185.0,9.8,105.0,37.53,21,29,3,6,37.4,36.26,36.75,38.98,37.28666666666666,36.61,0.13000000000000256,29.58
2026-03-29 22:00:00,24.9,65.12439,15.062033,1006.1924,19.7,49.7,170.0,8.1,108.0,37.21,22,29,3,6,37.53,36.93,35.83,40.88,37.37999999999999,36.839999999999996,-0.3200000000000003,29.16
2026-03-29 23:00:00,24.8,65.92758,14.739132,1006.29193,18.9,44.7,169.0,6.9,110.0,35.92,23,29,3,6,37.21,37.4,35.71,43.29,36.88666666666666,36.875,-1.2899999999999991,29.59
2026-03-30 00:00:00,23.95,61.90088,14.230248,1006.1899,17.1,36.4,189.0,5.7,115.0,33.93,0,30,3,0,35.92,37.53,36.26,43.74,35.68666666666666,36.486666666666665,-1.990000000000002,27.42
2026-03-30 01:00:00,23.8,62.461693,14.221139,1006.6891,17.1,32.7,254.0,7.3,115.0,33.43,1,30,3,0,33.93,37.21,36.93,42.5,34.426666666666655,35.903333333333336,-0.5,28.86
2026-03-30 02:00:00,23.75,62.849815,13.88919,1007.4881,19.0,33.1,342.0,9.4,116.0,34.93,2,30,3,0,33.43,35.92,37.4,38.9,34.09666666666666,35.49166666666667,1.5,32.32
2026-03-30 03:00:00,24.65,60.502193,15.351793,1008.29,20.3,39.8,389.0,10.3,119.0,37.5,3,30,3,0,34.93,33.93,37.53,36.75,35.286666666666655,35.48666666666667,2.5700000000000003,37.13
2026-03-30 04:00:00,25.7,55.58262,14.618837,1009.29205,20.2,41.6,357.0,8.7,127.0,38.78,4,30,3,0,37.5,33.43,37.21,35.83,37.06999999999999,35.748333333333335,1.2800000000000011,39.44
2026-03-30 05:00:00,26.55,50.382973,13.229694,1009.69403,20.5,43.2,284.0,5.8,138.0,40.46,5,30,3,0,38.78,34.93,35.92,35.71,38.91333333333332,36.504999999999995,1.6799999999999997,42.31
2026-03-30 06:00:00,27.45,47.78849,15.3264475,1010.19617,20.7,44.6,230.0,3.6,145.0,41.56,6,30,3,0,40.46,37.5,33.93,36.26,40.26666666666666,37.77666666666667,1.1000000000000014,47.2
2026-03-30 07:00:00,27.9,43.22414,15.655861,1010.1974,20.3,45.1,217.0,2.8,147.0,41.64,7,30,3,0,41.56,38.78,33.43,36.93,41.21999999999999,39.145,0.0799999999999983,49.69
2026-03-30 08:00:00,28.2,40.32551,16.454994,1009.7983,19.6,45.9,222.0,2.7,145.0,41.14,8,30,3,0,41.64,40.46,34.93,37.4,41.44666666666666,40.18,-0.5,53.93
2026-03-30 09:00:00,28.25,38.412,15.717823,1008.5996,19.2,45.8,232.0,3.1,143.0,40.68,9,30,3,0,41.14,41.56,37.5,37.53,41.15333333333333,40.71,-0.46000000000000085,56.31
2026-03-30 10:00:00,28.0,37.96653,16.284779,1007.89954,18.7,44.8,245.0,3.6,141.0,40.0,10,30,3,0,40.68,41.64,38.78,37.21,40.606666666666655,40.913333333333334,-0.6799999999999997,55.62
2026-03-30 11:00:00,27.55,38.722397,15.426537,1007.0989,18.1,43.3,264.0,4.6,138.0,39.1,11,30,3,0,40.0,41.14,40.46,35.92,39.926666666666655,40.68666666666667,-0.8999999999999986,50.84
2026-03-30 12:00:00,26.65,41.635036,15.577022,1007.29614,14.5,34.0,286.0,6.6,133.0,34.99,12,30,3,0,39.1,40.68,41.56,33.93,38.029999999999994,39.59166666666666,-4.109999999999999,37.63
2026-03-30 13:00:00,25.7,47.47294,14.637663,1007.3936,15.5,34.8,314.0,10.4,124.0,34.87,13,30,3,0,34.99,40.0,41.64,33.43,36.319999999999986,38.46333333333333,-0.12000000000000455,36.72
2026-03-30 14:00:00,24.8,53.606876,13.926464,1007.49097,17.9,34.2,346.0,15.5,110.0,34.61,14,30,3,0,34.87,39.1,41.14,34.93,34.82333333333332,37.375,-0.259999999999998,35.25
2026-03-30 15:00:00,24.65,57.492184,15.182015,1008.29,20.1,39.9,366.0,18.9,101.0,36.02,15,30,3,0,34.61,34.99,40.68,37.5,35.16666666666666,36.598333333333336,1.4100000000000037,29.74
2026-03-30 16:00:00,24.45,59.5001,13.722565,1008.78894,20.4,42.5,371.0,19.2,98.0,36.28,16,30,3,0,36.02,34.87,40.0,38.78,35.636666666666656,35.97833333333333,0.259999999999998,25.0
2026-03-30 17:00:00,24.4,59.67852,12.791403,1009.18866,21.3,43.4,366.0,17.9,99.0,36.86,17,30,3,0,36.28,34.61,39.1,40.46,36.386666666666656,35.605,0.5799999999999983,23.6
2026-03-30 18:00:00,24.15,57.003563,11.391313,1008.7884,22.1,44.9,347.0,16.0,101.0,37.58,18,30,3,0,36.86,36.02,34.99,41.56,36.90666666666666,36.03666666666667,0.7199999999999989,23.62
2026-03-30 19:00:00,24.05,57.716434,11.521406,1008.788,22.5,47.5,306.0,13.5,104.0,38.38,19,30,3,0,37.58,36.28,34.87,41.64,37.606666666666655,36.62166666666667,0.8000000000000043,23.3
2026-03-30 20:00:00,23.85,61.28872,11.341428,1008.2878,23.1,51.8,251.0,10.5,108.0,39.69,20,30,3,0,38.38,36.86,34.61,41.14,38.54999999999999,37.468333333333334,1.3099999999999952,23.22
2026-03-30 21:00:00,23.9,61.300144,12.783802,1007.68866,24.1,57.2,212.0,8.2,111.0,41.37,21,30,3,0,39.69,37.58,36.02,40.68,39.813333333333325,38.36,1.6799999999999997,22.86
2026-03-30 22:00:00,23.7,59.32357,12.882267,1007.3882,25.2,62.2,184.0,6.2,112.0,42.77,22,30,3,0,41.37,38.38,36.28,40.0,41.27666666666666,39.44166666666667,1.4000000000000057,22.52
2026-03-30 23:00:00,23.4,61.97446,12.580699,1007.5872,25.5,62.6,172.0,5.0,111.0,42.67,23,30,3,0,42.77,39.69,36.86,39.1,42.26999999999999,40.41,-0.10000000000000142,22.25
2026-03-31 00:00:00,23.35,64.17866,8.209263,1007.2874,23.0,53.2,214.0,5.5,114.0,40.07,0,31,3,1,42.67,41.37,37.58,34.99,41.83666666666665,40.825,-2.6000000000000014,23.32
2026-03-31 01:00:00,23.35,65.00138,9.321845,1008.0868,23.4,52.4,378.0,11.9,106.0,39.87,1,31,3,1,40.07,42.77,38.38,34.87,40.86999999999999,41.07333333333333,-0.20000000000000284,24.46
2026-03-31 02:00:00,23.55,64.42661,8.688613,1008.98663,26.6,53.1,597.0,20.5,94.0,41.1,2,31,3,1,39.87,42.67,39.69,34.61,40.34666666666666,41.30833333333333,1.230000000000004,26.5
2026-03-31 03:00:00,24.55,59.904198,8.885877,1009.8885,27.9,56.1,709.0,24.8,91.0,42.54,3,31,3,1,41.1,40.07,41.37,36.02,41.169999999999995,41.50333333333334,1.4399999999999977,27.39
2026-03-31 04:00:00,25.75,52.149124,10.158444,1010.4911,24.7,58.9,608.0,20.6,103.0,42.67,4,31,3,1,42.54,39.87,42.77,36.28,42.103333333333325,41.48666666666667,0.13000000000000256,26.38
2026-03-31 05:00:00,26.65,47.11586,11.276968,1010.8933,23.8,55.4,402.0,12.2,122.0,43.11,5,31,3,1,42.67,41.1,42.67,36.86,42.77333333333333,41.559999999999995,0.4399999999999977,26.16
2026-03-31 06:00:00,26.5,45.42669,12.348051,1010.89307,23.7,53.3,247.0,5.8,136.0,43.78,6,31,3,1,43.11,42.54,40.07,37.58,43.18666666666666,42.178333333333335,0.6700000000000017,26.98
2026-03-31 07:00:00,27.25,44.899174,12.399113,1010.3953,22.8,50.4,214.0,4.0,140.0,43.08,7,31,3,1,43.78,42.67,39.87,38.38,43.32333333333332,42.71333333333333,-0.7000000000000028,28.2
2026-03-31 08:00:00,27.4,44.940067,12.399113,1009.996,22.3,48.7,233.0,4.1,140.0,42.5,8,31,3,1,43.08,43.11,41.1,39.69,43.11999999999998,42.946666666666665,-0.5799999999999983,29.19
2026-03-31 09:00:00,27.3,45.791824,12.534257,1008.99677,22.3,47.4,255.0,4.6,138.0,42.02,9,31,3,1,42.5,43.78,42.54,41.37,42.533333333333324,42.86000000000001,-0.4799999999999969,28.95
2026-03-31 10:00:00,27.4,45.23137,13.681184,1008.2973,22.3,45.8,266.0,4.8,137.0,41.58,10,31,3,1,42.02,43.08,42.67,42.77,42.033333333333324,42.678333333333335,-0.44000000000000483,28.67
2026-03-31 11:00:00,27.2,45.91269,14.581111,1007.59753,21.5,43.3,281.0,5.3,135.0,40.46,11,31,3,1,41.58,42.5,43.11,42.67,41.353333333333325,42.23666666666667,-1.1199999999999974,27.86
2026-03-31 12:00:00,26.5,49.249897,13.149859,1007.59576,19.7,39.2,293.0,6.8,132.0,38.51,12,31,3,1,40.46,42.02,43.78,40.07,40.183333333333316,41.358333333333334,-1.9500000000000028,28.88
2026-03-31 13:00:00,25.75,54.540802,14.345898,1007.9931,20.0,38.6,292.0,9.3,126.0,38.02,13,31,3,1,38.51,41.58,43.08,39.87,38.99666666666666,40.51499999999999,-0.4899999999999949,28.38
2026-03-31 14:00:00,25.1,57.969162,13.943901,1008.691,20.7,36.9,289.0,12.9,118.0,37.37,14,31,3,1,38.02,40.46,42.5,41.1,37.96666666666666,39.66,-0.6500000000000057,27.66
2026-03-31 15:00:00,25.05,57.222496,12.966248,1008.8905,22.5,41.0,309.0,16.5,110.0,38.43,15,31,3,1,37.37,38.51,42.02,42.54,37.93999999999999,39.06166666666667,1.0600000000000023,28.17
2026-03-31 16:00:00,24.95,56.29105,12.24,1009.6898,24.5,45.3,385.0,20.4,101.0,39.52,16,31,3,1,38.43,38.02,41.58,42.67,38.43999999999999,38.718333333333334,1.0900000000000034,29.5
2026-03-31 17:00:00,24.7,58.244026,9.243311,1009.88873,26.6,48.5,484.0,24.3,92.0,40.44,17,31,3,1,39.52,37.37,40.46,43.11,39.46333333333332,38.715,0.9199999999999946,31.61
2026-03-31 18:00:00,24.45,62.210674,9.721666,1010.08795,28.9,51.3,538.0,25.9,87.0,41.64,18,31,3,1,40.44,38.43,38.51,43.78,40.533333333333324,39.236666666666665,1.2000000000000028,32.43
2026-03-31 19:00:00,24.5,63.81864,8.865799,1009.58875,29.6,53.0,508.0,23.3,89.0,42.25,19,31,3,1,41.64,39.52,38.02,43.08,41.44333333333332,39.94166666666666,0.6099999999999994,31.8
2026-03-31 20:00:00,24.45,64.82416,8.43699,1009.18866,27.8,51.9,432.0,18.4,94.0,41.14,20,31,3,1,42.25,40.44,37.37,42.5,41.676666666666655,40.57,-1.1099999999999994,30.52
2026-03-31 21:00:00,24.0,67.65607,7.293888,1008.48804,25.5,49.5,358.0,14.3,98.0,39.5,21,31,3,1,41.14,41.64,38.43,42.02,40.96333333333333,40.748333333333335,-1.6400000000000006,28.82
2026-03-31 22:00:00,23.85,69.35203,8.827343,1008.088,23.6,45.8,281.0,11.6,98.0,37.4,22,31,3,1,39.5,42.25,39.52,41.58,39.34666666666666,40.395,-2.1000000000000014,26.91
2026-03-31 23:00:00,23.35,72.37733,8.427383,1007.88696,22.0,41.6,206.0,9.8,96.0,35.19,23,31,3,1,37.4,41.14,40.44,40.46,37.36333333333332,39.52,-2.210000000000001,25.44
2026-04-01 00:00:00,24.0,70.03756,9.354806,1008.1883,21.8,39.5,197.0,11.7,91.0,34.2,0,1,4,2,35.19,39.5,41.64,38.51,35.59666666666666,38.28,-0.9899999999999949,26.55
2026-04-01 01:00:00,23.9,70.45972,10.096059,1008.3881,21.0,36.9,329.0,17.2,87.0,33.51,1,1,4,2,34.2,37.4,42.25,38.02,34.29999999999999,36.82333333333333,-0.6900000000000048,27.45
2026-04-01 02:00:00,23.7,71.761406,9.391102,1008.78705,23.7,38.2,527.0,24.5,82.0,35.46,2,1,4,2,33.51,35.19,41.14,37.37,34.38999999999999,35.876666666666665,1.9500000000000028,32.41
2026-04-01 03:00:00,24.85,66.98098,9.854075,1009.5897,25.4,41.1,634.0,27.6,85.0,37.81,3,1,4,2,35.46,34.2,39.5,38.43,35.59333333333333,35.595,2.3500000000000014,33.69
2026-04-01 04:00:00,26.4,57.73027,13.339445,1010.1933,21.7,40.0,552.0,22.5,102.0,37.53,4,1,4,2,37.81,33.51,37.4,39.52,36.93333333333333,35.61666666666667,-0.28000000000000114,31.99
2026-04-01 05:00:00,27.4,53.242786,13.418153,1010.49554,20.4,38.0,378.0,13.2,127.0,38.83,5,1,4,2,37.53,35.46,35.19,40.44,38.05666666666666,36.22333333333333,1.2999999999999972,35.12
2026-04-01 06:00:00,27.85,50.400726,15.299999,1010.79663,19.8,37.0,249.0,6.1,144.0,39.82,6,1,4,2,38.83,37.81,34.2,41.64,38.72666666666666,37.160000000000004,0.990000000000002,37.69
2026-04-01 07:00:00,28.5,48.06799,14.897651,1010.79846,18.6,36.4,225.0,3.8,146.0,39.05,7,1,4,2,39.82,37.53,33.51,42.25,39.23333333333332,38.083333333333336,-0.7700000000000031,37.45
2026-04-01 08:00:00,28.6,47.78965,14.761098,1009.99945,16.9,35.6,245.0,3.7,141.0,37.28,8,1,4,2,39.05,38.83,35.46,41.14,38.71666666666666,38.38666666666666,-1.769999999999996,35.8
2026-04-01 09:00:00,29.0,43.525494,13.31635,1009.10114,16.0,36.6,267.0,4.2,134.0,36.05,9,1,4,2,37.28,39.82,37.81,39.5,37.45999999999999,38.093333333333334,-1.230000000000004,33.68
2026-04-01 10:00:00,28.9,44.20136,12.801531,1007.80176,14.8,34.9,277.0,4.8,126.0,34.0,10,1,4,2,36.05,39.05,37.53,37.4,35.77666666666665,37.505,-2.049999999999997,32.61
2026-04-01 11:00:00,28.0,49.803062,14.897651,1007.00024,14.3,34.5,288.0,5.9,116.0,32.34,11,1,4,2,34.0,37.28,38.83,35.19,34.12999999999999,36.42333333333333,-1.6599999999999966,31.94
2026-04-01 12:00:00,27.0,55.550884,15.885956,1007.69684,18.1,43.4,300.0,8.2,105.0,34.71,12,1,4,2,32.34,36.05,39.82,34.2,33.68333333333333,35.571666666666665,2.3699999999999974,29.16
2026-04-01 13:00:00,26.25,60.29794,15.39184,1007.8948,17.7,42.0,311.0,10.9,97.0,33.44,13,1,4,2,34.71,34.0,39.05,33.51,33.49666666666666,34.63666666666666,-1.2700000000000031,29.06
2026-04-01 14:00:00,25.6,63.059097,12.466867,1008.2926,17.9,39.8,322.0,14.8,85.0,31.88,14,1,4,2,33.44,32.34,37.28,35.46,33.34333333333333,33.73666666666667,-1.5599999999999987,29.06
2026-04-01 15:00:00,25.2,65.59798,12.261158,1008.8912,19.2,39.0,334.0,18.0,75.0,31.35,15,1,4,2,31.88,34.71,36.05,37.81,32.22333333333332,32.95333333333333,-0.5299999999999976,29.45
2026-04-01 16:00:00,24.9,69.98838,10.805999,1009.48975,20.0,39.0,357.0,20.1,70.0,31.31,16,1,4,2,31.35,33.44,34.0,37.53,31.51333333333332,32.505,-0.0400000000000027,29.3
2026-04-01 17:00:00,24.7,73.0681,9.114471,1009.78876,20.7,39.6,382.0,21.6,66.0,31.41,17,1,4,2,31.31,31.88,32.34,38.83,31.35666666666666,32.35,0.10000000000000142,29.46
2026-04-01 18:00:00,24.7,76.30683,8.528657,1009.2892,21.3,40.0,381.0,22.2,64.0,31.58,18,1,4,2,31.41,31.35,34.71,39.82,31.433333333333323,31.82833333333333,0.16999999999999815,29.17
2026-04-01 19:00:00,24.85,76.566,11.525623,1009.38983,21.3,39.7,326.0,21.1,63.0,31.21,19,1,4,2,31.58,31.31,33.44,39.05,31.39999999999999,31.456666666666663,-0.36999999999999744,27.88
2026-04-01 20:00:00,24.95,75.64218,11.659777,1009.5899,20.7,38.9,245.0,19.1,62.0,30.3,20,1,4,2,31.21,31.41,31.88,37.28,31.02999999999999,31.19333333333333,-0.9100000000000001,26.9
2026-04-01 21:00:00,24.55,78.43322,7.731622,1008.58954,20.5,38.3,191.0,17.8,60.0,29.58,21,1,4,2,30.3,31.58,31.35,36.05,30.363333333333326,30.89833333333333,-0.7200000000000024,26.62
2026-04-01 22:00:00,24.15,80.33556,4.3349743,1008.38873,21.0,38.8,181.0,17.7,55.0,29.16,22,1,4,2,29.58,31.21,31.31,34.0,29.67999999999999,30.539999999999996,-0.41999999999999815,26.0
2026-04-01 23:00:00,23.6,83.29294,6.452441,1007.7876,22.1,41.4,197.0,18.4,50.0,29.59,23,1,4,2,29.16,30.3,31.41,32.34,29.443333333333324,30.236666666666665,0.4299999999999997,25.3
2026-04-02 00:00:00,23.2,86.385185,1.6199999,1008.4861,18.7,36.1,239.0,14.3,58.0,27.42,0,2,4,3,29.59,29.58,31.58,34.71,28.723333333333326,29.543333333333337,-2.169999999999998,23.29
2026-04-02 01:00:00,23.35,85.34307,1.1525624,1008.0868,19.6,38.0,329.0,16.4,60.0,28.86,1,2,4,3,27.42,29.16,31.21,33.44,28.623333333333324,29.151666666666667,1.4399999999999977,24.36
2026-04-02 02:00:00,23.2,87.1858,6.924738,1008.9857,22.9,42.6,445.0,19.3,63.0,32.32,2,2,4,3,28.86,29.59,30.3,31.88,29.53333333333332,29.488333333333333,3.460000000000001,30.88
2026-04-02 03:00:00,23.75,78.8051,12.758432,1010.08606,23.3,61.7,521.0,20.6,67.0,37.13,3,2,4,3,32.32,27.42,29.58,31.35,32.76999999999999,30.74666666666667,4.810000000000002,34.14
2026-04-02 04:00:00,21.35,82.25397,15.122143,1011.4783,24.2,69.2,522.0,19.0,71.0,39.44,4,2,4,3,37.13,28.86,29.16,31.31,36.29666666666666,32.46,2.309999999999995,32.55
2026-04-02 05:00:00,21.5,80.99162,10.650465,1012.3782,25.4,79.2,483.0,15.8,76.0,42.31,5,2,4,3,39.44,32.32,29.59,31.41,39.62666666666666,34.580000000000005,2.8700000000000045,34.98
2026-04-02 06:00:00,23.75,73.820496,4.913044,1011.8846,27.5,95.9,447.0,13.1,82.0,47.2,6,2,4,3,42.31,37.13,27.42,31.58,42.98333333333333,37.876666666666665,4.890000000000001,37.26
2026-04-02 07:00:00,24.25,72.31044,8.669949,1012.0861,28.8,101.3,428.0,11.2,89.0,49.69,7,2,4,3,47.2,39.44,28.86,31.21,46.4,41.348333333333336,2.489999999999995,37.32
2026-04-02 08:00:00,24.0,73.40352,11.016824,1011.28577,31.5,110.8,413.0,9.8,97.0,53.93,8,2,4,3,49.69,42.31,32.32,30.3,50.27333333333332,44.949999999999996,4.240000000000002,36.5
2026-04-02 09:00:00,24.25,74.83013,10.706596,1010.58734,33.2,115.9,403.0,9.2,101.0,56.31,9,2,4,3,53.93,47.2,37.13,29.58,53.309999999999995,48.14666666666667,2.3800000000000026,35.84
2026-04-02 10:00:00,21.8,81.53977,6.5024605,1010.3805,32.8,114.8,400.0,9.4,99.0,55.62,10,2,4,3,56.31,49.69,39.44,29.16,55.286666666666655,50.843333333333334,-0.6900000000000048,34.9
2026-04-02 11:00:00,23.9,72.70167,8.287822,1009.18744,29.4,103.1,404.0,10.5,93.0,50.84,11,2,4,3,55.62,53.93,42.31,29.59,54.25666666666666,52.26499999999999,-4.779999999999994,33.93
2026-04-02 12:00:00,20.3,85.56418,1.659518,1009.87683,21.0,59.5,413.0,11.5,90.0,37.63,12,2,4,3,50.84,56.31,47.2,27.42,48.029999999999994,50.669999999999995,-13.21,34.38
2026-04-02 13:00:00,20.5,85.58451,7.208994,1009.178,20.9,57.0,433.0,16.1,83.0,36.72,13,2,4,3,37.63,55.62,49.69,28.86,41.72999999999999,48.50833333333333,-0.9100000000000037,33.38
2026-04-02 14:00:00,20.5,85.85387,1.9386592,1008.87823,21.2,51.7,460.0,22.4,73.0,35.25,14,2,4,3,36.72,50.84,53.93,32.32,36.533333333333324,45.395,-1.4699999999999989,32.53
2026-04-02 15:00:00,20.5,85.31589,1.6299692,1009.3778,17.8,35.0,477.0,26.3,66.0,29.74,15,2,4,3,35.25,37.63,56.31,37.13,33.90333333333333,40.96666666666667,-5.510000000000002,31.95
2026-04-02 16:00:00,20.55,85.05327,1.2979984,1009.9773,12.4,25.6,467.0,25.2,66.0,25.0,16,2,4,3,29.74,36.72,55.62,39.44,29.99666666666666,35.86333333333334,-4.739999999999998,32.01
2026-04-02 17:00:00,20.5,86.93885,4.4456716,1010.47687,11.3,21.7,449.0,21.7,69.0,23.6,17,2,4,3,25.0,35.25,50.84,42.31,26.113333333333326,31.323333333333334,-1.3999999999999986,33.12
2026-04-02 18:00:00,18.2,91.54434,21.67487,1011.0698,12.0,21.1,462.0,19.3,70.0,23.62,18,2,4,3,23.6,29.74,37.63,47.2,24.073333333333323,28.988333333333333,0.019999999999999574,34.36
2026-04-02 19:00:00,19.15,88.75791,6.384293,1010.2732,12.4,20.7,541.0,19.4,67.0,23.3,19,2,4,3,23.62,25.0,36.72,49.69,23.50666666666666,26.751666666666665,-0.3200000000000003,34.61
2026-04-02 20:00:00,19.15,91.31498,5.9617786,1009.87354,13.2,20.4,653.0,20.6,63.0,23.22,20,2,4,3,23.3,23.6,35.25,53.93,23.379999999999992,24.746666666666666,-0.08000000000000185,33.54
2026-04-02 21:00:00,19.55,89.91579,7.6473517,1009.1751,13.3,20.5,736.0,21.7,59.0,22.86,21,2,4,3,23.22,23.62,29.74,56.31,23.126666666666654,23.599999999999998,-0.35999999999999943,32.6
2026-04-02 22:00:00,18.8,91.29273,7.570707,1008.37384,13.1,21.2,742.0,22.2,56.0,22.52,22,2,4,3,22.86,23.3,25.0,55.62,22.866666666666656,23.186666666666667,-0.33999999999999986,31.64
2026-04-02 23:00:00,17.9,93.58285,8.11798,1007.9716,13.6,21.3,720.0,22.6,52.0,22.25,23,2,4,3,22.52,23.22,23.6,50.84,22.543333333333322,22.961666666666662,-0.2699999999999996,30.94
2026-04-03 00:00:00,17.7,94.768654,7.353611,1008.7703,14.6,26.0,754.0,19.1,53.0,23.32,0,3,4,4,22.25,22.86,23.62,37.63,22.69666666666666,22.911666666666665,1.0700000000000003,30.72
2026-04-03 01:00:00,17.8,92.98577,6.7205353,1009.0705,16.4,27.2,944.0,22.1,50.0,24.46,1,3,4,4,23.32,22.52,23.3,36.72,23.343333333333323,23.105,1.1400000000000006,32.5
2026-04-03 02:00:00,18.05,91.24476,4.6938257,1009.5707,19.7,29.2,1190.0,26.1,46.0,26.5,2,3,4,4,24.46,22.25,23.22,35.25,24.75999999999999,23.651666666666667,2.039999999999999,35.26
2026-04-03 03:00:00,19.1,87.0837,4.143911,1010.27295,19.7,30.6,1277.0,27.1,49.0,27.39,3,3,4,4,26.5,23.32,22.86,29.74,26.116666666666656,24.406666666666666,0.8900000000000006,37.14
2026-04-03 04:00:00,20.8,78.132866,2.6999998,1010.9771,16.3,27.0,1051.0,22.5,63.0,26.38,4,3,4,4,27.39,24.46,22.52,25.0,26.756666666666657,25.05,-1.0100000000000016,37.95
2026-04-03 05:00:00,22.6,71.33603,3.6,1011.182,13.6,23.3,666.0,15.0,83.0,26.16,5,3,4,4,26.38,26.5,22.25,23.6,26.643333333333327,25.701666666666668,-0.21999999999999886,38.57
2026-04-03 06:00:00,24.05,60.750183,8.287822,1011.5858,12.5,21.9,370.0,9.0,100.0,26.98,6,3,4,4,26.16,27.39,23.32,23.62,26.506666666666657,26.311666666666667,0.8200000000000003,42.38
2026-04-03 07:00:00,24.85,53.966057,11.307095,1010.9885,12.2,21.9,269.0,6.1,112.0,28.2,7,3,4,4,26.98,26.38,24.46,23.3,27.113333333333326,26.935000000000002,1.2199999999999989,47.08
2026-04-03 08:00:00,25.25,51.519,12.580699,1010.48987,12.0,22.5,257.0,4.6,120.0,29.19,8,3,4,4,28.2,26.16,26.5,23.22,28.123333333333324,27.383333333333336,0.990000000000002,44.36
2026-04-03 09:00:00,25.25,51.85254,12.904882,1009.4907,10.7,22.0,264.0,4.0,124.0,28.95,9,3,4,4,29.19,26.98,27.39,22.86,28.77999999999999,27.643333333333334,-0.240000000000002,42.58
2026-04-03 10:00:00,25.35,51.378983,12.904882,1008.5917,10.4,23.0,268.0,3.8,122.0,28.67,10,3,4,4,28.95,28.2,26.38,22.52,28.936666666666657,28.024999999999995,-0.2799999999999976,39.42
2026-04-03 11:00:00,24.85,54.489452,13.4903965,1008.0909,10.5,23.4,291.0,4.5,115.0,27.86,11,3,4,4,28.67,29.19,26.16,22.25,28.493333333333325,28.308333333333334,-0.8100000000000023,35.15
2026-04-03 12:00:00,24.5,63.81864,12.819235,1007.7901,12.7,29.7,334.0,6.6,104.0,28.88,12,3,4,4,27.86,28.95,26.98,23.32,28.469999999999988,28.625,1.0199999999999996,32.62
2026-04-03 13:00:00,24.0,65.7608,11.525623,1007.68866,13.7,30.6,414.0,11.7,91.0,28.38,13,3,4,4,28.88,28.67,28.2,24.46,28.373333333333324,28.655,-0.5,29.44
2026-04-03 14:00:00,23.4,69.26533,10.070353,1008.1867,15.8,29.9,514.0,18.9,73.0,27.66,14,3,4,4,28.38,27.86,29.19,26.5,28.306666666666658,28.399999999999995,-0.7199999999999989,27.64
2026-04-03 15:00:00,23.3,71.91498,10.1902895,1008.4861,18.2,32.7,581.0,25.5,58.0,28.17,15,3,4,4,27.66,28.88,28.95,27.39,28.069999999999993,28.27,0.5100000000000016,27.09
2026-04-03 16:00:00,23.2,74.42375,9.194106,1009.4853,20.7,35.2,595.0,31.7,49.0,29.5,16,3,4,4,28.17,28.38,28.67,26.38,28.443333333333324,28.40833333333333,1.3299999999999983,26.16
2026-04-03 17:00:00,23.05,76.286644,7.7588143,1009.98425,23.9,37.4,577.0,37.2,44.0,31.61,17,3,4,4,29.5,27.66,27.86,26.16,29.75999999999999,29.03333333333333,2.1099999999999994,25.86
2026-04-03 18:00:00,23.15,70.987755,6.778141,1009.78467,24.9,37.7,532.0,38.9,44.0,32.43,18,3,4,4,31.61,28.17,28.88,26.98,31.179999999999993,29.625,0.8200000000000003,25.6
2026-04-03 19:00:00,23.3,69.465034,7.42159,1009.4853,23.5,35.9,444.0,33.8,52.0,31.8,19,3,4,4,32.43,29.5,28.38,28.2,31.94666666666666,30.195000000000004,-0.629999999999999,25.08
2026-04-03 20:00:00,22.85,68.72161,6.6405115,1009.3841,21.1,32.4,330.0,24.9,65.0,30.52,20,3,4,4,31.8,31.61,27.66,29.19,31.583333333333325,30.671666666666667,-1.2800000000000011,24.28
2026-04-03 21:00:00,22.45,67.77421,7.995323,1008.6838,18.5,28.3,246.0,17.7,75.0,28.82,21,3,4,4,30.52,32.43,28.17,28.95,30.379999999999992,30.78,-1.6999999999999993,23.62
2026-04-03 22:00:00,22.05,68.1277,9.187056,1008.4826,16.4,24.4,181.0,13.2,79.0,26.91,22,3,4,4,28.82,31.8,29.5,28.67,28.74999999999999,30.348333333333333,-1.9100000000000001,23.03
2026-04-03 23:00:00,21.7,70.26853,9.726664,1008.5816,15.1,21.7,147.0,10.3,80.0,25.44,23,3,4,4,26.91,30.52,31.61,27.86,27.056666666666658,29.320000000000004,-1.4699999999999989,23.17
2026-04-04 00:00:00,21.35,80.46431,7.282774,1008.8804,15.9,24.5,234.0,12.3,79.0,26.55,0,4,4,5,25.44,28.82,32.43,28.88,26.299999999999994,28.34,1.1099999999999994,25.58
2026-04-04 01:00:00,20.85,84.28723,5.896202,1009.17896,16.9,24.8,586.0,20.6,73.0,27.45,1,4,4,5,26.55,26.91,31.8,28.38,26.47999999999999,27.615,0.8999999999999986,26.27
2026-04-04 02:00:00,20.45,87.48135,4.913044,1009.7771,23.2,31.5,1059.0,31.7,65.0,32.41,2,4,4,5,27.45,25.44,30.52,27.66,28.803333333333324,27.930000000000003,4.959999999999997,28.59
2026-04-04 03:00:00,21.75,84.64913,2.6758924,1010.2805,23.9,31.0,1310.0,36.6,67.0,33.69,3,4,4,5,32.41,26.55,28.82,28.17,31.183333333333323,28.741666666666664,1.2800000000000011,34.55
2026-04-04 04:00:00,23.95,74.08507,2.1897945,1010.8861,17.3,27.9,1121.0,29.4,89.0,31.99,4,4,4,5,33.69,27.45,26.91,29.5,32.69666666666665,29.588333333333328,-1.6999999999999993,39.36
2026-04-04 05:00:00,25.7,65.08901,4.471107,1010.9907,15.8,32.5,709.0,16.1,122.0,35.12,5,4,4,5,31.99,32.41,25.44,31.61,33.59999999999999,31.201666666666664,3.129999999999999,42.31
2026-04-04 06:00:00,26.95,56.244495,7.596341,1010.8943,15.7,36.0,386.0,5.9,145.0,37.69,6,4,4,5,35.12,33.69,26.55,32.43,34.93333333333332,33.05833333333333,2.5700000000000003,44.5
2026-04-04 07:00:00,27.45,53.087112,11.854062,1010.79565,14.7,35.9,278.0,2.8,150.0,37.45,7,4,4,5,37.69,31.99,27.45,31.8,36.75333333333332,34.724999999999994,-0.23999999999999488,47.91
2026-04-04 08:00:00,27.5,50.792294,14.25641,1010.396,13.6,34.1,259.0,2.9,145.0,35.8,8,4,4,5,37.45,35.12,32.41,30.52,36.97999999999999,35.29,-1.6500000000000057,51.68
2026-04-04 09:00:00,27.5,50.309464,14.447172,1009.5967,12.7,29.8,262.0,3.5,139.0,33.68,9,4,4,5,35.8,37.69,33.69,28.82,35.643333333333324,35.288333333333334,-2.1199999999999974,54.48
2026-04-04 10:00:00,27.35,48.223564,14.49531,1008.5971,12.6,27.7,269.0,3.5,135.0,32.61,10,4,4,5,33.68,37.45,31.99,26.91,34.029999999999994,35.391666666666666,-1.0700000000000003,55.02
2026-04-04 11:00:00,26.85,49.819283,14.110209,1008.0962,12.9,26.9,298.0,4.1,130.0,31.94,11,4,4,5,32.61,35.8,35.12,25.44,32.743333333333325,34.861666666666665,-0.6699999999999982,53.2
2026-04-04 12:00:00,25.65,53.30775,14.168641,1008.69257,10.7,21.2,333.0,6.5,124.0,29.16,12,4,4,5,31.94,33.68,37.69,26.55,31.23666666666666,33.44,-2.780000000000001,48.16
2026-04-04 13:00:00,24.9,58.106255,12.750811,1008.9901,11.7,22.8,380.0,12.3,112.0,29.06,13,4,4,5,29.16,32.61,37.45,27.45,30.053333333333324,32.041666666666664,-0.10000000000000142,40.76
2026-04-04 14:00:00,23.95,65.95865,12.466867,1009.28735,14.1,22.9,433.0,20.2,96.0,29.06,14,4,4,5,29.06,31.94,35.8,32.41,29.093333333333323,30.918333333333333,0.0,35.03
2026-04-04 15:00:00,23.8,67.829704,13.971756,1009.6867,16.1,24.5,460.0,26.0,84.0,29.45,15,4,4,5,29.06,29.16,33.68,33.69,29.189999999999987,30.213333333333335,0.39000000000000057,33.44
2026-04-04 16:00:00,23.7,68.23913,13.570615,1009.88617,16.6,24.9,440.0,27.8,79.0,29.3,16,4,4,5,29.45,29.06,32.61,31.99,29.269999999999992,29.661666666666665,-0.14999999999999858,33.02
2026-04-04 17:00:00,23.75,68.68072,13.842457,1010.8854,17.3,25.0,393.0,27.4,78.0,29.46,17,4,4,5,29.3,29.06,31.94,35.12,29.403333333333325,29.248333333333335,0.16000000000000014,32.88
2026-04-04 18:00:00,24.1,67.67611,12.221456,1010.6865,17.3,24.6,348.0,26.0,78.0,29.17,18,4,4,5,29.46,29.45,29.16,37.69,29.30999999999999,29.25,-0.28999999999999915,32.98
2026-04-04 19:00:00,24.0,68.08371,10.621525,1010.38654,16.3,23.3,313.0,23.5,77.0,27.88,19,4,4,5,29.17,29.3,29.06,37.45,28.83666666666666,29.053333333333338,-1.2900000000000027,32.89
2026-04-04 20:00:00,23.55,70.83848,8.649369,1010.2856,15.7,22.4,281.0,20.1,77.0,26.9,20,4,4,5,27.88,29.46,29.06,35.8,27.983333333333324,28.69333333333333,-0.9800000000000004,32.88
2026-04-04 21:00:00,23.15,73.25709,7.4932766,1009.68475,16.1,22.7,256.0,17.5,76.0,26.62,21,4,4,5,26.9,29.17,29.45,33.68,27.133333333333326,28.221666666666664,-0.2799999999999976,33.0
2026-04-04 22:00:00,22.85,74.83392,7.628263,1009.48395,16.3,22.8,205.0,15.6,73.0,26.0,22,4,4,5,26.62,27.88,29.3,32.61,26.50666666666666,27.671666666666667,-0.620000000000001,33.08
2026-04-04 23:00:00,22.6,76.45559,7.406295,1009.2835,16.4,22.8,161.0,14.6,69.0,25.3,23,4,4,5,26.0,26.9,29.46,31.94,25.973333333333326,26.978333333333335,-0.6999999999999993,33.38
2026-04-05 00:00:00,22.1,83.119354,7.889259,1009.682,14.2,18.7,231.0,12.0,71.0,23.29,0,5,4,6,25.3,26.62,29.17,29.16,24.863333333333326,25.99833333333333,-2.0100000000000016,34.63
2026-04-05 01:00:00,22.4,80.60344,6.689125,1009.8828,15.6,19.7,558.0,22.1,62.0,24.36,1,5,4,6,23.29,26.0,27.88,29.06,24.31666666666666,25.411666666666665,1.0700000000000003,34.9
2026-04-05 02:00:00,22.4,80.85542,6.193674,1010.2825,24.3,28.8,998.0,35.5,51.0,30.88,2,5,4,6,24.36,25.3,26.9,29.06,26.17666666666666,26.075,6.52,37.03
2026-04-05 03:00:00,23.35,78.99341,5.195113,1011.0844,27.4,32.0,1226.0,41.6,52.0,34.14,3,5,4,6,30.88,23.29,26.62,29.45,29.793333333333322,27.328333333333333,3.2600000000000016,39.12
2026-04-05 04:00:00,24.8,70.62722,5.426933,1011.2879,20.7,29.0,1031.0,33.3,76.0,32.55,4,5,4,6,34.14,24.36,26.0,29.3,32.52333333333332,28.419999999999998,-1.5900000000000034,43.79
2026-04-05 05:00:00,26.35,61.66048,6.330782,1011.59216,19.1,29.1,624.0,17.7,113.0,34.98,5,5,4,6,32.55,30.88,25.3,29.46,33.889999999999986,30.03333333333333,2.4299999999999997,51.96
2026-04-05 06:00:00,26.85,56.042805,9.299225,1011.8931,18.8,29.9,315.0,5.9,140.0,37.26,6,5,4,6,34.98,34.14,23.29,29.17,34.929999999999986,32.361666666666665,2.280000000000001,61.37
2026-04-05 07:00:00,26.9,56.055046,10.538843,1011.79315,17.6,29.0,236.0,2.5,149.0,37.32,7,5,4,6,37.26,32.55,24.36,27.88,36.51999999999999,34.52166666666667,0.060000000000002274,69.73
2026-04-05 08:00:00,26.95,54.667095,9.67657,1011.0942,16.6,27.8,255.0,2.9,148.0,36.5,8,5,4,6,37.32,34.98,30.88,26.9,37.026666666666664,35.458333333333336,-0.8200000000000003,74.42
2026-04-05 09:00:00,27.05,53.832863,9.3962755,1009.89545,16.1,27.2,283.0,4.0,145.0,35.84,9,5,4,6,36.5,37.26,34.14,26.62,36.55333333333332,35.74166666666667,-0.6599999999999966,75.01
2026-04-05 10:00:00,27.65,51.973286,11.435313,1009.2975,15.4,26.3,282.0,4.3,142.0,34.9,10,5,4,6,35.84,37.32,32.55,26.0,35.74666666666666,36.13333333333333,-0.9400000000000048,70.59
2026-04-05 11:00:00,26.55,58.868477,12.534257,1008.5949,15.1,26.0,291.0,5.2,136.0,33.93,11,5,4,6,34.9,36.5,34.98,25.3,34.88999999999999,35.958333333333336,-0.9699999999999989,64.84
2026-04-05 12:00:00,26.35,53.145416,11.43248,1008.7944,15.7,27.7,338.0,8.9,131.0,34.38,12,5,4,6,33.93,35.84,37.26,23.29,34.40333333333333,35.47833333333333,0.45000000000000284,54.49
2026-04-05 13:00:00,25.45,58.05298,11.738705,1008.7919,16.5,28.5,454.0,15.5,114.0,33.38,13,5,4,6,34.38,34.9,37.32,24.36,33.896666666666654,34.821666666666665,-1.0,50.64
2026-04-05 14:00:00,24.7,63.660698,9.688281,1009.08936,19.0,28.3,607.0,24.8,91.0,32.53,14,5,4,6,33.38,33.93,36.5,30.88,33.429999999999986,34.160000000000004,-0.8500000000000014,45.18
2026-04-05 15:00:00,24.1,68.74913,9.793059,1009.3876,20.6,29.8,738.0,32.6,72.0,31.95,15,5,4,6,32.53,34.38,35.84,34.14,32.61999999999999,33.51166666666666,-0.5800000000000018,43.86
2026-04-05 16:00:00,23.85,70.45035,9.144637,1009.98645,21.8,31.3,846.0,38.0,61.0,32.01,16,5,4,6,31.95,33.38,34.9,32.55,32.16333333333332,33.03,0.05999999999999872,43.7
2026-04-05 17:00:00,23.55,72.6402,7.748368,1010.18567,23.8,33.5,931.0,41.8,55.0,33.12,17,5,4,6,32.01,32.53,33.93,34.98,32.35999999999999,32.894999999999996,1.1099999999999994,44.24
2026-04-05 18:00:00,23.8,75.929726,7.771331,1010.2862,25.8,36.2,929.0,42.8,52.0,34.36,18,5,4,6,33.12,31.95,34.38,37.26,33.16333333333332,32.891666666666666,1.240000000000002,45.06
2026-04-05 19:00:00,23.95,76.189835,9.6228485,1010.18665,26.2,37.5,773.0,39.4,54.0,34.61,19,5,4,6,34.36,32.01,33.38,37.32,34.029999999999994,33.096666666666664,0.25,45.26
2026-04-05 20:00:00,23.75,77.111725,9.5416975,1009.68634,24.9,37.1,531.0,33.1,58.0,33.54,20,5,4,6,34.61,33.12,32.53,36.5,34.16999999999999,33.26499999999999,-1.0700000000000003,47.49
2026-04-05 21:00:00,23.6,78.53971,8.827344,1009.1865,23.5,36.6,340.0,27.2,63.0,32.6,21,5,4,6,33.54,34.36,31.95,35.84,33.58333333333333,33.373333333333335,-0.9399999999999977,48.67
2026-04-05 22:00:00,23.6,78.53971,8.909545,1008.7868,22.2,36.6,238.0,22.1,66.0,31.64,22,5,4,6,32.6,34.61,32.01,34.9,32.59333333333333,33.31166666666667,-0.9600000000000009,47.2
2026-04-05 23:00:00,23.5,78.03889,8.171683,1008.5867,21.3,36.6,188.0,17.5,69.0,30.94,23,5,4,6,31.64,33.54,33.12,33.93,31.72666666666666,32.94833333333333,-0.6999999999999993,46.07
2026-04-06 00:00:00,23.3,78.74119,8.766573,1008.58606,21.3,37.7,214.0,17.5,66.0,30.72,0,6,4,0,30.94,32.6,34.36,34.38,31.099999999999994,32.34166666666666,-0.22000000000000242,49.35
2026-04-06 01:00:00,23.5,76.59523,10.261579,1008.98627,22.0,41.2,392.0,19.4,69.0,32.5,1,6,4,0,30.72,31.64,34.61,33.38,31.38666666666666,31.99,1.7800000000000011,55.23
2026-04-06 02:00:00,23.7,75.67779,8.669949,1009.2866,24.4,44.2,647.0,21.8,73.0,35.26,2,6,4,0,32.5,30.94,33.54,32.53,32.82666666666666,32.276666666666664,2.759999999999998,62.75
2026-04-06 03:00:00,24.95,70.87525,7.3997297,1009.78973,24.2,49.5,779.0,21.9,79.0,37.14,3,6,4,0,35.26,30.72,32.6,31.95,34.96666666666666,33.03333333333333,1.8800000000000026,55.54
2026-04-06 04:00:00,26.25,63.796696,13.169556,1010.093,22.5,52.3,662.0,17.3,91.0,37.95,4,6,4,0,37.14,32.5,31.64,32.01,36.78333333333333,34.085,0.8100000000000023,60.95
2026-04-06 05:00:00,27.4,59.067825,13.954354,1010.49554,21.9,52.3,423.0,10.4,104.0,38.57,5,6,4,0,37.95,35.26,30.94,33.12,37.88666666666666,35.35666666666667,0.6199999999999974,70.03
2026-04-06 06:00:00,27.4,59.438164,13.437455,1010.7953,23.6,64.3,244.0,5.1,113.0,42.38,6,6,4,0,38.57,37.14,30.72,34.36,39.633333333333326,37.300000000000004,3.8100000000000023,76.96
2026-04-06 07:00:00,28.15,56.71321,16.548256,1010.3978,26.1,83.8,202.0,3.1,112.0,47.08,7,6,4,0,42.38,37.95,32.5,34.61,42.67666666666667,39.730000000000004,4.699999999999996,78.07
2026-04-06 08:00:00,28.45,56.25656,18.582766,1009.799,24.7,77.8,219.0,2.7,107.0,44.36,8,6,4,0,47.08,38.57,35.26,33.54,44.60666666666666,41.24666666666666,-2.719999999999999,74.27
2026-04-06 09:00:00,28.6,57.17659,19.016214,1008.7005,24.0,75.7,247.0,2.9,100.0,42.58,9,6,4,0,44.36,42.38,37.14,32.6,44.673333333333325,42.153333333333336,-1.7800000000000011,69.4
2026-04-06 10:00:00,28.05,60.521397,20.898613,1007.6997,22.2,69.2,278.0,3.5,93.0,39.42,10,6,4,0,42.58,47.08,37.95,31.64,42.12,42.39833333333333,-3.1599999999999966,64.48
2026-04-06 11:00:00,27.7,62.92971,22.531656,1007.19916,20.4,57.4,320.0,4.8,85.0,35.15,11,6,4,0,39.42,44.36,38.57,30.94,39.05,41.82833333333333,-4.270000000000003,59.04
2026-04-06 12:00:00,26.8,70.12772,20.898613,1006.99677,18.7,51.3,345.0,5.7,81.0,32.62,12,6,4,0,35.15,42.58,42.38,30.72,35.73,40.20166666666667,-2.530000000000001,52.71
2026-04-06 13:00:00,26.25,74.239655,20.88,1006.89557,17.2,41.9,337.0,8.1,75.0,29.44,13,6,4,0,32.62,39.42,47.08,32.5,32.40333333333333,37.26166666666666,-3.179999999999996,51.79
2026-04-06 14:00:00,25.7,80.53951,17.84816,1006.9939,17.2,35.7,312.0,11.3,68.0,27.64,14,6,4,0,29.44,35.15,44.36,35.26,29.899999999999995,34.475,-1.8000000000000007,48.94
2026-04-06 15:00:00,25.45,85.55514,19.406637,1007.1932,17.5,35.2,288.0,13.3,62.0,27.09,15,6,4,0,27.64,32.62,42.58,37.14,28.05666666666666,31.89333333333333,-0.5500000000000007,49.06
2026-04-06 16:00:00,25.4,86.85513,19.239801,1007.6924,17.1,33.4,274.0,12.9,60.0,26.16,16,6,4,0,27.09,29.44,39.42,37.95,26.963333333333328,29.683333333333334,-0.9299999999999997,47.76
2026-04-06 17:00:00,25.3,88.436005,18.921415,1007.7923,17.1,33.9,261.0,11.2,59.0,25.86,17,6,4,0,26.16,27.64,35.15,38.57,26.369999999999994,28.135,-0.3000000000000007,46.43
2026-04-06 18:00:00,25.4,89.78768,21.517342,1007.49255,17.1,33.9,244.0,9.5,59.0,25.6,18,6,4,0,25.86,27.09,32.62,42.38,25.87333333333333,26.965,-0.259999999999998,45.22
2026-04-06 19:00:00,25.2,90.588936,20.570463,1007.4923,16.8,33.2,218.0,7.9,59.0,25.08,19,6,4,0,25.6,26.16,29.44,47.08,25.513333333333332,26.238333333333333,-0.5200000000000031,43.91
2026-04-06 20:00:00,25.35,87.642136,19.67195,1007.0929,16.1,31.5,188.0,6.2,60.0,24.28,20,6,4,0,25.08,25.86,27.64,44.36,24.986666666666665,25.678333333333338,-0.7999999999999972,42.51
2026-04-06 21:00:00,25.15,88.15676,18.126455,1006.69257,15.4,30.2,166.0,4.9,61.0,23.62,21,6,4,0,24.28,25.6,27.09,42.58,24.326666666666664,25.100000000000005,-0.6600000000000001,41.18
2026-04-06 22:00:00,24.95,89.48409,15.536408,1006.1926,14.7,28.9,151.0,4.0,62.0,23.03,22,6,4,0,23.62,25.08,26.16,39.42,23.643333333333327,24.578333333333333,-0.5899999999999999,40.22
2026-04-06 23:00:00,24.75,90.832924,14.0734215,1005.79236,14.4,29.3,144.0,3.4,64.0,23.17,23,6,4,0,23.03,24.28,25.86,35.15,23.27333333333333,24.13,0.14000000000000057,39.46
2026-04-07 00:00:00,24.85,87.59878,17.508179,1005.89264,15.3,37.0,161.0,4.2,66.0,25.58,0,7,4,1,23.17,23.62,25.6,32.62,23.926666666666662,24.126666666666665,2.4099999999999966,39.89
2026-04-07 01:00:00,24.85,83.94636,18.501513,1005.99255,15.8,38.0,228.0,5.8,66.0,26.27,1,7,4,1,25.58,23.03,25.08,29.44,25.00666666666666,24.325000000000003,0.6900000000000013,40.89
2026-04-07 02:00:00,24.95,81.931984,18.455048,1006.0927,17.7,43.2,318.0,8.0,66.0,28.59,2,7,4,1,26.27,23.17,24.28,27.64,26.81333333333333,25.043333333333333,2.3200000000000003,44.08
2026-04-07 03:00:00,25.7,81.27861,15.804164,1006.894,21.2,59.0,370.0,9.0,72.0,34.55,3,7,4,1,28.59,25.58,23.62,27.09,29.803333333333327,26.865,5.959999999999997,48.6
2026-04-07 04:00:00,26.9,66.771805,17.698677,1007.3967,24.0,65.0,343.0,7.7,88.0,39.36,4,7,4,1,34.55,26.27,23.03,26.16,34.166666666666664,29.586666666666662,4.810000000000002,53.41
2026-04-07 05:00:00,27.75,59.519398,19.580328,1007.4989,25.4,62.4,278.0,5.2,109.0,42.31,5,7,4,1,39.36,28.59,23.17,25.86,38.739999999999995,32.776666666666664,2.950000000000003,55.43
2026-04-07 06:00:00,28.8,52.92772,21.528631,1007.8015,25.8,61.7,229.0,3.4,125.0,44.5,6,7,4,1,42.31,34.55,25.58,25.6,42.056666666666665,35.93,2.1899999999999977,58.04
2026-04-07 07:00:00,29.15,52.02899,20.454369,1007.6026,27.4,69.2,219.0,2.8,133.0,47.91,7,7,4,1,44.5,39.36,26.27,25.08,44.90666666666666,39.53666666666666,3.4099999999999966,56.44
2026-04-07 08:00:00,29.25,52.05447,19.245697,1006.8035,29.3,80.3,227.0,2.8,137.0,51.68,8,7,4,1,47.91,42.31,28.59,24.28,48.029999999999994,43.385,3.770000000000003,54.66
2026-04-07 09:00:00,29.05,53.826187,18.568813,1006.00354,31.0,88.9,241.0,3.3,138.0,54.48,9,7,4,1,51.68,44.5,34.55,23.62,51.35666666666666,46.70666666666667,2.799999999999997,52.91
2026-04-07 10:00:00,28.9,51.154453,18.33616,1005.20386,31.4,91.0,260.0,3.8,137.0,55.02,10,7,4,1,54.48,47.91,39.36,23.03,53.72666666666666,49.31666666666666,0.5400000000000063,49.72
2026-04-07 11:00:00,28.5,50.890327,17.935081,1004.7033,31.0,85.9,286.0,4.8,132.0,53.2,11,7,4,1,55.02,51.68,42.31,23.17,54.23333333333333,51.13166666666666,-1.8200000000000003,46.14
2026-04-07 12:00:00,27.55,58.004547,17.534994,1004.6009,27.9,72.6,316.0,7.3,124.0,48.16,12,7,4,1,53.2,54.48,44.5,25.58,52.126666666666665,51.74166666666667,-5.040000000000006,51.46
2026-04-07 13:00:00,26.5,66.89775,17.325876,1004.49817,24.3,52.4,350.0,11.9,109.0,40.76,13,7,4,1,48.16,55.02,47.91,26.27,47.37333333333333,50.550000000000004,-7.399999999999999,48.4
2026-04-07 14:00:00,25.65,71.66578,16.904673,1004.4959,22.6,38.9,388.0,18.3,88.0,35.03,14,7,4,1,40.76,53.2,51.68,28.59,41.31666666666666,47.775,-5.729999999999997,44.82
2026-04-07 15:00:00,25.4,73.86994,17.311846,1004.7947,23.4,36.9,424.0,22.7,73.0,33.44,15,7,4,1,35.03,48.16,54.48,34.55,36.41,44.26833333333334,-1.5900000000000034,42.88
2026-04-07 16:00:00,25.05,81.94429,15.14783,1005.1934,23.9,35.9,469.0,23.6,69.0,33.02,16,7,4,1,33.44,40.76,55.02,39.36,33.82999999999999,40.60166666666667,-0.4199999999999946,42.24
2026-04-07 17:00:00,24.65,85.47487,10.9859,1005.792,23.9,35.2,513.0,22.6,70.0,32.88,17,7,4,1,33.02,35.03,53.2,42.31,33.11333333333333,37.214999999999996,-0.14000000000000057,42.81
2026-04-07 18:00:00,24.8,84.97084,11.173057,1005.8923,23.7,34.5,522.0,20.9,74.0,32.98,18,7,4,1,32.88,33.44,48.16,44.5,32.96,34.684999999999995,0.09999999999999432,42.9
2026-04-07 19:00:00,24.65,83.15827,10.299397,1006.29156,23.2,33.4,465.0,18.4,79.0,32.89,19,7,4,1,32.98,33.02,40.76,47.91,32.91666666666666,33.373333333333335,-0.0899999999999963,41.4
2026-04-07 20:00:00,24.1,84.379196,7.7420926,1005.8904,22.6,32.0,373.0,15.2,86.0,32.88,20,7,4,1,32.89,32.88,35.03,51.68,32.916666666666664,33.015,-0.00999999999999801,39.26
2026-04-07 21:00:00,23.65,87.762054,9.266067,1005.2896,22.1,30.7,299.0,12.4,93.0,33.0,21,7,4,1,32.88,32.98,33.44,54.48,32.923333333333325,32.94166666666667,0.11999999999999744,37.43
2026-04-07 22:00:00,23.45,89.645195,10.209348,1005.0895,21.7,30.0,243.0,10.2,98.0,33.08,22,7,4,1,33.0,32.89,33.02,55.02,32.986666666666665,32.95166666666666,0.0799999999999983,36.3
2026-04-07 23:00:00,23.35,89.09084,10.483357,1004.7894,21.5,29.6,206.0,8.4,103.0,33.38,23,7,4,1,33.08,32.88,32.88,53.2,33.15333333333333,33.035000000000004,0.30000000000000426,36.11
2026-04-08 00:00:00,23.2,88.534584,8.311245,1004.5893,21.2,29.1,247.0,6.4,115.0,34.63,0,8,4,2,33.38,33.0,32.98,48.16,33.696666666666665,33.31,1.25,36.41
2026-04-08 01:00:00,23.2,88.80651,7.342588,1005.08887,21.7,28.9,445.0,9.8,112.0,34.9,1,8,4,2,34.63,33.08,32.89,40.76,34.303333333333335,33.645,0.269999999999996,38.36
2026-04-08 02:00:00,23.4,88.55083,6.130579,1005.78864,24.2,31.5,721.0,14.2,110.0,37.03,2,8,4,2,34.9,33.38,32.88,35.03,35.52,34.336666666666666,2.1300000000000026,42.38
2026-04-08 03:00:00,24.7,81.6508,2.9024127,1006.6913,25.1,35.6,895.0,16.7,113.0,39.12,3,8,4,2,37.03,34.63,33.0,33.44,37.01666666666666,35.35666666666666,2.0899999999999963,48.92
2026-04-08 04:00:00,26.2,69.155235,2.6208394,1007.3949,26.3,45.8,872.0,15.2,128.0,43.79,4,8,4,2,39.12,34.9,33.08,33.02,39.97999999999999,37.14166666666667,4.670000000000002,57.11
2026-04-08 05:00:00,27.75,59.14953,2.657668,1007.79865,30.3,64.3,747.0,11.7,148.0,51.96,5,8,4,2,43.79,37.03,33.38,32.88,44.956666666666656,40.23833333333334,8.170000000000002,66.2
2026-04-08 06:00:00,28.55,56.63291,6.12,1008.10065,35.7,85.9,628.0,8.6,167.0,61.37,6,8,4,2,51.96,39.12,34.63,32.98,52.37333333333333,44.695,9.409999999999997,74.43
2026-04-08 07:00:00,28.9,59.416615,9.531505,1008.00165,40.2,105.2,545.0,6.6,184.0,69.73,7,8,4,2,61.37,43.79,34.9,32.89,61.02,50.5,8.360000000000007,77.89
2026-04-08 08:00:00,29.0,59.80786,11.953409,1007.60236,41.7,115.5,468.0,5.1,198.0,74.42,8,8,4,2,69.73,51.96,37.03,32.88,68.50666666666666,56.731666666666676,4.689999999999998,79.1
2026-04-08 09:00:00,28.8,58.30013,12.921192,1007.1021,41.2,116.2,415.0,4.8,203.0,75.01,9,8,4,2,74.42,61.37,39.12,33.0,73.05333333333333,62.71333333333334,0.5900000000000034,79.6
2026-04-08 10:00:00,28.45,59.49657,13.929953,1006.5016,39.2,106.6,390.0,5.8,192.0,70.59,10,8,4,2,75.01,69.73,43.79,33.08,73.34,67.18,-4.420000000000002,79.36
2026-04-08 11:00:00,28.3,60.20413,13.032298,1005.90173,36.9,97.8,390.0,7.9,171.0,64.84,11,8,4,2,70.59,74.42,51.96,33.38,70.14666666666668,69.32666666666667,-5.75,77.95
2026-04-08 12:00:00,27.6,63.88889,11.885453,1005.6001,32.1,80.6,419.0,9.8,139.0,54.49,12,8,4,2,64.84,75.01,61.37,34.63,63.30666666666667,68.18,-10.350000000000001,65.21
2026-04-08 13:00:00,26.7,71.85347,12.097553,1005.7977,30.7,72.4,498.0,16.7,122.0,50.64,13,8,4,2,54.49,70.59,69.73,34.9,56.656666666666666,64.99833333333333,-3.8500000000000014,62.02
2026-04-08 14:00:00,25.7,80.05007,9.67657,1006.29443,30.3,57.0,606.0,26.2,98.0,45.18,14,8,4,2,50.64,64.84,74.42,37.03,50.10333333333333,60.125,-5.460000000000001,57.88
2026-04-08 15:00:00,25.1,83.71855,9.167638,1006.7925,31.3,56.1,687.0,33.3,80.0,43.86,15,8,4,2,45.18,54.49,75.01,39.12,46.56,54.93333333333334,-1.3200000000000003,55.89
2026-04-08 16:00:00,24.75,85.224945,8.187527,1007.3911,32.1,55.9,712.0,35.8,74.0,43.7,16,8,4,2,43.86,50.64,70.59,43.79,44.24666666666667,50.45166666666666,-0.1599999999999966,54.36
2026-04-08 17:00:00,24.4,86.76307,5.5916004,1007.8897,33.4,56.0,709.0,35.9,73.0,44.24,17,8,4,2,43.7,45.18,64.84,51.96,43.93333333333334,47.01833333333334,0.5399999999999991,53.14
2026-04-08 18:00:00,24.4,88.90134,5.3999996,1008.38934,34.9,56.9,704.0,35.2,73.0,45.06,18,8,4,2,44.24,43.86,54.49,61.37,44.333333333333336,45.446666666666665,0.8200000000000003,51.51
2026-04-08 19:00:00,24.2,90.24714,4.68,1008.58856,36.0,57.5,707.0,34.1,71.0,45.26,19,8,4,2,45.06,43.7,50.64,69.73,44.85333333333333,44.550000000000004,0.19999999999999574,48.09
2026-04-08 20:00:00,23.6,92.99478,5.904439,1008.58704,39.0,63.3,708.0,32.2,70.0,47.49,20,8,4,2,45.26,44.24,45.18,74.42,45.93666666666667,44.935,2.230000000000004,44.02
2026-04-08 21:00:00,23.0,95.259674,5.6492476,1008.3856,41.4,66.1,702.0,30.3,68.0,48.67,21,8,4,2,47.49,45.06,43.86,75.01,47.13999999999999,45.73666666666667,1.1799999999999997,41.27
2026-04-08 22:00:00,22.5,97.298744,4.198285,1008.1842,40.5,65.2,667.0,27.7,65.0,47.2,22,8,4,2,48.67,45.26,43.7,70.59,47.78666666666667,46.32,-1.4699999999999989,40.22
2026-04-08 23:00:00,22.1,99.392296,2.50064,1008.38306,39.9,66.1,625.0,25.0,61.0,46.07,23,8,4,2,47.2,47.49,44.24,64.84,47.31333333333333,46.625,-1.1300000000000026,40.32
2026-04-09 00:00:00,22.1,99.392296,2.5959969,1008.7827,43.3,71.9,640.0,22.8,66.0,49.35,0,9,4,3,46.07,48.67,45.06,54.49,47.54,47.34,3.280000000000001,40.6
2026-04-09 01:00:00,21.9,98.786,4.293669,1009.48145,50.1,81.0,773.0,27.2,66.0,55.23,1,9,4,3,49.35,47.2,45.26,50.64,50.21666666666666,49.001666666666665,5.8799999999999955,41.64
2026-04-09 02:00:00,21.65,98.48168,3.319036,1010.3801,58.9,90.8,962.0,32.9,68.0,62.75,2,9,4,3,55.23,46.07,47.49,45.18,55.776666666666664,51.544999999999995,7.520000000000003,46.73
2026-04-09 03:00:00,22.75,89.04417,0.8049845,1010.8829,45.6,78.2,1084.0,35.0,79.0,55.54,3,9,4,3,62.75,49.35,48.67,43.86,57.84,52.69,-7.210000000000001,49.46
2026-04-09 04:00:00,25.05,72.451706,1.3708391,1011.3885,43.5,92.4,1087.0,30.1,108.0,60.95,4,9,4,3,55.54,55.23,47.2,43.7,59.74666666666667,54.98166666666666,5.410000000000004,59.74
2026-04-09 05:00:00,27.7,56.427105,4.5891175,1011.69556,44.9,112.2,1024.0,21.6,146.0,70.03,5,9,4,3,60.95,62.75,46.07,44.24,62.17333333333334,58.975,9.079999999999998,75.91
2026-04-09 06:00:00,29.0,55.17446,6.9480934,1011.99884,47.1,124.3,926.0,14.3,176.0,76.96,6,9,4,3,70.03,55.54,49.35,45.06,69.31333333333333,63.57666666666666,6.929999999999993,84.16
2026-04-09 07:00:00,29.7,56.384045,8.669949,1011.8009,46.9,122.5,780.0,9.8,191.0,78.07,7,9,4,3,76.96,60.95,55.23,45.26,75.02,67.38333333333334,1.1099999999999994,84.99
2026-04-09 08:00:00,30.0,56.456326,11.013882,1011.3019,43.4,109.4,600.0,6.6,198.0,74.27,8,9,4,3,78.07,70.03,62.75,47.49,76.43333333333332,69.30333333333333,-3.799999999999997,82.16
2026-04-09 09:00:00,30.15,54.774345,11.672275,1010.3033,40.0,96.2,462.0,5.1,196.0,69.4,9,9,4,3,74.27,76.96,55.54,48.67,73.91333333333333,71.61333333333333,-4.86999999999999,80.05
2026-04-09 10:00:00,29.45,57.025684,13.529966,1009.80176,37.5,87.3,399.0,5.5,183.0,64.48,10,9,4,3,69.4,78.07,60.95,47.2,69.38333333333334,72.20166666666667,-4.920000000000002,78.74
2026-04-09 11:00:00,28.25,60.754795,15.338071,1009.5988,35.0,82.0,378.0,7.6,160.0,59.04,11,9,4,3,64.48,74.27,70.03,46.07,64.30666666666667,70.36999999999999,-5.440000000000005,79.25
2026-04-09 12:00:00,27.5,65.66797,15.086748,1009.4967,31.9,75.2,379.0,10.8,134.0,52.71,12,9,4,3,59.04,69.4,76.96,49.35,58.74333333333334,66.32833333333333,-6.329999999999998,70.05
2026-04-09 13:00:00,26.85,65.330315,12.456468,1010.0946,32.7,74.3,400.0,15.2,122.0,51.79,13,9,4,3,52.71,64.48,78.07,55.23,54.51333333333333,61.94833333333333,-0.9200000000000017,66.15
2026-04-09 14:00:00,26.15,74.45107,10.766949,1010.7922,33.1,68.0,444.0,21.3,104.0,48.94,14,9,4,3,51.79,59.04,74.27,62.75,51.14666666666667,57.72666666666667,-2.8500000000000014,60.29
2026-04-09 15:00:00,25.65,76.92413,8.187527,1011.29047,34.1,73.6,498.0,26.3,89.0,49.06,15,9,4,3,48.94,52.71,69.4,55.54,49.93,54.33666666666667,0.12000000000000455,54.39
2026-04-09 16:00:00,25.3,79.99659,6.5024605,1012.2887,35.4,68.9,572.0,29.5,79.0,47.76,16,9,4,3,49.06,51.79,64.48,60.95,48.586666666666666,51.550000000000004,-1.3000000000000043,51.37
2026-04-09 17:00:00,24.95,82.1828,7.406295,1012.9872,36.0,65.2,658.0,31.6,71.0,46.43,17,9,4,3,47.76,48.94,59.04,70.03,47.75,49.44833333333333,-1.3299999999999983,50.6
2026-04-09 18:00:00,24.6,85.73077,8.274128,1013.3859,35.7,63.3,714.0,32.1,66.0,45.22,18,9,4,3,46.43,49.06,52.71,76.96,46.47,48.199999999999996,-1.2100000000000009,50.35
2026-04-09 19:00:00,24.75,86.007034,6.638072,1012.9866,35.0,62.2,731.0,30.1,63.0,43.91,19,9,4,3,45.22,47.76,51.79,78.07,45.18666666666667,46.88666666666666,-1.3100000000000023,50.15
2026-04-09 20:00:00,24.25,88.35015,8.043805,1012.88544,34.3,60.5,720.0,26.4,62.0,42.51,20,9,4,3,43.91,46.43,48.94,74.27,43.879999999999995,45.815,-1.3999999999999986,48.09
2026-04-09 21:00:00,23.9,88.861984,6.1226463,1012.18506,33.3,58.8,669.0,23.1,62.0,41.18,21,9,4,3,42.51,45.22,49.06,69.4,42.53333333333333,44.501666666666665,-1.3299999999999983,43.09
2026-04-09 22:00:00,23.95,86.98688,3.4763772,1011.3857,32.2,59.1,507.0,20.0,62.0,40.22,22,9,4,3,41.18,43.91,47.76,64.48,41.303333333333335,43.245,-0.9600000000000009,37.08
2026-04-09 23:00:00,24.0,85.67114,3.4152596,1011.28577,31.4,60.1,306.0,17.3,61.0,39.46,23,9,4,3,40.22,42.51,46.43,59.04,40.28666666666667,42.083333333333336,-0.759999999999998,33.02
2026-04-10 00:00:00,23.9,84.099014,5.8104043,1011.4856,31.7,61.9,269.0,19.7,58.0,39.89,0,10,4,4,39.46,41.18,45.22,52.71,39.85666666666667,41.195,0.4299999999999997,31.28
2026-04-10 01:00:00,23.85,81.29347,5.983477,1012.1847,31.2,65.4,579.0,26.4,55.0,40.89,1,10,4,4,39.89,40.22,43.91,51.79,40.08,40.69166666666666,1.0,31.26
2026-04-10 02:00:00,23.95,77.86296,5.5887027,1012.9844,34.2,69.6,1054.0,35.1,52.0,44.08,2,10,4,4,40.89,39.46,42.51,48.94,41.62,40.95333333333333,3.1899999999999977,34.15
2026-04-10 03:00:00,25.95,64.9386,3.219938,1013.88904,38.3,72.6,1344.0,38.5,61.0,48.6,3,10,4,4,44.08,39.89,41.18,49.06,44.52333333333333,42.19,4.520000000000003,37.78
2026-04-10 04:00:00,28.9,46.223736,2.7943513,1014.09686,35.2,86.6,1269.0,31.3,92.0,53.41,4,10,4,4,48.6,40.89,40.22,47.76,48.696666666666665,44.38833333333333,4.809999999999995,44.06
2026-04-10 05:00:00,30.85,35.98711,5.634891,1014.5015,32.2,81.3,1010.0,18.8,135.0,55.43,5,10,4,4,53.41,44.08,39.46,46.43,52.48,47.050000000000004,2.020000000000003,54.86
2026-04-10 06:00:00,31.45,36.387215,9.375563,1014.5031,31.5,78.7,764.0,9.0,168.0,58.04,6,10,4,4,55.43,48.6,39.89,45.22,55.626666666666665,50.074999999999996,2.6099999999999994,69.66
2026-04-10 07:00:00,31.75,35.428127,11.304229,1014.00446,28.6,69.6,580.0,5.1,183.0,56.44,7,10,4,4,58.04,53.41,40.89,43.91,56.63666666666666,52.666666666666664,-1.6000000000000014,76.99
2026-04-10 08:00:00,31.7,33.626305,11.39842,1013.3048,27.3,61.9,409.0,3.9,187.0,54.66,8,10,4,4,56.44,55.43,44.08,42.51,56.379999999999995,54.43,-1.7800000000000011,76.4
2026-04-10 09:00:00,31.25,35.63417,11.384198,1012.40454,26.5,57.3,296.0,4.0,184.0,52.91,9,10,4,4,54.66,58.04,48.6,41.18,54.669999999999995,55.14833333333333,-1.75,72.66
2026-04-10 10:00:00,31.75,36.236317,11.466438,1011.8062,25.2,53.0,274.0,4.8,172.0,49.72,10,10,4,4,52.91,56.44,53.41,40.22,52.43,54.53333333333333,-3.1899999999999977,65.87
2026-04-10 11:00:00,31.0,40.967716,13.584932,1011.6046,24.1,50.6,310.0,6.8,153.0,46.14,11,10,4,4,49.72,54.66,55.43,39.46,49.59,52.98499999999999,-3.5799999999999983,58.51
2026-04-10 12:00:00,29.7,48.844696,12.466867,1011.50116,29.3,63.6,347.0,10.6,150.0,51.46,12,10,4,4,46.14,52.91,58.04,39.89,49.10666666666666,51.88833333333333,5.32,45.64
2026-04-10 13:00:00,28.3,56.396084,11.966954,1011.69714,29.3,59.0,374.0,16.3,130.0,48.4,13,10,4,4,51.46,49.72,56.44,40.89,48.666666666666664,50.54833333333334,-3.0600000000000023,43.02
2026-04-10 14:00:00,26.65,69.88427,10.658068,1012.19226,30.0,55.2,403.0,24.2,101.0,44.82,14,10,4,4,48.4,46.14,54.66,44.08,48.22666666666667,48.90833333333333,-3.5799999999999983,40.16
2026-04-10 15:00:00,25.85,78.378944,8.019601,1012.6897,30.4,56.7,415.0,29.9,79.0,42.88,15,10,4,4,44.82,51.46,52.91,48.6,45.36666666666667,47.23666666666667,-1.9399999999999977,37.19
2026-04-10 16:00:00,25.35,82.23115,6.601363,1012.3886,30.7,59.6,399.0,31.8,68.0,42.24,16,10,4,4,42.88,48.4,49.72,53.41,43.31333333333333,45.99,-0.6400000000000006,33.61
2026-04-10 17:00:00,25.0,84.73338,7.771331,1012.5875,31.7,63.1,366.0,31.6,64.0,42.81,17,10,4,4,42.24,44.82,46.14,55.43,42.64333333333334,45.435,0.5700000000000003,31.22
2026-04-10 18:00:00,24.85,85.755516,9.867218,1013.2867,32.6,63.6,332.0,29.5,63.0,42.9,18,10,4,4,42.81,42.88,51.46,58.04,42.650000000000006,44.00833333333333,0.0899999999999963,30.22
2026-04-10 19:00:00,24.75,85.48493,7.9526596,1012.5869,31.3,60.8,301.0,24.6,66.0,41.4,19,10,4,4,42.9,42.24,48.4,56.44,42.37,42.84166666666667,-1.5,28.94
2026-04-10 20:00:00,24.6,85.209595,8.958504,1012.3867,28.8,56.9,269.0,17.9,72.0,39.26,20,10,4,4,41.4,42.81,44.82,54.66,41.18666666666667,41.915,-2.1400000000000006,26.81
2026-04-10 21:00:00,24.45,84.15919,8.78872,1011.68665,26.7,52.5,243.0,12.5,78.0,37.43,21,10,4,4,39.26,42.9,42.88,52.91,39.36333333333333,41.00666666666667,-1.8299999999999983,25.26
2026-04-10 22:00:00,24.4,84.15373,7.2403865,1011.08716,25.2,49.9,215.0,9.5,82.0,36.3,22,10,4,4,37.43,41.4,42.24,49.72,37.663333333333334,40.01666666666667,-1.1300000000000026,25.42
2026-04-10 23:00:00,23.95,86.98688,7.0407386,1010.6863,24.2,51.2,193.0,7.8,84.0,36.11,23,10,4,4,36.3,39.26,42.81,46.14,36.61333333333333,38.9,-0.18999999999999773,25.56
2026-04-11 00:00:00,24.1,89.693,8.019601,1010.48663,24.2,53.0,209.0,8.4,83.0,36.41,0,11,4,5,36.11,37.43,42.9,51.46,36.27333333333333,37.818333333333335,0.29999999999999716,29.71
2026-04-11 01:00:00,24.35,87.555176,9.746631,1010.8871,25.2,58.6,308.0,11.6,82.0,38.36,1,11,4,5,36.41,36.3,41.4,48.4,36.96,37.31166666666667,1.9500000000000028,30.12
2026-04-11 02:00:00,24.6,85.992424,9.793058,1011.58734,28.7,66.8,446.0,15.8,82.0,42.38,2,11,4,5,38.36,36.11,39.26,44.82,39.050000000000004,37.83166666666667,4.020000000000003,33.59
2026-04-11 03:00:00,26.15,77.4712,9.904906,1012.29095,32.8,84.8,521.0,17.7,86.0,48.92,3,11,4,5,42.38,36.41,37.43,42.88,43.22,39.74666666666666,6.539999999999999,41.62
2026-04-11 04:00:00,27.95,66.77824,11.177405,1012.6954,37.1,107.3,471.0,15.0,99.0,57.11,4,11,4,5,48.92,38.36,36.3,42.24,49.47,43.215,8.189999999999998,59.27
2026-04-11 05:00:00,29.65,58.319664,11.481968,1012.5,41.7,132.2,358.0,10.1,116.0,66.2,5,11,4,5,57.11,42.38,36.11,42.81,57.410000000000004,48.23,9.090000000000003,79.06
2026-04-11 06:00:00,31.15,52.21207,13.14493,1012.5041,46.1,155.5,272.0,6.2,129.0,74.43,6,11,4,5,66.2,48.92,36.41,42.9,65.91333333333334,54.56666666666666,8.230000000000004,95.19
2026-04-11 07:00:00,32.0,47.19643,14.221139,1012.0068,48.7,163.0,246.0,4.6,135.0,77.89,7,11,4,5,74.43,57.11,38.36,41.4,72.84000000000002,61.155,3.4599999999999937,102.84
2026-04-11 08:00:00,32.6,43.53739,14.764389,1011.3089,50.1,164.4,246.0,4.1,137.0,79.1,8,11,4,5,77.89,66.2,42.38,39.26,77.14,67.27499999999999,1.2099999999999937,103.14
2026-04-11 09:00:00,33.1,40.383263,14.224556,1010.4108,51.2,165.3,258.0,4.6,135.0,79.6,9,11,4,5,79.1,74.43,48.92,37.43,78.86333333333333,72.38833333333334,0.5,100.01
2026-04-11 10:00:00,33.1,39.129925,14.589996,1009.71136,52.6,165.8,272.0,5.7,127.0,79.36,10,11,4,5,79.6,77.89,57.11,36.3,79.35333333333334,76.09666666666668,-0.23999999999999488,92.96
2026-04-11 11:00:00,32.65,38.75991,14.292725,1009.0107,53.8,163.9,299.0,7.8,114.0,77.95,11,11,4,5,79.36,79.1,66.2,36.11,78.96999999999998,78.05499999999999,-1.4099999999999966,80.5
2026-04-11 12:00:00,31.8,43.32118,11.571914,1008.4089,43.4,130.4,354.0,12.2,104.0,65.21,12,11,4,5,77.95,79.6,74.43,36.41,74.17333333333333,76.51833333333333,-12.740000000000009,67.32
2026-04-11 13:00:00,29.95,53.21729,10.5234585,1008.60406,44.4,120.1,472.0,19.3,86.0,62.02,13,11,4,5,65.21,79.36,77.89,38.36,68.39333333333333,73.87333333333332,-3.1899999999999906,53.49
2026-04-11 14:00:00,27.8,66.33914,9.36173,1009.19794,45.1,108.5,619.0,28.9,62.0,57.88,14,11,4,5,62.02,77.95,79.1,42.38,61.70333333333334,70.33666666666666,-4.140000000000001,44.91
2026-04-11 15:00:00,27.0,68.24976,6.9270773,1009.8951,44.4,108.3,706.0,35.2,45.0,55.89,15,11,4,5,57.88,65.21,79.6,48.92,58.59666666666667,66.385,-1.990000000000002,40.14
2026-04-11 16:00:00,26.6,67.54216,10.483357,1010.39374,43.2,105.7,687.0,35.5,42.0,54.36,16,11,4,5,55.89,62.02,79.36,57.11,56.04333333333333,62.21833333333334,-1.5300000000000011,38.25
2026-04-11 17:00:00,26.6,63.475418,12.0694,1010.29376,41.4,103.4,607.0,32.4,46.0,53.14,17,11,4,5,54.36,57.88,77.95,66.2,54.46333333333333,58.083333333333336,-1.2199999999999989,38.57
2026-04-11 18:00:00,26.55,65.26761,12.24,1010.69324,39.6,99.0,516.0,28.4,51.0,51.51,18,11,4,5,53.14,55.89,65.21,74.43,53.00333333333333,55.800000000000004,-1.6300000000000026,39.59
2026-04-11 19:00:00,26.05,68.274864,10.4493065,1010.1923,36.7,89.9,409.0,23.4,55.0,48.09,19,11,4,5,51.51,54.36,62.02,77.89,50.913333333333334,53.47833333333333,-3.4199999999999946,40.29
2026-04-11 20:00:00,25.65,70.129295,11.414043,1009.59186,33.3,79.4,290.0,17.6,59.0,44.02,20,11,4,5,48.09,53.14,57.88,79.1,47.873333333333335,51.168333333333344,-4.07,39.98
2026-04-11 21:00:00,25.4,69.64825,10.718693,1008.8914,31.1,72.2,218.0,13.2,62.0,41.27,21,11,4,5,44.02,51.51,55.89,79.6,44.46000000000001,48.73166666666666,-2.75,38.36
2026-04-11 22:00:00,25.15,70.47256,9.037721,1008.29126,30.5,71.2,196.0,10.5,61.0,40.22,22,11,4,5,41.27,48.09,54.36,79.36,41.83666666666667,46.375,-1.0500000000000043,36.53
2026-04-11 23:00:00,24.65,73.514755,7.1684303,1008.09015,30.7,73.6,220.0,9.3,59.0,40.32,23,11,4,5,40.22,44.02,53.14,77.95,40.60333333333333,44.23833333333334,0.10000000000000142,34.72
2026-04-12 00:00:00,23.95,77.86296,5.369916,1008.1883,31.1,76.6,338.0,11.9,53.0,40.6,0,12,4,6,40.32,41.27,51.51,65.21,40.379999999999995,42.42,0.28000000000000114,33.0
2026-04-12 01:00:00,23.5,80.249115,6.269067,1008.18695,32.6,77.5,657.0,20.6,45.0,41.64,1,12,4,6,40.6,40.22,48.09,62.02,40.85333333333333,41.345,1.0399999999999991,35.14
2026-04-12 02:00:00,23.3,78.98639,6.6697226,1008.58606,39.3,85.0,1070.0,32.2,35.0,46.73,2,12,4,6,41.64,40.32,44.02,57.88,42.99,41.796666666666674,5.089999999999996,40.59
2026-04-12 03:00:00,25.35,64.60849,3.710795,1009.19116,43.0,82.7,1304.0,38.1,38.0,49.46,3,12,4,6,46.73,40.6,41.27,55.89,45.943333333333335,43.16166666666667,2.730000000000004,42.5
2026-04-12 04:00:00,28.65,46.009315,4.143911,1009.4998,43.4,116.9,1186.0,32.7,65.0,59.74,4,12,4,6,49.46,41.64,40.22,54.36,51.97666666666667,46.415,10.280000000000001,48.61
2026-04-12 05:00:00,32.7,29.383871,3.604497,1009.6102,46.6,168.1,889.0,21.6,105.0,75.91,5,12,4,6,59.74,46.73,40.32,53.14,61.70333333333334,52.34666666666667,16.169999999999995,57.1
2026-04-12 06:00:00,34.45,22.804325,1.4512063,1009.71484,46.3,191.4,653.0,12.5,139.0,84.16,6,12,4,6,75.91,49.46,40.6,51.51,73.27,59.60666666666666,8.25,65.48
2026-04-12 07:00:00,34.85,27.187803,6.9550843,1009.01636,43.9,187.7,576.0,8.0,162.0,84.99,7,12,4,6,84.16,59.74,41.64,48.09,81.68666666666665,66.83166666666666,0.8299999999999983,70.56
2026-04-12 08:00:00,34.3,38.601612,12.10157,1008.2154,41.1,170.4,560.0,5.5,178.0,82.16,8,12,4,6,84.99,75.91,46.73,44.02,83.77,72.73666666666666,-2.8299999999999983,71.09
2026-04-12 09:00:00,34.1,37.35196,14.178927,1007.51556,39.9,157.4,550.0,4.8,186.0,80.05,9,12,4,6,82.16,84.16,49.46,41.27,82.39999999999999,77.835,-2.1099999999999994,69.73
2026-04-12 10:00:00,33.5,36.718533,14.197196,1006.8146,40.0,151.8,523.0,6.2,183.0,78.74,10,12,4,6,80.05,84.99,59.74,40.22,80.31666666666666,81.00166666666667,-1.3100000000000023,65.65
2026-04-12 11:00:00,32.2,45.092213,12.108261,1006.41144,42.8,153.2,502.0,9.4,172.0,79.25,11,12,4,6,78.74,82.16,75.91,40.32,79.34666666666666,81.55833333333334,0.5100000000000051,59.86
2026-04-12 12:00:00,31.25,50.488873,10.944532,1006.40924,37.4,123.9,508.0,14.1,163.0,70.05,12,12,4,6,79.25,80.05,84.16,40.6,76.01333333333334,79.20666666666666,-9.200000000000003,54.66
2026-04-12 13:00:00,29.95,57.145123,9.901636,1006.70557,38.5,115.9,574.0,19.1,139.0,66.15,13,12,4,6,70.05,78.74,84.99,41.64,71.81666666666666,76.06666666666666,-3.8999999999999915,50.42
2026-04-12 14:00:00,27.95,72.07468,9.109138,1007.19977,38.9,105.2,667.0,26.0,106.0,60.29,14,12,4,6,66.15,79.25,82.16,46.73,65.49666666666667,72.42166666666667,-5.8600000000000065,43.71
2026-04-12 15:00:00,27.05,77.36908,7.9220443,1007.4973,35.2,101.3,704.0,30.2,80.0,54.39,15,12,4,6,60.29,70.05,80.05,49.46,60.27666666666667,68.145,-5.899999999999999,39.6
2026-04-12 16:00:00,26.55,79.67867,8.777653,1008.19525,34.0,97.8,633.0,29.7,69.0,51.37,16,12,4,6,54.39,66.15,78.74,59.74,55.35,63.583333333333336,-3.020000000000003,36.0
2026-04-12 17:00:00,26.2,81.09526,9.243311,1008.89374,34.1,98.3,506.0,26.6,66.0,50.6,17,12,4,6,51.37,60.29,79.25,75.91,52.120000000000005,58.80833333333333,-0.769999999999996,33.61
2026-04-12 18:00:00,26.0,80.82391,8.766573,1009.1931,34.6,98.5,404.0,23.0,66.0,50.35,18,12,4,6,50.6,54.39,70.05,84.16,50.77333333333333,55.525,-0.25,31.9
2026-04-12 19:00:00,25.8,80.06342,8.0599,1008.89276,34.5,99.0,361.0,19.3,68.0,50.15,19,12,4,6,50.35,51.37,66.15,84.99,50.36666666666667,52.85833333333333,-0.20000000000000284,30.5
2026-04-12 20:00:00,25.4,79.52229,6.502461,1008.2919,32.9,92.9,343.0,15.1,72.0,48.09,20,12,4,6,50.15,50.6,60.29,82.16,49.53,50.824999999999996,-2.059999999999995,28.8
2026-04-12 21:00:00,25.15,78.519066,7.193247,1007.7917,29.5,76.6,321.0,11.8,75.0,43.09,21,12,4,6,48.09,50.35,54.39,80.05,47.11000000000001,48.94166666666666,-5.0,27.08
2026-04-12 22:00:00,24.8,75.384926,8.244708,1007.1912,25.0,58.2,263.0,9.3,77.0,37.08,22,12,4,6,43.09,50.15,51.37,78.74,42.75333333333333,46.56,-6.010000000000005,25.76
2026-04-12 23:00:00,24.5,73.71787,9.339208,1006.89087,21.8,46.4,201.0,7.6,78.0,33.02,23,12,4,6,37.08,48.09,50.6,79.25,37.73,43.629999999999995,-4.059999999999995,25.22
2026-04-13 00:00:00,24.65,78.20626,8.777653,1007.39075,21.5,40.3,208.0,9.1,74.0,31.28,0,13,4,0,33.02,43.09,50.35,70.05,33.79333333333333,40.45166666666667,-1.740000000000002,25.6
2026-04-13 01:00:00,24.75,80.66198,8.311245,1007.49097,21.6,38.6,365.0,13.9,71.0,31.26,1,13,4,0,31.28,37.08,50.15,66.15,31.85333333333334,37.303333333333335,-0.019999999999999574,26.42
2026-04-13 02:00:00,25.1,81.202644,7.388775,1007.9915,25.2,41.6,591.0,20.2,68.0,34.15,2,13,4,0,31.26,33.02,48.09,60.29,32.23,34.98,2.889999999999997,28.9
2026-04-13 03:00:00,26.75,75.23505,7.3997297,1008.89526,27.5,49.5,713.0,23.2,71.0,37.78,3,13,4,0,34.15,31.28,43.09,54.39,34.39666666666667,34.095,3.6300000000000026,31.62
2026-04-13 04:00:00,28.75,66.1269,9.906544,1009.5002,29.7,65.2,622.0,19.8,88.0,44.06,4,13,4,0,37.78,31.26,37.08,51.37,38.663333333333334,35.25833333333333,6.280000000000001,33.13
2026-04-13 05:00:00,30.85,53.773415,11.226575,1009.60547,34.2,95.7,426.0,13.1,111.0,54.86,5,13,4,0,44.06,34.15,33.02,50.6,45.56666666666666,38.89833333333333,10.799999999999997,34.22
2026-04-13 06:00:00,31.45,50.85411,15.206538,1009.7069,42.1,142.0,277.0,7.7,127.0,69.66,6,13,4,0,54.86,37.78,31.28,50.35,56.19333333333333,45.294999999999995,14.799999999999997,34.8
2026-04-13 07:00:00,32.3,44.6982,16.244938,1009.4094,47.8,163.9,239.0,5.4,130.0,76.99,7,13,4,0,69.66,44.06,31.26,50.15,67.17,52.916666666666664,7.329999999999998,34.16
2026-04-13 08:00:00,32.9,40.32863,16.770939,1008.9114,49.2,161.1,249.0,4.5,126.0,76.4,8,13,4,0,76.99,54.86,34.15,48.09,74.35,59.958333333333336,-0.5899999999999892,33.66
2026-04-13 09:00:00,33.4,36.69106,16.120808,1008.21326,47.6,150.9,265.0,4.5,120.0,72.66,9,13,4,0,76.4,69.66,37.78,43.09,75.35,65.77166666666666,-3.740000000000009,33.46
2026-04-13 10:00:00,33.0,38.366978,15.509274,1007.6128,42.8,133.6,273.0,5.3,113.0,65.87,10,13,4,0,72.66,76.99,44.06,37.08,71.64333333333333,69.40666666666667,-6.789999999999992,33.96
2026-04-13 11:00:00,32.35,41.861477,15.7908325,1007.01154,37.6,115.3,287.0,7.0,104.0,58.51,11,13,4,0,65.87,76.4,54.86,33.02,65.67999999999999,70.015,-7.3600000000000065,34.88
2026-04-13 12:00:00,30.8,48.522396,17.71789,1006.8076,27.2,81.3,316.0,9.2,96.0,45.64,12,13,4,0,58.51,72.66,69.66,31.28,56.67333333333334,66.01166666666667,-12.869999999999997,38.9
2026-04-13 13:00:00,29.45,54.4321,16.22498,1006.7042,27.2,71.0,373.0,12.5,89.0,43.02,13,13,4,0,45.64,65.87,76.99,31.26,49.05666666666667,60.35,-2.6199999999999974,40.44
2026-04-13 14:00:00,28.3,59.646675,13.8037815,1007.00085,27.5,60.1,444.0,16.9,79.0,40.16,14,13,4,0,43.02,58.51,76.4,34.15,42.94,54.31,-2.8600000000000065,40.21
2026-04-13 15:00:00,27.9,62.006752,10.6261,1007.5994,25.0,54.2,492.0,19.3,73.0,37.19,15,13,4,0,40.16,45.64,72.66,37.78,40.12333333333333,48.39833333333333,-2.969999999999999,41.25
2026-04-13 16:00:00,27.55,64.27444,9.36173,1008.0981,21.7,44.8,503.0,18.0,74.0,33.61,16,13,4,0,37.19,43.02,65.87,44.06,36.986666666666665,43.02166666666667,-3.5799999999999983,41.76
2026-04-13 17:00:00,27.3,64.820206,9.867218,1008.5971,18.5,39.5,491.0,14.8,79.0,31.22,17,13,4,0,33.61,40.16,58.51,54.86,34.00666666666667,38.473333333333336,-2.3900000000000006,42.23
2026-04-13 18:00:00,26.85,67.38346,8.383054,1008.8955,16.5,38.1,455.0,11.7,84.0,30.22,18,13,4,0,31.22,37.19,45.64,69.66,31.683333333333334,35.90333333333333,-1.0,42.48
2026-04-13 19:00:00,26.5,69.85605,9.028754,1008.3951,15.1,34.8,379.0,9.2,87.0,28.94,19,13,4,0,30.22,33.61,43.02,76.99,30.126666666666665,33.556666666666665,-1.2799999999999976,41.94
2026-04-13 20:00:00,26.15,72.42115,10.873252,1007.89453,13.6,28.2,278.0,6.8,89.0,26.81,20,13,4,0,28.94,31.22,40.16,76.4,28.656666666666666,31.331666666666667,-2.1300000000000026,40.68
2026-04-13 21:00:00,26.05,72.85069,11.391313,1007.1947,12.4,23.9,205.0,5.2,90.0,25.26,21,13,4,0,26.81,30.22,37.19,72.66,27.003333333333334,29.343333333333334,-1.5499999999999972,39.44
2026-04-13 22:00:00,26.05,71.29641,13.239487,1006.49524,12.1,26.9,162.0,4.3,89.0,25.42,22,13,4,0,25.26,28.94,33.61,65.87,25.830000000000002,27.978333333333335,0.16000000000000014,38.43
2026-04-13 23:00:00,26.0,71.95002,12.783802,1006.2954,12.2,28.8,145.0,4.3,87.0,25.56,23,13,4,0,25.42,26.81,31.22,58.51,25.413333333333338,27.035,0.13999999999999702,37.41
2026-04-14 00:00:00,25.8,77.41929,11.345713,1006.3948,14.8,44.5,196.0,6.4,83.0,29.71,0,14,4,1,25.56,25.26,30.22,45.64,26.896666666666665,26.95,4.150000000000002,35.66
2026-04-14 01:00:00,25.75,77.175255,10.449306,1006.894,16.0,43.9,391.0,10.9,78.0,30.12,1,14,4,1,29.71,25.42,28.94,43.02,28.463333333333335,27.146666666666665,0.41000000000000014,35.2
2026-04-14 02:00:00,25.9,75.560555,9.080639,1007.3942,19.8,51.8,653.0,16.9,72.0,33.59,2,14,4,1,30.12,25.56,26.81,40.16,31.140000000000004,28.27666666666667,3.4700000000000024,36.36
2026-04-14 03:00:00,27.45,68.75825,7.247096,1007.9979,25.7,74.0,795.0,20.1,73.0,41.62,3,14,4,1,33.59,29.71,25.26,37.19,35.11000000000001,31.003333333333334,8.029999999999994,38.52
2026-04-14 04:00:00,29.8,56.933346,8.107996,1008.204,34.5,130.9,698.0,17.6,88.0,59.27,4,14,4,1,41.62,30.12,25.42,33.61,44.826666666666675,36.645,17.650000000000006,40.54
2026-04-14 05:00:00,31.75,47.572918,9.403169,1008.60876,44.9,191.4,481.0,12.2,110.0,79.06,5,14,4,1,59.27,33.59,25.56,31.22,59.98333333333333,45.56166666666667,19.79,43.6
2026-04-14 06:00:00,31.95,49.892178,13.100489,1009.0088,54.7,238.0,312.0,7.9,127.0,95.19,6,14,4,1,79.06,41.62,29.71,30.22,77.83999999999999,56.475,16.129999999999995,45.58
2026-04-14 07:00:00,32.9,45.138725,13.346729,1008.61163,60.5,258.0,260.0,5.9,134.0,102.84,7,14,4,1,95.19,59.27,30.12,28.94,92.36333333333334,68.59500000000001,7.650000000000006,45.38
2026-04-14 08:00:00,33.35,42.662575,14.408997,1007.81354,62.4,253.3,256.0,4.9,137.0,103.14,8,14,4,1,102.84,79.06,33.59,26.81,100.39,80.18666666666667,0.29999999999999716,44.09
2026-04-14 09:00:00,33.2,41.568424,14.975741,1007.2137,61.9,240.3,268.0,5.0,135.0,100.01,9,14,4,1,103.14,95.19,41.62,25.26,101.99666666666667,89.91833333333334,-3.1299999999999955,42.17
2026-04-14 10:00:00,32.5,44.334576,14.975741,1006.51227,58.8,217.0,287.0,6.4,128.0,92.96,10,14,4,1,100.01,102.84,59.27,25.42,98.70333333333333,95.53333333333335,-7.050000000000011,40.6
2026-04-14 11:00:00,31.85,47.303905,13.450708,1006.0111,51.9,178.3,321.0,8.9,117.0,80.5,11,14,4,1,92.96,103.14,79.06,25.56,91.15666666666668,95.77333333333333,-12.459999999999994,39.22
2026-04-14 12:00:00,30.75,51.788643,11.631956,1005.5084,43.1,139.7,365.0,11.9,107.0,67.32,12,14,4,1,80.5,100.01,95.19,29.71,80.26,91.12833333333333,-13.180000000000007,36.41
2026-04-14 13:00:00,29.3,54.905445,12.284916,1005.7044,33.9,97.1,430.0,16.1,98.0,53.49,13,14,4,1,67.32,92.96,102.84,30.12,67.10333333333334,82.90333333333332,-13.829999999999991,34.97
2026-04-14 14:00:00,27.85,58.07572,9.36173,1006.0004,29.0,70.5,505.0,21.7,87.0,44.91,14,14,4,1,53.49,80.5,103.14,33.59,55.24,73.19833333333334,-8.580000000000005,33.64
2026-04-14 15:00:00,27.0,66.17566,9.178235,1006.3979,25.6,58.6,551.0,25.1,79.0,40.14,15,14,4,1,44.91,67.32,100.01,41.62,46.18,63.22,-4.769999999999996,32.9
2026-04-14 16:00:00,26.35,74.02911,8.557102,1006.89594,24.8,51.8,549.0,24.3,79.0,38.25,16,14,4,1,40.14,53.49,92.96,59.27,41.099999999999994,54.10166666666667,-1.8900000000000006,32.22
2026-04-14 17:00:00,25.9,78.147156,8.477216,1007.4941,25.3,50.6,518.0,21.3,84.0,38.57,17,14,4,1,38.25,44.91,80.5,79.06,38.986666666666665,47.11333333333334,0.3200000000000003,31.24
2026-04-14 18:00:00,25.75,79.085945,8.553314,1007.3936,26.4,52.9,474.0,18.4,87.0,39.59,18,14,4,1,38.57,40.14,67.32,95.19,38.803333333333335,42.49166666666667,1.0200000000000031,30.44
2026-04-14 19:00:00,25.65,79.072044,6.1569467,1007.1937,27.2,55.3,413.0,16.2,88.0,40.29,19,14,4,1,39.59,38.25,53.49,102.84,39.48333333333333,40.291666666666664,0.6999999999999957,29.61
2026-04-14 20:00:00,25.25,80.23492,5.315336,1006.3932,27.0,55.1,340.0,14.1,89.0,39.98,20,14,4,1,40.29,38.57,44.91,103.14,39.95333333333333,39.47,-0.3100000000000023,28.84
2026-04-14 21:00:00,25.0,79.9563,7.172949,1005.69305,25.9,51.6,284.0,12.6,88.0,38.36,21,14,4,1,39.98,39.59,40.14,100.01,39.54333333333333,39.17333333333333,-1.6199999999999974,28.11
2026-04-14 22:00:00,25.0,77.7771,8.777653,1005.1934,24.7,48.0,228.0,11.2,86.0,36.53,22,14,4,1,38.36,40.29,38.25,92.96,38.29,38.88666666666666,-1.8299999999999983,27.3
2026-04-14 23:00:00,24.95,76.58137,7.731623,1004.8937,23.7,45.1,189.0,10.3,82.0,34.72,23,14,4,1,36.53,39.98,38.57,80.5,36.53666666666667,38.245,-1.8100000000000023,27.02
2026-04-15 00:00:00,24.6,79.65713,5.1919937,1004.59296,23.1,42.3,247.0,12.6,74.0,33.0,0,15,4,2,34.72,38.36,39.59,67.32,34.75,37.14666666666667,-1.7199999999999989,26.53
2026-04-15 01:00:00,24.65,79.66395,5.634891,1004.9926,25.4,46.7,518.0,21.3,66.0,35.14,1,15,4,2,33.0,36.53,40.29,53.49,34.28666666666667,36.288333333333334,2.1400000000000006,29.24
2026-04-15 02:00:00,24.7,80.408295,5.195113,1005.49225,32.9,54.7,887.0,33.0,55.0,40.59,2,15,4,2,35.14,34.72,39.98,44.91,36.24333333333333,36.38999999999999,5.450000000000003,34.47
2026-04-15 03:00:00,26.4,75.17892,3.671294,1006.1965,33.4,56.1,1087.0,39.2,58.0,42.5,3,15,4,2,40.59,33.0,38.36,40.14,39.410000000000004,37.080000000000005,1.9099999999999966,42.56
2026-04-15 04:00:00,28.35,68.09541,5.7964473,1006.5013,32.4,72.2,950.0,34.8,85.0,48.61,4,15,4,2,42.5,35.14,36.53,38.25,43.9,39.093333333333334,6.109999999999999,56.92
2026-04-15 05:00:00,29.95,61.889393,7.995323,1006.9054,34.2,86.8,644.0,24.9,126.0,57.1,5,15,4,2,48.61,40.59,34.72,38.57,49.403333333333336,42.82333333333333,8.490000000000002,65.11
2026-04-15 06:00:00,30.75,59.84152,10.717182,1007.2071,37.8,101.3,404.0,16.5,159.0,65.48,6,15,4,2,57.1,42.5,33.0,39.59,57.06333333333333,48.23666666666667,8.380000000000003,66.79
2026-04-15 07:00:00,31.5,56.64244,12.16832,1007.0094,40.2,107.6,324.0,11.9,181.0,70.56,7,15,4,2,65.48,48.61,35.14,40.29,64.38,54.14000000000001,5.079999999999998,64.71
2026-04-15 08:00:00,32.0,52.911186,12.5807,1006.4112,39.5,103.1,309.0,8.8,196.0,71.09,8,15,4,2,70.56,57.1,40.59,39.98,69.04333333333334,59.223333333333336,0.5300000000000011,60.65
2026-04-15 09:00:00,32.25,50.43363,12.85205,1005.4126,37.5,100.1,311.0,7.4,199.0,69.73,9,15,4,2,71.09,65.48,42.5,38.36,70.46,63.76166666666666,-1.3599999999999994,55.96
2026-04-15 10:00:00,32.05,50.694054,12.283599,1004.6126,35.2,97.8,320.0,7.9,182.0,65.65,10,15,4,2,69.73,70.56,48.61,36.53,68.82333333333334,66.60166666666667,-4.079999999999998,50.64
2026-04-15 11:00:00,31.2,55.88213,12.431733,1004.1107,32.8,95.0,346.0,10.1,153.0,59.86,11,15,4,2,65.65,71.09,57.1,34.72,65.08,67.06166666666667,-5.790000000000006,46.23
2026-04-15 12:00:00,29.25,67.03885,13.523978,1004.3055,30.4,91.7,370.0,12.8,128.0,54.66,12,15,4,2,59.86,69.73,65.48,33.0,60.056666666666665,65.25833333333334,-5.200000000000003,41.88
2026-04-15 13:00:00,27.95,73.17703,13.049689,1004.402,29.5,81.5,381.0,17.1,112.0,50.42,13,15,4,2,54.66,65.65,70.56,35.14,54.98,61.90166666666667,-4.239999999999995,41.08
2026-04-15 14:00:00,26.9,79.48515,11.225132,1004.79877,27.9,63.3,390.0,23.0,91.0,43.71,14,15,4,2,50.42,59.86,71.09,40.59,49.596666666666664,57.33833333333334,-6.710000000000001,41.02
2026-04-15 15:00:00,26.45,81.12699,9.726665,1005.3971,26.3,55.9,405.0,26.8,75.0,39.6,15,15,4,2,43.71,54.66,69.73,42.5,44.57666666666666,52.31666666666667,-4.109999999999999,43.25
2026-04-15 16:00:00,26.1,81.823814,9.36173,1005.89575,23.8,47.3,449.0,26.6,71.0,36.0,16,15,4,2,39.6,50.42,65.65,48.61,39.769999999999996,47.375,-3.6000000000000014,44.12
2026-04-15 17:00:00,25.7,83.53164,7.928178,1005.9947,22.1,39.0,499.0,24.4,74.0,33.61,17,15,4,2,36.0,43.71,59.86,57.1,36.40333333333333,43.0,-2.3900000000000006,44.72
2026-04-15 18:00:00,25.7,80.05007,7.79215,1005.8948,20.8,33.4,503.0,21.8,77.0,31.9,18,15,4,2,33.61,39.6,54.66,65.48,33.836666666666666,39.20666666666667,-1.7100000000000009,44.56
2026-04-15 19:00:00,25.75,72.57445,10.018743,1005.3952,19.5,29.3,414.0,19.3,80.0,30.5,19,15,4,2,31.9,36.0,50.42,70.56,32.00333333333333,35.88666666666666,-1.3999999999999986,42.73
2026-04-15 20:00:00,25.7,68.845055,10.914888,1005.09546,17.7,25.1,279.0,16.5,83.0,28.8,20,15,4,2,30.5,33.61,43.71,71.09,30.399999999999995,33.401666666666664,-1.6999999999999993,39.89
2026-04-15 21:00:00,25.55,67.75331,11.265469,1004.6955,15.5,21.0,180.0,13.9,87.0,27.08,21,15,4,2,28.8,31.9,39.6,69.73,28.793333333333326,31.315,-1.7200000000000024,36.82
2026-04-15 22:00:00,25.35,66.24857,10.829959,1004.395,13.3,17.5,143.0,11.1,93.0,25.76,22,15,4,2,27.08,30.5,36.0,65.65,27.213333333333328,29.60833333333333,-1.3199999999999967,34.16
2026-04-15 23:00:00,25.0,66.176414,10.24578,1003.9944,11.9,15.8,144.0,8.4,99.0,25.22,23,15,4,2,25.76,28.8,33.61,59.86,26.019999999999996,28.209999999999997,-0.5400000000000027,32.52
2026-04-16 00:00:00,24.9,72.200714,10.829959,1003.7943,11.4,16.6,189.0,7.5,103.0,25.6,0,16,4,3,25.22,27.08,31.9,54.66,25.52666666666666,27.159999999999997,0.38000000000000256,30.27
2026-04-16 01:00:00,24.9,71.53066,10.8955765,1004.2939,12.1,17.1,325.0,11.0,102.0,26.42,1,16,4,3,25.6,25.76,30.5,50.42,25.74666666666666,26.48,0.8200000000000003,31.09
2026-04-16 02:00:00,25.2,69.82724,10.801499,1004.8944,15.0,20.2,507.0,15.7,100.0,28.9,2,16,4,3,26.42,25.22,28.8,43.71,26.97333333333333,26.49666666666667,2.479999999999997,33.72
2026-04-16 03:00:00,26.65,66.92806,10.4166975,1005.69745,17.3,24.2,603.0,17.9,103.0,31.62,3,16,4,3,28.9,25.6,27.08,39.6,28.979999999999993,27.253333333333334,2.7200000000000024,35.56
2026-04-16 04:00:00,28.1,59.4155,12.413476,1006.3008,17.3,25.5,530.0,15.2,114.0,33.13,4,16,4,3,31.62,26.42,25.76,36.0,31.216666666666665,28.48166666666667,1.5100000000000016,37.52
2026-04-16 05:00:00,29.3,52.88831,12.601285,1006.6037,16.4,25.1,371.0,10.0,130.0,34.22,5,16,4,3,33.13,28.9,25.22,33.61,32.99,29.98166666666667,1.0899999999999963,40.28
2026-04-16 06:00:00,29.65,49.605824,15.426537,1007.3041,15.7,24.5,251.0,6.0,141.0,34.8,6,16,4,3,34.22,31.62,25.6,31.9,34.05,31.515000000000004,0.5799999999999983,42.28
2026-04-16 07:00:00,29.75,50.258835,16.077536,1007.30444,14.7,23.5,219.0,4.4,143.0,34.16,7,16,4,3,34.8,33.13,26.42,30.5,34.393333333333324,32.805,-0.6400000000000006,42.56
2026-04-16 08:00:00,29.85,52.697605,16.394829,1006.905,14.6,23.8,226.0,4.0,140.0,33.66,8,16,4,3,34.16,34.22,28.9,28.8,34.206666666666656,33.59833333333333,-0.5,42.32
2026-04-16 09:00:00,30.25,50.230988,15.602999,1006.1066,14.8,24.9,244.0,4.5,136.0,33.46,9,16,4,3,33.66,34.8,31.62,27.08,33.75999999999999,33.904999999999994,-0.19999999999999574,41.78
2026-04-16 10:00:00,30.15,51.155037,14.799459,1005.40717,15.5,27.3,265.0,5.3,133.0,33.96,10,16,4,3,33.46,34.16,33.13,25.76,33.69333333333333,34.04333333333333,0.5,41.14
2026-04-16 11:00:00,29.5,53.938454,14.637663,1004.8057,16.8,31.2,297.0,6.9,128.0,34.88,11,16,4,3,33.96,33.66,34.22,25.22,34.099999999999994,34.15333333333333,0.9200000000000017,40.44
2026-04-16 12:00:00,28.55,59.88949,12.5032,1004.3036,21.0,43.3,336.0,10.6,121.0,38.9,12,16,4,3,34.88,33.46,34.8,25.6,35.91333333333333,34.836666666666666,4.019999999999996,32.11
2026-04-16 13:00:00,27.75,65.31614,11.190442,1004.40137,23.9,49.1,390.0,17.5,107.0,40.44,13,16,4,3,38.9,33.96,34.16,26.42,38.07333333333333,35.88333333333333,1.5399999999999991,31.17
2026-04-16 14:00:00,26.85,71.44084,9.292255,1004.79877,26.5,49.2,450.0,27.1,87.0,40.21,14,16,4,3,40.44,34.88,33.66,28.9,39.849999999999994,36.975,-0.22999999999999687,30.0
2026-04-16 15:00:00,26.4,75.63982,8.936778,1005.3971,29.0,54.7,492.0,34.4,71.0,41.25,15,16,4,3,40.21,38.9,33.46,31.62,40.633333333333326,38.27333333333333,1.0399999999999991,29.57
2026-04-16 16:00:00,26.1,78.65399,9.835975,1006.2954,30.3,57.3,505.0,38.0,63.0,41.76,16,16,4,3,41.25,40.44,33.96,33.13,41.07333333333333,39.57333333333333,0.509999999999998,29.63
2026-04-16 17:00:00,25.9,80.07676,9.636307,1006.7946,31.5,58.6,499.0,39.4,59.0,42.23,17,16,4,3,41.76,40.21,34.88,34.22,41.74666666666666,40.79833333333333,0.46999999999999886,30.37
2026-04-16 18:00:00,25.7,81.03159,9.2660675,1007.1937,32.0,59.6,479.0,38.1,59.0,42.48,18,16,4,3,42.23,41.25,38.9,34.8,42.15666666666666,41.395,0.25,31.38
2026-04-16 19:00:00,25.65,80.28787,8.699793,1007.1937,31.0,59.5,440.0,32.9,64.0,41.94,19,16,4,3,42.48,41.76,40.44,34.16,42.21666666666666,41.645,-0.5399999999999991,31.08
2026-04-16 20:00:00,25.3,82.97998,8.311245,1006.5933,28.8,57.9,387.0,25.0,73.0,40.68,20,16,4,3,41.94,42.23,40.21,33.66,41.699999999999996,41.72333333333333,-1.259999999999998,29.88
2026-04-16 21:00:00,25.05,85.2556,8.649369,1006.39246,26.7,56.0,333.0,18.3,81.0,39.44,21,16,4,3,40.68,42.48,41.25,33.46,40.68666666666666,41.42166666666666,-1.240000000000002,29.1
2026-04-16 22:00:00,24.9,85.2403,9.36,1006.1924,24.7,54.2,268.0,13.6,88.0,38.43,22,16,4,3,39.44,41.94,41.76,33.96,39.51666666666666,40.86666666666667,-1.009999999999998,28.95
2026-04-16 23:00:00,24.9,83.95188,9.555271,1006.1924,23.1,51.3,203.0,10.0,94.0,37.41,23,16,4,3,38.43,40.68,42.23,34.88,38.426666666666655,40.06333333333333,-1.0200000000000031,29.44
2026-04-17 00:00:00,25.0,85.25049,11.074022,1006.29254,21.3,43.9,188.0,8.2,100.0,35.66,0,17,4,4,37.41,39.44,42.48,38.9,37.16666666666666,38.92666666666666,-1.75,29.03
2026-04-17 01:00:00,24.8,86.27392,10.829959,1006.69165,21.1,40.9,277.0,11.8,98.0,35.2,1,17,4,4,35.66,38.43,41.94,40.44,36.089999999999996,37.803333333333335,-0.45999999999999375,29.76
2026-04-17 02:00:00,25.0,85.770355,10.4166975,1007.29175,22.8,39.6,417.0,16.6,97.0,36.36,2,17,4,4,35.2,37.41,40.68,40.21,35.739999999999995,37.083333333333336,1.1599999999999966,32.61
2026-04-17 03:00:00,26.6,77.06739,10.759423,1008.1955,24.4,41.6,499.0,19.0,101.0,38.52,3,17,4,4,36.36,35.66,39.44,41.25,36.69333333333333,36.93,2.1600000000000037,36.95
2026-04-17 04:00:00,28.65,65.70358,11.91948,1009.00024,24.6,41.8,461.0,16.5,116.0,40.54,4,17,4,4,38.52,35.2,38.43,41.76,38.47333333333333,37.281666666666666,2.019999999999996,41.5
2026-04-17 05:00:00,30.85,53.773415,11.252519,1009.3056,24.9,45.1,364.0,11.5,136.0,43.6,5,17,4,4,40.54,36.36,37.41,42.23,40.88666666666666,38.31333333333333,3.0600000000000023,47.04
2026-04-17 06:00:00,32.35,45.414795,13.339445,1009.3097,24.2,49.2,287.0,7.6,150.0,45.58,6,17,4,4,43.6,38.52,35.66,42.48,43.23999999999999,39.96666666666667,1.9799999999999969,52.26
2026-04-17 07:00:00,32.95,42.687748,14.944336,1009.11163,23.2,51.3,255.0,5.8,151.0,45.38,7,17,4,4,45.58,40.54,35.2,41.94,44.85333333333333,41.663333333333334,-0.19999999999999574,55.39
2026-04-17 08:00:00,33.35,39.82059,15.477906,1008.613,22.2,51.7,243.0,5.0,146.0,44.09,8,17,4,4,45.38,43.6,36.36,40.68,45.01666666666667,42.951666666666675,-1.2899999999999991,56.04
2026-04-17 09:00:00,33.45,38.247986,15.683776,1007.91376,21.2,50.3,246.0,5.4,138.0,42.17,9,17,4,4,44.09,45.58,38.52,39.44,43.879999999999995,43.56,-1.9200000000000017,54.76
2026-04-17 10:00:00,33.15,37.327698,14.84318,1007.2133,20.5,50.1,263.0,6.5,129.0,40.6,10,17,4,4,42.17,45.38,40.54,38.43,42.28666666666666,43.57,-1.5700000000000003,50.68
2026-04-17 11:00:00,32.6,36.007195,13.441071,1006.6126,20.3,51.0,296.0,8.8,117.0,39.22,11,17,4,4,40.6,44.09,43.6,37.41,40.66333333333333,42.84,-1.3800000000000026,46.12
2026-04-17 12:00:00,31.4,36.49082,13.358861,1006.80914,19.0,47.1,345.0,13.6,103.0,36.41,12,17,4,4,39.22,42.17,45.58,35.66,38.74333333333333,41.31166666666667,-2.8100000000000023,39.24
2026-04-17 13:00:00,29.85,43.202538,12.145665,1006.6053,19.6,44.1,428.0,22.0,87.0,34.97,13,17,4,4,36.41,40.6,45.38,35.2,36.86666666666667,39.57666666666667,-1.4399999999999977,35.92
2026-04-17 14:00:00,28.05,54.5962,10.453957,1007.1002,21.5,40.6,527.0,33.5,65.0,33.64,14,17,4,4,34.97,39.22,44.09,36.36,35.00666666666666,37.835,-1.3299999999999983,32.89
2026-04-17 15:00:00,27.3,59.22942,8.6867485,1007.6978,22.5,40.9,588.0,40.8,49.0,32.9,15,17,4,4,33.64,36.41,42.17,38.52,33.836666666666666,36.29,-0.740000000000002,31.67
2026-04-17 16:00:00,26.65,66.30906,8.909545,1008.29535,22.4,40.3,586.0,40.4,46.0,32.22,16,17,4,4,32.9,34.97,40.6,40.54,32.919999999999995,34.89333333333333,-0.6799999999999997,31.16
2026-04-17 17:00:00,26.05,71.73749,8.821836,1008.9933,21.7,39.0,546.0,35.9,48.0,31.24,17,17,4,4,32.22,33.64,39.22,43.6,32.11999999999999,33.56333333333333,-0.9800000000000004,30.71
2026-04-17 18:00:00,25.6,75.049934,7.9383874,1008.99207,20.9,37.7,493.0,31.0,52.0,30.44,18,17,4,4,31.24,32.9,36.41,45.58,31.299999999999994,32.568333333333335,-0.7999999999999972,30.38
2026-04-17 19:00:00,25.2,80.72048,7.69592,1008.8912,20.0,37.0,426.0,26.4,55.0,29.61,19,17,4,4,30.44,32.22,34.97,45.38,30.429999999999996,31.674999999999997,-0.8300000000000018,29.64
2026-04-17 20:00:00,24.9,83.69626,7.69592,1008.49054,18.9,36.7,346.0,21.3,59.0,28.84,20,17,4,4,29.61,31.24,33.64,44.09,29.629999999999995,30.875,-0.7699999999999996,28.6
2026-04-17 21:00:00,24.45,86.767685,8.197414,1007.8897,17.9,36.4,281.0,17.2,62.0,28.11,21,17,4,4,28.84,30.44,32.9,42.17,28.853333333333328,30.076666666666668,-0.7300000000000004,27.36
2026-04-17 22:00:00,24.25,86.22119,8.049845,1007.2899,17.0,35.9,228.0,14.5,63.0,27.3,22,17,4,4,28.11,29.61,32.22,40.6,28.08333333333333,29.256666666666664,-0.8099999999999987,26.0
2026-04-17 23:00:00,24.15,85.686104,8.163749,1006.9898,16.6,37.5,190.0,12.8,62.0,27.02,23,17,4,4,27.3,28.84,31.24,39.22,27.47666666666666,28.55333333333333,-0.28000000000000114,25.28
2026-04-18 00:00:00,24.15,85.163414,8.641874,1007.0898,14.9,36.8,205.0,11.1,67.0,26.53,0,18,4,5,27.02,28.11,30.44,36.41,26.949999999999992,27.901666666666667,-0.48999999999999844,26.16
2026-04-18 01:00:00,23.9,85.66119,9.746631,1007.48883,16.2,43.2,329.0,14.3,69.0,29.24,1,18,4,5,26.53,27.3,29.61,34.97,27.596666666666664,27.840000000000003,2.7099999999999973,27.32
2026-04-18 02:00:00,24.25,84.13732,9.721666,1007.88947,20.4,53.4,506.0,18.6,72.0,34.47,2,18,4,5,29.24,27.02,28.84,33.64,30.079999999999995,28.778333333333336,5.23,29.96
2026-04-18 03:00:00,25.9,75.098404,9.906544,1008.4933,23.6,77.1,600.0,20.3,82.0,42.56,3,18,4,5,34.47,26.53,28.11,32.9,35.423333333333325,31.186666666666667,8.090000000000003,33.8
2026-04-18 04:00:00,27.55,64.47337,10.63372,1008.7975,29.2,121.5,525.0,17.1,103.0,56.92,4,18,4,5,42.56,29.24,27.3,32.22,44.65,36.123333333333335,14.36,38.38
2026-04-18 05:00:00,28.9,55.494873,12.193588,1009.3006,32.4,137.8,367.0,11.3,131.0,65.11,5,18,4,5,56.92,34.47,27.02,31.24,54.86333333333332,42.471666666666664,8.189999999999998,42.15
2026-04-18 06:00:00,29.15,53.851162,13.979871,1009.50104,32.4,134.6,248.0,6.8,151.0,66.79,6,18,4,5,65.11,42.56,26.53,30.44,62.94,49.18166666666667,1.6800000000000068,45.07
2026-04-18 07:00:00,30.1,49.567444,14.241629,1009.4037,31.2,123.4,219.0,4.9,158.0,64.71,7,18,4,5,66.79,56.92,29.24,29.61,65.53666666666666,55.093333333333334,-2.0800000000000125,45.07
2026-04-18 08:00:00,30.35,49.477497,14.474059,1009.0047,29.3,109.0,229.0,4.3,157.0,60.65,8,18,4,5,64.71,65.11,34.47,28.84,64.05,59.45666666666667,-4.059999999999995,43.71
2026-04-18 09:00:00,30.35,48.556293,14.328949,1008.1054,27.0,94.1,248.0,4.6,153.0,55.96,9,18,4,5,60.65,66.79,42.56,28.11,60.43999999999999,61.69,-4.689999999999998,42.34
2026-04-18 10:00:00,30.15,47.001244,14.233664,1007.30566,24.2,78.5,269.0,5.3,147.0,50.64,10,18,4,5,55.96,64.71,56.92,27.3,55.74999999999999,60.64333333333334,-5.32,40.79
2026-04-18 11:00:00,29.35,54.577015,14.628807,1007.0037,22.4,66.4,299.0,7.0,138.0,46.23,11,18,4,5,50.64,60.65,65.11,27.02,50.94333333333332,57.49666666666666,-4.410000000000004,38.74
2026-04-18 12:00:00,27.9,63.559673,14.028457,1006.9,20.1,55.1,326.0,9.7,129.0,41.88,12,18,4,5,46.23,55.96,66.79,26.53,46.24999999999999,53.34499999999999,-4.349999999999994,37.52
2026-04-18 13:00:00,26.95,69.94052,14.007655,1006.9974,20.7,55.1,338.0,15.4,116.0,41.08,13,18,4,5,41.88,50.64,64.71,29.24,43.063333333333325,49.406666666666666,-0.8000000000000043,34.8
2026-04-18 14:00:00,26.1,75.130646,13.184308,1007.5944,23.7,55.6,348.0,23.3,97.0,41.02,14,18,4,5,41.08,46.23,60.65,34.47,41.32666666666666,46.135,-0.05999999999999517,30.82
2026-04-18 15:00:00,25.75,76.46922,10.674773,1007.9931,27.4,64.5,377.0,30.0,81.0,43.25,15,18,4,5,41.02,41.88,55.96,42.56,41.783333333333324,44.01666666666667,2.229999999999997,29.28
2026-04-18 16:00:00,25.45,76.89382,7.2022495,1008.1923,29.6,67.8,458.0,35.1,70.0,44.12,16,18,4,5,43.25,41.08,50.64,56.92,42.79666666666666,42.93000000000001,0.8699999999999974,28.6
2026-04-18 17:00:00,25.05,79.230995,6.391901,1008.29095,31.7,68.5,559.0,39.1,62.0,44.72,17,18,4,5,44.12,41.02,46.23,65.11,44.029999999999994,42.678333333333335,0.6000000000000014,28.31
2026-04-18 18:00:00,24.8,77.26999,8.131936,1008.69,32.4,68.5,610.0,39.7,58.0,44.56,18,18,4,5,44.72,43.25,41.88,66.79,44.46666666666666,43.125,-0.1599999999999966,28.2
2026-04-18 19:00:00,24.6,79.41246,8.197414,1008.6897,30.5,65.7,568.0,34.6,61.0,42.73,19,18,4,5,44.56,44.12,41.08,64.71,44.00333333333332,43.400000000000006,-1.8300000000000054,27.45
2026-04-18 20:00:00,24.35,82.615425,7.5942073,1008.1892,27.2,60.1,476.0,26.1,69.0,39.89,20,18,4,5,42.73,44.72,41.02,60.65,42.393333333333324,43.211666666666666,-2.8399999999999963,26.46
2026-04-18 21:00:00,24.05,84.63289,8.641874,1007.589,24.0,53.6,391.0,19.0,75.0,36.82,21,18,4,5,39.89,44.56,43.25,55.96,39.813333333333325,42.14,-3.0700000000000003,25.03
2026-04-18 22:00:00,23.8,86.17788,7.7588143,1007.0888,21.5,48.1,313.0,14.9,77.0,34.16,22,18,4,5,36.82,42.73,44.12,50.64,36.956666666666656,40.48,-2.6600000000000037,23.79
2026-04-18 23:00:00,23.6,86.688736,8.281956,1006.68854,19.9,45.2,242.0,12.2,78.0,32.52,23,18,4,5,34.16,39.89,44.72,46.23,34.49999999999999,38.446666666666665,-1.6399999999999935,22.76
2026-04-19 00:00:00,23.75,89.94118,9.208192,1006.4889,18.8,36.7,230.0,11.2,79.0,30.27,0,19,4,6,32.52,36.82,44.56,41.88,32.316666666666656,36.065,-2.2500000000000036,21.59
2026-04-19 01:00:00,23.8,88.58322,8.507737,1006.789,19.2,36.4,343.0,13.7,81.0,31.09,1,19,4,6,30.27,34.16,42.73,41.08,31.293333333333322,34.125,0.8200000000000003,22.04
2026-04-19 02:00:00,24.25,85.43449,7.4346757,1007.3899,21.9,38.2,517.0,16.9,84.0,33.72,2,19,4,6,31.09,32.52,39.89,41.02,31.693333333333324,33.096666666666664,2.629999999999999,23.81
2026-04-19 03:00:00,25.9,76.25843,7.7400002,1007.9937,21.9,40.5,609.0,18.1,92.0,35.56,3,19,4,6,33.72,30.27,36.82,43.25,33.456666666666656,32.88666666666666,1.8400000000000034,24.78
2026-04-19 04:00:00,27.45,67.502914,8.477216,1008.4975,21.5,39.2,533.0,15.2,111.0,37.52,4,19,4,6,35.56,31.09,34.16,44.12,35.599999999999994,33.446666666666665,1.9600000000000009,26.09
2026-04-19 05:00:00,28.9,60.71439,10.239453,1008.80096,21.7,37.5,376.0,10.2,136.0,40.28,5,19,4,6,37.52,33.72,32.52,44.72,37.78666666666666,34.74,2.759999999999998,28.02
2026-04-19 06:00:00,29.55,59.383614,13.277364,1009.3025,21.8,36.7,259.0,6.3,154.0,42.28,6,19,4,6,40.28,35.56,30.27,44.56,40.026666666666664,36.74166666666667,2.0,29.58
2026-04-19 07:00:00,30.2,56.15716,14.934577,1009.3041,21.2,36.3,231.0,4.7,160.0,42.56,7,19,4,6,42.28,37.52,31.09,42.73,41.706666666666656,38.653333333333336,0.28000000000000114,30.23
2026-04-19 08:00:00,30.65,54.05671,14.887859,1008.7059,20.8,37.3,242.0,4.1,159.0,42.32,8,19,4,6,42.56,40.28,33.72,39.89,42.386666666666656,40.086666666666666,-0.240000000000002,30.06
2026-04-19 09:00:00,30.9,53.290085,14.517644,1007.9071,20.3,38.5,263.0,4.5,155.0,41.78,9,19,4,6,42.32,42.28,35.56,36.82,42.21999999999999,41.123333333333335,-0.5399999999999991,29.49
2026-04-19 10:00:00,30.75,52.92416,14.059602,1007.30695,19.8,40.2,288.0,5.7,149.0,41.14,10,19,4,6,41.78,42.56,37.52,34.16,41.746666666666655,41.72666666666667,-0.6400000000000006,28.65
2026-04-19 11:00:00,30.3,52.811073,13.708391,1006.8064,19.8,41.8,324.0,7.9,140.0,40.44,11,19,4,6,41.14,42.32,40.28,32.52,41.11999999999999,41.75333333333334,-0.7000000000000028,27.33
2026-04-19 12:00:00,29.35,53.23248,12.580699,1006.60406,12.4,25.0,360.0,10.4,129.0,32.11,12,19,4,6,40.44,41.78,42.28,30.27,37.896666666666654,40.05833333333333,-8.329999999999998,22.34
2026-04-19 13:00:00,28.3,59.646675,11.225132,1006.801,13.2,23.1,392.0,15.0,118.0,31.17,13,19,4,6,32.11,41.14,42.56,31.09,34.57333333333332,38.160000000000004,-0.9399999999999977,21.88
2026-04-19 14:00:00,26.8,71.871254,11.672275,1006.8969,14.6,20.9,425.0,21.5,102.0,30.0,14,19,4,6,31.17,40.44,42.32,33.72,31.093333333333323,36.10666666666667,-1.1700000000000017,21.52
2026-04-19 15:00:00,26.05,78.886955,10.8792095,1007.49445,16.1,21.1,459.0,27.3,88.0,29.57,15,19,4,6,30.0,32.11,41.78,35.56,30.24666666666666,34.071666666666665,-0.4299999999999997,21.76
2026-04-19 16:00:00,25.8,80.55259,9.6228485,1007.7936,17.6,22.2,515.0,32.3,77.0,29.63,16,19,4,6,29.57,31.17,41.14,37.52,29.733333333333324,32.15333333333333,0.05999999999999872,21.48
2026-04-19 17:00:00,25.45,84.0123,6.5520988,1008.3922,19.7,24.2,573.0,36.5,68.0,30.37,17,19,4,6,29.63,30.0,40.44,40.28,29.856666666666655,30.474999999999998,0.740000000000002,21.06
2026-04-19 18:00:00,25.05,84.996796,6.341009,1008.59076,21.8,26.3,577.0,37.5,64.0,31.38,18,19,4,6,30.37,29.57,32.11,42.28,30.45999999999999,30.353333333333335,1.009999999999998,20.6
2026-04-19 19:00:00,24.85,86.01677,7.5213294,1008.3906,21.8,26.5,478.0,33.2,66.0,31.08,19,19,4,6,31.38,29.63,31.17,42.56,30.943333333333324,30.338333333333335,-0.3000000000000007,20.2
2026-04-19 20:00:00,24.55,88.37479,8.197414,1007.7901,20.0,25.4,326.0,25.7,73.0,29.88,20,19,4,6,31.08,30.37,30.0,42.32,30.77999999999999,30.31833333333333,-1.1999999999999993,19.78
2026-04-19 21:00:00,24.35,89.43928,8.553314,1007.19,18.4,25.9,215.0,19.1,79.0,29.1,21,19,4,6,29.88,31.38,29.57,41.78,30.019999999999992,30.24,-0.7799999999999976,19.6
2026-04-19 22:00:00,24.2,89.97338,9.580668,1006.9898,17.3,28.5,182.0,14.3,83.0,28.95,22,19,4,6,29.1,31.08,29.63,41.14,29.30999999999999,30.126666666666665,-0.15000000000000213,19.28
2026-04-19 23:00:00,24.05,91.340195,8.797931,1007.18933,16.8,32.8,190.0,10.5,86.0,29.44,23,19,4,6,28.95,29.88,30.37,40.44,29.163333333333327,29.971666666666664,0.490000000000002,19.06
2026-04-20 00:00:00,24.2,95.01406,7.570707,1006.88995,16.2,31.5,220.0,8.5,89.0,29.03,0,20,4,0,29.44,29.1,31.38,32.11,29.13999999999999,29.580000000000002,-0.41000000000000014,19.47
2026-04-20 01:00:00,24.15,94.72575,7.6642804,1006.9898,16.9,32.6,285.0,11.6,87.0,29.76,1,20,4,0,29.03,28.95,31.08,31.17,29.409999999999993,29.36,0.7300000000000004,20.01
2026-04-20 02:00:00,24.55,93.04281,8.101999,1007.3905,20.0,36.7,371.0,15.8,86.0,32.61,2,20,4,0,29.76,29.44,29.88,30.0,30.466666666666658,29.814999999999998,2.849999999999998,21.96
2026-04-20 03:00:00,26.25,82.58871,10.63372,1008.0946,22.3,48.3,421.0,17.6,90.0,36.95,3,20,4,0,32.61,29.03,29.1,29.57,33.10666666666666,31.123333333333335,4.340000000000003,24.16
2026-04-20 04:00:00,27.9,73.83718,9.914717,1008.79846,23.7,57.6,399.0,14.9,106.0,41.5,4,20,4,0,36.95,29.76,28.95,29.63,37.01999999999999,33.215,4.549999999999997,26.52
2026-04-20 05:00:00,29.55,65.091866,9.885262,1008.8029,25.7,67.5,341.0,9.9,128.0,47.04,5,20,4,0,41.5,32.61,29.44,30.37,41.82999999999999,36.14833333333333,5.539999999999999,29.18
2026-04-20 06:00:00,30.55,62.210346,10.99769,1008.7055,28.3,77.3,294.0,6.0,145.0,52.26,6,20,4,0,47.04,36.95,29.03,31.38,46.933333333333316,40.02,5.219999999999999,31.52
2026-04-20 07:00:00,31.3,58.704487,12.483748,1008.30774,30.3,81.5,273.0,4.6,155.0,55.39,7,20,4,0,52.26,41.5,29.76,31.08,51.563333333333325,44.291666666666664,3.1300000000000026,32.53
2026-04-20 08:00:00,31.6,56.14986,13.6063795,1007.8087,30.5,79.9,262.0,4.4,161.0,56.04,8,20,4,0,55.39,47.04,32.61,29.88,54.563333333333325,48.196666666666665,0.6499999999999986,33.16
2026-04-20 09:00:00,31.55,53.452137,14.092977,1006.9095,29.6,76.1,263.0,4.9,160.0,54.76,9,20,4,0,56.04,52.26,36.95,29.1,55.396666666666654,51.165,-1.2800000000000011,33.15
2026-04-20 10:00:00,31.4,51.156948,13.638489,1006.4095,27.6,67.5,280.0,5.9,150.0,50.68,10,20,4,0,54.76,55.39,41.5,28.95,53.826666666666654,52.695,-4.079999999999998,32.58
2026-04-20 11:00:00,30.9,51.666363,13.719023,1006.0086,25.7,59.4,308.0,7.6,135.0,46.12,11,20,4,0,50.68,56.04,47.04,29.44,50.51999999999999,52.541666666666664,-4.560000000000002,31.12
2026-04-20 12:00:00,29.1,58.55145,13.83192,1005.90393,21.2,44.7,335.0,11.3,120.0,39.24,12,20,4,0,46.12,54.76,52.26,29.03,45.34666666666666,50.37166666666666,-6.8799999999999955,24.21
2026-04-20 13:00:00,28.0,65.97351,12.661564,1006.2009,20.1,39.2,359.0,16.2,104.0,35.92,13,20,4,0,39.24,50.68,55.39,29.76,40.426666666666655,47.126666666666665,-3.3200000000000003,24.0
2026-04-20 14:00:00,26.7,77.552444,13.1412325,1006.697,20.1,34.7,382.0,23.0,83.0,32.89,14,20,4,0,35.92,46.12,56.04,32.61,36.01666666666666,43.26833333333334,-3.030000000000001,23.26
2026-04-20 15:00:00,26.1,80.59165,11.098865,1007.1947,21.4,34.5,399.0,27.8,66.0,31.67,15,20,4,0,32.89,39.24,54.76,36.95,33.49333333333332,39.42,-1.2199999999999989,22.94
2026-04-20 16:00:00,25.9,80.81104,9.224011,1007.7938,21.8,34.7,413.0,28.8,60.0,31.16,16,20,4,0,31.67,35.92,50.68,41.5,31.906666666666663,36.166666666666664,-0.5100000000000016,22.71
2026-04-20 17:00:00,25.65,80.532974,7.388775,1008.0931,21.5,34.7,422.0,27.8,59.0,30.71,17,20,4,0,31.16,32.89,46.12,47.04,31.179999999999993,33.598333333333336,-0.4499999999999993,23.08
2026-04-20 18:00:00,25.45,83.50349,8.967541,1007.9925,21.7,34.5,415.0,26.2,58.0,30.38,18,20,4,0,30.71,31.67,39.24,52.26,30.74999999999999,32.12166666666666,-0.33000000000000185,23.56
2026-04-20 19:00:00,25.35,85.02779,7.9383874,1008.2919,21.6,34.0,382.0,24.3,56.0,29.64,19,20,4,0,30.38,31.16,35.92,55.39,30.243333333333325,31.075000000000003,-0.7399999999999984,23.6
2026-04-20 20:00:00,25.15,85.785164,8.821836,1007.89166,21.0,32.9,333.0,21.8,55.0,28.6,20,20,4,0,29.64,30.71,32.89,56.04,29.539999999999992,30.36,-1.0399999999999991,23.23
2026-04-20 21:00:00,24.8,87.32892,7.6642804,1007.69086,19.9,31.3,289.0,19.3,55.0,27.36,21,20,4,0,28.6,30.38,31.67,54.76,28.53333333333332,29.64166666666667,-1.240000000000002,22.46
2026-04-20 22:00:00,24.6,88.647575,6.330782,1007.2908,18.5,29.2,248.0,16.7,56.0,26.0,22,20,4,0,27.36,29.64,31.16,50.68,27.319999999999993,28.781666666666666,-1.3599999999999994,21.56
2026-04-20 23:00:00,24.4,90.810005,7.771331,1006.9904,17.6,29.1,212.0,14.1,57.0,25.28,23,20,4,0,26.0,28.6,30.71,46.12,26.213333333333324,27.876666666666665,-0.7199999999999989,21.14
2026-04-21 00:00:00,24.45,92.47719,8.581677,1006.7906,17.1,33.2,204.0,11.1,62.0,26.16,0,21,4,1,25.28,27.36,30.38,39.24,25.813333333333322,27.173333333333336,0.879999999999999,21.78
2026-04-21 01:00:00,24.45,93.03774,8.951267,1006.9904,17.6,36.0,253.0,13.5,62.0,27.32,1,21,4,1,26.16,26.0,29.64,35.92,26.253333333333327,26.786666666666665,1.1600000000000001,22.38
2026-04-21 02:00:00,24.8,92.217674,9.779817,1007.49097,20.1,40.5,331.0,16.7,62.0,29.96,2,21,4,1,27.32,25.28,28.6,32.89,27.813333333333322,27.013333333333335,2.6400000000000006,24.74
2026-04-21 03:00:00,26.3,82.59465,12.611567,1008.0946,21.5,50.9,374.0,17.8,68.0,33.8,3,21,4,1,29.96,26.16,27.36,31.67,30.35999999999999,28.08666666666667,3.8399999999999963,26.47
2026-04-21 04:00:00,27.9,69.26686,12.251905,1008.59863,22.3,61.9,344.0,15.0,84.0,38.38,4,21,4,1,33.8,27.32,26.0,31.16,34.04666666666665,30.149999999999995,4.580000000000005,29.04
2026-04-21 05:00:00,29.25,61.168327,13.523978,1008.9019,23.3,66.1,280.0,10.2,105.0,42.15,5,21,4,1,38.38,29.96,25.28,30.71,38.10999999999999,32.961666666666666,3.769999999999996,32.39
2026-04-21 06:00:00,29.75,58.163685,14.917212,1008.9032,24.3,69.8,232.0,6.4,120.0,45.07,6,21,4,1,42.15,33.8,26.16,30.38,41.86666666666665,36.11333333333333,2.9200000000000017,35.56
2026-04-21 07:00:00,30.45,54.00713,15.315873,1008.6053,24.1,69.4,221.0,4.6,123.0,45.07,7,21,4,1,45.07,38.38,27.32,29.64,44.09666666666666,39.071666666666665,0.0,37.18
2026-04-21 08:00:00,30.95,49.788265,15.410776,1008.007,23.1,68.7,228.0,3.8,119.0,43.71,8,21,4,1,45.07,42.15,29.96,28.6,44.61666666666665,41.36333333333333,-1.3599999999999994,37.32
2026-04-21 09:00:00,31.1,46.958324,15.481046,1007.0082,22.2,68.5,241.0,3.9,113.0,42.34,9,21,4,1,43.71,45.07,33.8,27.36,43.706666666666656,42.78666666666667,-1.3699999999999974,36.03
2026-04-21 10:00:00,30.55,51.41713,15.697197,1006.50726,21.9,67.1,262.0,4.5,105.0,40.79,10,21,4,1,42.34,45.07,38.38,26.0,42.279999999999994,43.18833333333333,-1.5500000000000043,34.24
2026-04-21 11:00:00,29.75,55.875103,15.376045,1006.0055,21.6,64.0,289.0,5.9,95.0,38.74,11,21,4,1,40.79,43.71,42.15,25.28,40.62333333333333,42.62,-2.049999999999997,31.57
2026-04-21 12:00:00,28.75,58.10781,14.007655,1005.60333,22.0,61.2,313.0,9.2,86.0,37.52,12,21,4,1,38.74,42.34,45.07,26.16,39.01666666666666,41.36166666666667,-1.2199999999999989,27.52
2026-04-21 13:00:00,27.8,63.931786,12.669238,1005.6008,21.1,54.9,323.0,14.5,74.0,34.8,13,21,4,1,37.52,40.79,45.07,27.32,37.01999999999999,39.650000000000006,-2.720000000000006,26.09
2026-04-21 14:00:00,26.65,74.98983,11.230904,1005.9972,20.4,44.1,329.0,21.7,57.0,30.82,14,21,4,1,34.8,38.74,43.71,29.96,34.37999999999999,37.50166666666667,-3.979999999999997,24.56
2026-04-21 15:00:00,26.15,81.08891,11.103243,1006.39575,21.1,40.3,349.0,27.1,44.0,29.28,15,21,4,1,30.82,37.52,42.34,33.8,31.633333333333326,35.325,-1.5399999999999991,24.89
2026-04-21 16:00:00,25.95,82.054,9.059205,1006.7946,21.1,39.1,411.0,29.2,39.0,28.6,16,21,4,1,29.28,34.8,40.79,38.38,29.56666666666666,33.29333333333334,-0.6799999999999997,25.19
2026-04-21 17:00:00,25.7,83.278625,8.187527,1007.29364,21.3,38.5,487.0,29.4,37.0,28.31,17,21,4,1,28.6,30.82,38.74,42.15,28.72999999999999,31.555000000000003,-0.2900000000000027,25.68
2026-04-21 18:00:00,25.65,85.83431,7.9077177,1007.3936,21.7,37.8,515.0,28.3,37.0,28.2,18,21,4,1,28.31,29.28,37.52,45.07,28.36999999999999,30.001666666666665,-0.10999999999999943,26.28
2026-04-21 19:00:00,25.55,87.924355,5.9834766,1007.4933,21.2,36.6,448.0,25.5,38.0,27.45,19,21,4,1,28.2,28.6,34.8,45.07,27.986666666666654,28.776666666666667,-0.75,26.36
2026-04-21 20:00:00,25.2,90.316315,6.542201,1007.09265,20.1,35.2,332.0,21.5,41.0,26.46,20,21,4,1,27.45,28.31,30.82,43.71,27.36999999999999,28.049999999999997,-0.9899999999999984,25.63
2026-04-21 21:00:00,25.0,91.67481,8.383054,1006.7921,18.6,32.9,242.0,18.0,43.0,25.03,21,21,4,1,26.46,28.2,29.28,42.34,26.313333333333322,27.341666666666665,-1.4299999999999997,24.98
2026-04-21 22:00:00,25.0,91.67481,8.777653,1006.1926,17.5,31.3,204.0,15.5,43.0,23.79,22,21,4,1,25.03,27.45,28.6,40.79,25.093333333333323,26.540000000000003,-1.240000000000002,24.25
2026-04-21 23:00:00,24.85,92.22046,9.919618,1005.99255,16.6,29.9,191.0,13.5,43.0,22.76,23,21,4,1,23.79,26.46,28.31,38.74,23.859999999999996,25.615,-1.0299999999999976,23.6
2026-04-22 00:00:00,24.7,93.33119,8.865799,1006.19165,14.7,27.1,199.0,9.8,49.0,21.59,0,22,4,2,22.76,25.03,28.2,37.52,22.713333333333324,24.513333333333335,-1.1700000000000017,20.93
2026-04-22 01:00:00,24.95,91.395836,9.3962755,1006.39246,14.8,27.1,241.0,10.5,51.0,22.04,1,22,4,2,21.59,23.79,27.45,34.8,22.129999999999992,23.611666666666668,0.4499999999999993,22.0
2026-04-22 02:00:00,25.5,87.390816,10.957847,1006.89343,16.4,29.0,303.0,11.4,54.0,23.81,2,22,4,2,22.04,22.76,26.46,30.82,22.47999999999999,23.169999999999998,1.7699999999999996,25.22
2026-04-22 03:00:00,26.75,79.4647,12.346741,1007.89606,15.9,31.4,337.0,11.3,59.0,24.78,3,22,4,2,23.81,21.59,25.03,29.28,23.543333333333322,23.12833333333333,0.9700000000000024,29.09
2026-04-22 04:00:00,28.1,71.230316,13.737904,1008.2992,15.6,31.9,314.0,9.4,70.0,26.09,4,22,4,2,24.78,22.04,23.79,28.6,24.893333333333327,23.511666666666667,1.3099999999999987,35.7
2026-04-22 05:00:00,29.2,65.81652,14.33347,1008.5022,16.0,32.9,263.0,6.6,83.0,28.02,5,22,4,2,26.09,23.81,22.76,28.31,26.296666666666656,24.388333333333332,1.9299999999999997,43.92
2026-04-22 06:00:00,30.1,61.358364,15.833861,1008.1047,16.4,33.8,225.0,4.5,93.0,29.58,6,22,4,2,28.02,24.78,21.59,28.2,27.896666666666658,25.72,1.5599999999999987,49.46
2026-04-22 07:00:00,30.7,60.012775,16.67795,1007.70667,16.4,34.7,215.0,3.6,97.0,30.23,7,22,4,2,29.58,26.09,22.04,27.45,29.276666666666657,27.084999999999997,0.6500000000000021,51.68
2026-04-22 08:00:00,31.3,55.906307,15.815435,1006.70905,16.1,34.8,218.0,3.3,97.0,30.06,8,22,4,2,30.23,28.02,23.81,26.46,29.95666666666666,28.126666666666665,-0.1700000000000017,50.62
2026-04-22 09:00:00,31.15,57.43008,16.144905,1005.9093,15.9,34.5,226.0,3.6,94.0,29.49,9,22,4,2,30.06,29.58,24.78,25.03,29.92666666666666,28.911666666666665,-0.5700000000000003,49.39
2026-04-22 10:00:00,30.3,63.492012,17.068707,1005.40753,15.7,34.1,239.0,4.2,89.0,28.65,10,22,4,2,29.49,30.23,26.09,23.79,29.399999999999988,29.338333333333335,-0.8399999999999999,47.94
2026-04-22 11:00:00,29.55,69.999016,16.74387,1005.0059,15.5,33.1,258.0,5.4,81.0,27.33,11,22,4,2,28.65,30.06,28.02,22.76,28.48999999999999,29.22333333333333,-1.3200000000000003,46.06
2026-04-22 12:00:00,28.65,73.96193,14.48972,1004.7037,11.7,20.8,274.0,8.2,74.0,22.34,12,22,4,2,27.33,29.49,29.58,21.59,26.106666666666655,28.016666666666666,-4.989999999999998,38.96
2026-04-22 13:00:00,27.85,78.1905,14.572221,1004.90137,12.0,20.9,286.0,13.0,65.0,21.88,13,22,4,2,22.34,28.65,30.23,22.04,23.84999999999999,26.625,-0.46000000000000085,36.71
2026-04-22 14:00:00,26.9,83.66585,12.5807,1004.9986,13.1,20.4,295.0,19.6,53.0,21.52,14,22,4,2,21.88,27.33,30.06,23.81,21.913333333333323,25.201666666666668,-0.35999999999999943,34.42
2026-04-22 15:00:00,26.75,85.941574,11.638917,1005.3981,14.3,21.7,297.0,23.5,45.0,21.76,15,22,4,2,21.52,22.34,29.49,24.78,21.719999999999988,23.91333333333333,0.240000000000002,33.49
2026-04-22 16:00:00,26.55,87.74535,10.296251,1005.7971,14.1,21.6,290.0,22.4,45.0,21.48,16,22,4,2,21.76,21.88,28.65,26.09,21.58666666666666,22.718333333333334,-0.28000000000000114,32.46
2026-04-22 17:00:00,26.35,89.5876,7.9077177,1006.1965,13.6,20.5,275.0,18.7,49.0,21.06,17,22,4,2,21.48,21.52,27.33,28.02,21.433333333333323,21.673333333333332,-0.4200000000000017,31.7
2026-04-22 18:00:00,26.4,88.52497,8.936777,1006.3963,13.2,19.6,255.0,15.2,52.0,20.6,18,22,4,2,21.06,21.76,22.34,29.58,21.046666666666656,21.383333333333336,-0.4599999999999973,31.07
2026-04-22 19:00:00,26.35,88.520905,8.909545,1006.3963,12.8,18.9,224.0,12.8,54.0,20.2,19,22,4,2,20.6,21.48,21.88,30.23,20.61999999999999,21.103333333333335,-0.40000000000000213,30.3
2026-04-22 20:00:00,26.1,89.83807,10.004178,1006.1955,12.4,18.6,186.0,10.7,55.0,19.78,20,22,4,2,20.2,21.06,21.52,30.06,20.193333333333324,20.813333333333333,-0.41999999999999815,29.28
2026-04-22 21:00:00,25.85,91.45098,10.644379,1005.4955,12.2,18.7,160.0,9.1,56.0,19.6,21,22,4,2,19.78,20.6,21.76,29.49,19.859999999999992,20.453333333333333,-0.17999999999999972,28.45
2026-04-22 22:00:00,25.7,92.5445,10.495713,1005.4951,12.1,18.7,149.0,8.3,55.0,19.28,22,22,4,2,19.6,20.2,21.48,28.65,19.553333333333324,20.08666666666667,-0.3200000000000003,28.08
2026-04-22 23:00:00,25.55,93.37201,9.781473,1005.39496,12.0,18.8,149.0,8.0,54.0,19.06,23,22,4,2,19.28,19.78,21.06,27.33,19.313333333333322,19.753333333333334,-0.22000000000000242,27.66
2026-04-23 00:00:00,25.5,95.061066,11.19189,1005.4945,12.1,19.4,165.0,7.6,56.0,19.47,0,23,4,3,19.06,19.6,20.6,22.34,19.269999999999992,19.565,0.41000000000000014,27.08
2026-04-23 01:00:00,25.5,94.49428,12.55879,1005.8942,12.6,20.3,214.0,9.3,55.0,20.01,1,23,4,3,19.47,19.28,20.2,21.88,19.513333333333325,19.533333333333335,0.5400000000000027,27.4
2026-04-23 02:00:00,26.05,90.104164,14.572221,1006.3954,14.8,23.0,280.0,11.4,55.0,21.96,2,23,4,3,20.01,19.06,19.78,21.52,20.479999999999993,19.896666666666665,1.9499999999999993,29.32
2026-04-23 03:00:00,27.2,82.452286,14.628807,1007.2977,16.1,27.1,319.0,12.3,59.0,24.16,3,23,4,3,21.96,19.47,19.6,21.76,22.043333333333322,20.65666666666667,2.1999999999999993,32.67
2026-04-23 04:00:00,28.3,75.48151,14.059602,1007.6004,16.9,29.9,304.0,10.6,70.0,26.52,4,23,4,3,24.16,20.01,19.28,21.48,24.213333333333324,21.863333333333333,2.3599999999999994,36.8
2026-04-23 05:00:00,29.45,70.61636,13.403656,1007.5036,17.6,32.5,262.0,7.5,85.0,29.18,5,23,4,3,26.52,21.96,19.06,21.06,26.61999999999999,23.55,2.66,40.55
2026-04-23 06:00:00,30.0,65.97996,14.539945,1008.0045,18.2,35.5,229.0,5.1,97.0,31.52,6,23,4,3,29.18,24.16,19.47,20.6,29.073333333333323,25.558333333333334,2.34,43.95
2026-04-23 07:00:00,30.85,61.71202,15.825675,1007.7069,18.3,37.4,218.0,4.0,102.0,32.53,7,23,4,3,31.52,26.52,20.01,20.2,31.076666666666654,27.645,1.0100000000000016,46.58
2026-04-23 08:00:00,31.5,57.337727,16.055353,1007.0094,18.3,39.3,216.0,3.7,104.0,33.16,8,23,4,3,32.53,29.18,21.96,19.78,32.403333333333315,29.511666666666667,0.6299999999999955,47.2
2026-04-23 09:00:00,31.55,57.524517,16.412603,1006.30994,18.3,40.5,222.0,4.0,102.0,33.15,9,23,4,3,33.16,31.52,24.16,19.6,32.94666666666665,31.01,-0.00999999999999801,46.66
2026-04-23 10:00:00,31.2,59.580826,15.882896,1005.7095,18.2,41.0,237.0,4.9,97.0,32.58,10,23,4,3,33.15,32.53,26.52,19.28,32.96333333333332,32.02,-0.5700000000000003,44.83
2026-04-23 11:00:00,31.05,60.826916,14.003029,1005.4094,18.0,39.0,260.0,6.5,89.0,31.12,11,23,4,3,32.58,33.16,29.18,19.06,32.283333333333324,32.343333333333334,-1.4599999999999973,42.17
2026-04-23 12:00:00,29.8,66.94545,12.072083,1004.9066,12.5,22.6,289.0,9.6,80.0,24.21,12,23,4,3,31.12,33.15,31.52,19.47,29.303333333333324,31.125,-6.91,33.62
2026-04-23 13:00:00,29.0,71.176575,7.289444,1005.60394,13.9,22.6,327.0,15.5,68.0,24.0,13,23,4,3,24.21,32.58,32.53,20.01,26.443333333333324,29.70333333333333,-0.21000000000000085,32.14
2026-04-23 14:00:00,28.0,76.35028,8.699793,1006.2009,15.4,21.9,371.0,23.5,51.0,23.26,14,23,4,3,24.0,31.12,33.16,21.96,23.823333333333323,28.053333333333338,-0.7399999999999984,30.53
2026-04-23 15:00:00,27.2,82.204865,10.692969,1006.09875,16.5,22.5,411.0,28.9,39.0,22.94,15,23,4,3,23.26,24.21,33.15,24.16,23.39999999999999,26.35166666666667,-0.3200000000000003,29.22
2026-04-23 16:00:00,26.75,85.684166,10.837435,1006.19745,16.8,23.1,456.0,29.6,35.0,22.71,16,23,4,3,22.94,24.0,32.58,26.52,22.969999999999988,24.706666666666667,-0.23000000000000043,28.04
2026-04-23 17:00:00,26.55,86.959885,6.77575,1007.19604,17.2,24.6,498.0,27.7,36.0,23.08,17,23,4,3,22.71,23.26,31.12,29.18,22.909999999999986,23.36666666666667,0.36999999999999744,26.94
2026-04-23 18:00:00,26.55,89.06825,6.482499,1006.8963,17.8,25.9,500.0,25.2,38.0,23.56,18,23,4,3,23.08,22.94,24.21,31.52,23.116666666666656,23.258333333333336,0.4800000000000004,26.15
2026-04-23 19:00:00,26.4,90.12864,6.0077944,1006.79596,18.0,26.8,428.0,22.6,39.0,23.6,19,23,4,3,23.56,22.71,24.0,32.53,23.413333333333316,23.191666666666666,0.0400000000000027,25.45
2026-04-23 20:00:00,26.15,91.74299,6.9480934,1006.2958,17.5,27.1,315.0,19.4,41.0,23.23,20,23,4,3,23.6,23.08,23.26,33.16,23.46333333333332,23.186666666666667,-0.370000000000001,24.59
2026-04-23 21:00:00,26.1,91.74001,8.027677,1006.09564,16.5,26.5,229.0,16.4,43.0,22.46,21,23,4,3,23.23,23.56,22.94,33.15,23.096666666666653,23.106666666666666,-0.7699999999999996,24.14
2026-04-23 22:00:00,25.9,92.83231,7.1321807,1006.0953,15.1,25.6,192.0,13.3,46.0,21.56,22,23,4,3,22.46,23.6,22.71,32.58,22.416666666666657,22.915000000000003,-0.9000000000000021,23.61
2026-04-23 23:00:00,25.7,93.93925,6.391901,1006.09467,14.3,25.4,182.0,10.4,49.0,21.14,23,23,4,3,21.56,23.23,23.08,31.12,21.719999999999988,22.59166666666667,-0.41999999999999815,23.19
2026-04-24 00:00:00,25.6,97.07044,7.102591,1005.8946,14.4,28.2,192.0,9.6,50.0,21.78,0,24,4,4,21.14,22.46,23.56,24.21,21.49333333333332,22.295,0.6400000000000006,23.58
2026-04-24 01:00:00,25.75,96.210495,7.7420926,1006.3944,15.1,28.6,237.0,10.7,50.0,22.38,1,24,4,4,21.78,21.56,23.6,24.0,21.766666666666655,22.09166666666667,0.5999999999999979,25.46
2026-04-24 02:00:00,26.15,93.122536,8.461914,1006.99524,17.1,32.8,304.0,12.2,52.0,24.74,2,24,4,4,22.38,21.14,23.23,23.26,22.966666666666654,22.343333333333334,2.3599999999999994,27.74
2026-04-24 03:00:00,27.55,83.238266,11.712455,1007.69836,17.5,36.4,342.0,12.6,57.0,26.47,3,24,4,4,24.74,21.78,22.46,22.94,24.529999999999987,23.011666666666667,1.7300000000000004,31.78
2026-04-24 04:00:00,29.05,76.05381,10.914888,1007.9021,18.5,38.2,324.0,11.0,70.0,29.04,4,24,4,4,26.47,22.38,21.56,22.71,26.74999999999999,24.25833333333333,2.5700000000000003,35.98
2026-04-24 05:00:00,30.1,71.8022,11.734564,1008.00476,19.6,40.7,278.0,8.3,88.0,32.39,5,24,4,4,29.04,24.74,21.14,23.08,29.299999999999986,26.133333333333336,3.3500000000000014,39.66
2026-04-24 06:00:00,30.25,69.08361,13.971756,1008.10504,21.0,44.9,243.0,6.2,101.0,35.56,6,24,4,4,32.39,26.47,21.78,23.56,32.32999999999999,28.430000000000003,3.1700000000000017,42.19
2026-04-24 07:00:00,31.0,64.41413,14.4415655,1007.80756,21.5,47.4,232.0,5.0,108.0,37.18,7,24,4,4,35.56,29.04,22.38,23.6,35.04333333333332,30.896666666666665,1.6199999999999974,42.46
2026-04-24 08:00:00,31.25,62.74117,14.49531,1007.30853,21.1,48.1,232.0,4.3,110.0,37.32,8,24,4,4,37.18,32.39,24.74,23.23,36.68666666666666,32.99333333333333,0.14000000000000057,41.7
2026-04-24 09:00:00,30.95,64.209656,15.472672,1006.70807,20.1,44.9,239.0,4.3,109.0,36.03,9,24,4,4,37.32,35.56,26.47,22.46,36.84333333333333,34.586666666666666,-1.2899999999999991,40.62
2026-04-24 10:00:00,30.6,67.91613,16.50709,1006.0076,19.2,43.1,250.0,4.8,102.0,34.24,10,24,4,4,36.03,37.18,29.04,21.56,35.86333333333332,35.45333333333334,-1.7899999999999991,39.56
2026-04-24 11:00:00,30.3,67.04497,14.743526,1005.90717,18.2,39.5,268.0,6.1,91.0,31.57,11,24,4,4,34.24,37.32,32.39,21.14,33.94666666666666,35.31666666666667,-2.6700000000000017,38.62
2026-04-24 12:00:00,29.7,70.449646,13.055896,1005.406,15.7,31.3,294.0,9.4,80.0,27.52,12,24,4,4,31.57,36.03,35.56,21.78,31.10999999999999,33.97666666666667,-4.050000000000001,33.0
2026-04-24 13:00:00,28.8,75.10776,11.298495,1005.40344,15.7,28.8,338.0,16.2,67.0,26.09,13,24,4,4,27.52,34.24,37.18,22.38,28.39333333333332,32.12833333333334,-1.4299999999999997,31.87
2026-04-24 14:00:00,27.7,83.00662,8.714677,1006.00006,16.2,26.3,390.0,25.7,49.0,24.56,14,24,4,4,26.09,31.57,37.32,24.74,26.056666666666654,30.001666666666665,-1.5300000000000011,30.88
2026-04-24 15:00:00,27.1,87.53062,7.8954163,1006.698,18.7,26.7,419.0,33.0,35.0,24.89,15,24,4,4,24.56,27.52,36.03,26.47,25.17999999999999,28.145,0.33000000000000185,30.21
2026-04-24 16:00:00,26.85,89.0912,6.830519,1007.1969,19.7,27.5,410.0,36.6,29.0,25.19,16,24,4,4,24.89,26.09,34.24,29.04,24.879999999999985,26.636666666666667,0.3000000000000007,29.76
2026-04-24 17:00:00,26.6,90.41192,5.815978,1007.49603,20.7,28.6,379.0,38.1,26.0,25.68,17,24,4,4,25.19,24.56,31.57,32.39,25.25333333333332,25.655,0.48999999999999844,29.7
2026-04-24 18:00:00,26.5,92.03738,7.6367526,1007.6956,21.6,29.6,343.0,37.7,26.0,26.28,18,24,4,4,25.68,24.89,27.52,35.56,25.716666666666654,25.448333333333334,0.6000000000000014,29.8
2026-04-24 19:00:00,26.45,90.6721,6.898956,1007.1957,21.8,30.2,302.0,34.8,28.0,26.36,19,24,4,4,26.28,25.19,26.09,37.18,26.106666666666655,25.49333333333333,0.0799999999999983,29.9
2026-04-24 20:00:00,26.2,91.745926,5.426933,1006.99524,20.8,30.4,255.0,30.0,31.0,25.63,20,24,4,4,26.36,25.68,24.56,37.32,26.08999999999999,25.671666666666667,-0.7300000000000004,29.79
2026-04-24 21:00:00,25.75,95.07002,7.973005,1006.894,19.6,30.7,221.0,25.3,35.0,24.98,21,24,4,4,25.63,26.28,24.89,36.03,25.656666666666656,25.686666666666667,-0.6499999999999986,29.32
2026-04-24 22:00:00,25.35,97.06504,7.491114,1006.9929,18.2,30.9,200.0,20.8,39.0,24.25,22,24,4,4,24.98,26.36,25.19,34.24,24.95333333333332,25.53,-0.7300000000000004,28.88
2026-04-24 23:00:00,25.1,98.22656,6.7565966,1006.89246,17.0,31.7,191.0,16.4,42.0,23.6,23,24,4,4,24.25,25.63,25.68,31.57,24.276666666666657,25.183333333333334,-0.6499999999999986,28.48
2026-04-25 00:00:00,25.1,98.52022,6.8777895,1006.5927,13.6,25.8,209.0,10.8,49.0,20.93,0,25,4,5,23.6,24.98,26.28,27.52,22.92666666666666,24.291666666666668,-2.6700000000000017,29.04
2026-04-25 01:00:00,25.0,98.519135,6.489992,1006.8921,14.4,28.1,283.0,14.2,47.0,22.0,1,25,4,5,20.93,24.25,26.36,26.09,22.17666666666666,23.564999999999998,1.0700000000000003,29.7
2026-04-25 02:00:00,25.3,96.48591,6.4799995,1007.39264,18.2,32.1,384.0,18.7,46.0,25.22,2,25,4,5,22.0,23.6,25.63,24.56,22.716666666666654,23.49666666666667,3.219999999999999,31.62
2026-04-25 03:00:00,27.05,84.43923,6.0347,1008.0969,20.2,40.2,444.0,21.0,52.0,29.09,3,25,4,5,25.22,20.93,24.98,24.89,25.436666666666653,24.18166666666667,3.870000000000001,34.78
2026-04-25 04:00:00,28.75,76.46487,6.3639607,1008.70087,23.1,51.8,424.0,18.9,73.0,35.7,4,25,4,5,29.09,22.0,24.25,25.19,30.00333333333332,26.090000000000003,6.610000000000003,37.04
2026-04-25 05:00:00,30.25,69.70878,8.790563,1008.9044,26.5,65.2,364.0,14.5,103.0,43.92,5,25,4,5,35.7,25.22,23.6,25.68,36.23666666666666,29.47666666666667,8.219999999999999,39.37
2026-04-25 06:00:00,31.4,64.692,10.514218,1008.7077,28.9,73.3,312.0,10.7,125.0,49.46,6,25,4,5,43.92,29.09,20.93,26.28,43.02666666666665,34.23166666666667,5.539999999999999,41.85
2026-04-25 07:00:00,32.3,59.47164,12.16832,1008.4102,29.6,77.1,284.0,8.1,135.0,51.68,7,25,4,5,49.46,35.7,22.0,26.36,48.35333333333332,39.178333333333335,2.219999999999999,42.11
2026-04-25 08:00:00,32.95,56.302383,12.632101,1007.6128,28.4,74.0,265.0,6.1,138.0,50.62,8,25,4,5,51.68,43.92,25.22,25.63,50.58666666666665,43.41166666666667,-1.0600000000000023,41.5
2026-04-25 09:00:00,33.05,55.649082,13.337016,1007.0132,27.4,72.4,260.0,5.4,136.0,49.39,9,25,4,5,50.62,49.46,29.09,24.98,50.56333333333331,46.794999999999995,-1.2299999999999969,40.74
2026-04-25 10:00:00,32.75,55.576767,13.891522,1006.31305,26.9,71.0,272.0,6.3,129.0,47.94,10,25,4,5,49.39,51.68,35.7,24.25,49.316666666666656,48.835,-1.4500000000000028,39.0
2026-04-25 11:00:00,32.0,59.044792,13.527572,1006.11145,26.6,68.9,298.0,8.5,118.0,46.06,11,25,4,5,47.94,50.62,43.92,23.6,47.79666666666665,49.19166666666666,-1.8799999999999955,36.98
2026-04-25 12:00:00,30.55,63.738247,11.672275,1005.8078,20.9,53.6,332.0,12.6,106.0,38.96,12,25,4,5,46.06,49.39,49.46,20.93,44.31999999999999,47.44166666666666,-7.100000000000001,36.39
2026-04-25 13:00:00,29.6,68.33813,10.650465,1005.8053,21.4,47.4,379.0,18.2,92.0,36.71,13,25,4,5,38.96,47.94,51.68,22.0,40.576666666666654,44.946666666666665,-2.25,32.24
2026-04-25 14:00:00,28.35,75.48939,9.743304,1006.3014,22.1,43.5,435.0,25.8,72.0,34.42,14,25,4,5,36.71,46.06,50.62,25.22,36.69666666666666,42.24666666666667,-2.289999999999999,29.69
2026-04-25 15:00:00,27.85,77.48715,8.880405,1006.8998,22.4,45.6,482.0,30.8,57.0,33.49,15,25,4,5,34.42,38.96,49.39,29.09,34.87333333333332,39.596666666666664,-0.9299999999999997,29.46
2026-04-25 16:00:00,27.6,77.919266,7.9526596,1007.3986,22.1,44.2,525.0,30.8,53.0,32.46,16,25,4,5,33.49,36.71,47.94,35.7,33.456666666666656,37.016666666666666,-1.0300000000000011,29.98
2026-04-25 17:00:00,27.3,79.06104,7.555712,1007.6978,21.7,42.6,561.0,28.2,54.0,31.7,17,25,4,5,32.46,34.42,46.06,43.92,32.54999999999998,34.623333333333335,-0.7600000000000016,30.37
2026-04-25 18:00:00,27.25,82.21088,7.9526596,1007.69745,21.3,41.2,557.0,25.2,56.0,31.07,18,25,4,5,31.7,33.49,38.96,49.46,31.74333333333332,33.30833333333334,-0.629999999999999,30.29
2026-04-25 19:00:00,27.15,80.97119,7.7420926,1007.39746,20.8,40.7,484.0,22.4,56.0,30.3,19,25,4,5,31.07,32.46,36.71,51.68,31.023333333333323,32.24,-0.7699999999999996,29.64
2026-04-25 20:00:00,26.9,80.695335,6.206738,1006.8971,20.0,40.0,373.0,19.2,56.0,29.28,20,25,4,5,30.3,31.7,34.42,50.62,30.21666666666665,31.383333333333336,-1.0199999999999996,29.34
2026-04-25 21:00:00,26.6,81.145996,6.424764,1006.3969,19.0,39.8,283.0,16.3,57.0,28.45,21,25,4,5,29.28,31.07,33.49,49.39,29.34333333333332,30.543333333333333,-0.8300000000000018,29.34
2026-04-25 22:00:00,26.4,81.120674,6.8612823,1006.09656,18.2,40.6,226.0,13.4,59.0,28.08,22,25,4,5,28.45,30.3,32.46,47.94,28.60333333333332,29.813333333333333,-0.370000000000001,29.2
2026-04-25 23:00:00,26.15,82.32727,7.5685663,1005.99603,17.5,40.7,191.0,10.8,61.0,27.66,23,25,4,5,28.08,29.28,31.7,46.06,28.06333333333332,29.139999999999997,-0.41999999999999815,29.15
2026-04-26 00:00:00,26.0,85.60992,8.641874,1005.89575,17.1,38.9,208.0,10.7,61.0,27.08,0,26,4,6,27.66,28.45,31.07,38.96,27.60666666666665,28.474999999999998,-0.5800000000000018,31.95
2026-04-26 01:00:00,26.1,86.137474,9.36173,1006.09564,17.4,38.5,332.0,15.3,58.0,27.4,1,26,4,6,27.08,28.08,30.3,36.71,27.379999999999985,27.99166666666667,0.3200000000000003,32.55
2026-04-26 02:00:00,26.55,84.38595,8.32877,1006.4966,19.9,39.5,508.0,21.5,55.0,29.32,2,26,4,6,27.4,27.66,29.28,34.42,27.93333333333332,27.998333333333335,1.9200000000000017,34.91
2026-04-26 03:00:00,28.5,75.059784,8.149847,1007.00146,22.9,43.4,603.0,24.6,59.0,32.67,3,26,4,6,29.32,27.08,28.45,33.49,29.796666666666653,28.701666666666664,3.3500000000000014,41.41
2026-04-26 04:00:00,30.9,62.855297,10.98,1007.40753,24.1,48.3,532.0,21.6,79.0,36.8,4,26,4,6,32.67,27.4,28.08,32.46,32.929999999999986,30.155,4.1299999999999955,48.27
2026-04-26 05:00:00,32.7,52.923973,13.026081,1007.412,24.6,50.1,380.0,15.5,106.0,40.55,5,26,4,6,36.8,29.32,27.66,31.7,36.67333333333332,32.303333333333335,3.75,55.12
2026-04-26 06:00:00,33.5,50.598186,13.690654,1007.4141,25.3,54.2,265.0,10.4,126.0,43.95,6,26,4,6,40.55,32.67,27.08,31.07,40.433333333333316,35.115,3.4000000000000057,60.26
2026-04-26 07:00:00,34.3,47.36291,14.77755,1006.81647,26.0,62.4,235.0,7.7,133.0,46.58,7,26,4,6,43.95,36.8,27.4,30.3,43.69333333333332,38.31166666666667,2.6299999999999955,61.79
2026-04-26 08:00:00,34.95,42.96056,15.299999,1006.2189,26.4,66.4,241.0,6.1,132.0,47.2,8,26,4,6,46.58,40.55,29.32,29.28,45.90999999999999,41.291666666666664,0.6200000000000045,60.01
2026-04-26 09:00:00,35.25,40.96732,15.496736,1005.3201,26.1,67.8,258.0,5.7,128.0,46.66,9,26,4,6,47.2,43.95,32.67,28.45,46.813333333333325,43.623333333333335,-0.5400000000000063,56.91
2026-04-26 10:00:00,35.2,38.605476,15.489416,1004.4209,25.4,65.7,275.0,6.6,120.0,44.83,10,26,4,6,46.66,46.58,36.8,28.08,46.22999999999998,44.961666666666666,-1.8299999999999983,53.14
2026-04-26 11:00:00,34.7,38.710762,14.597767,1003.92,24.6,61.9,303.0,8.6,108.0,42.17,11,26,4,6,44.83,47.2,40.55,27.66,44.55333333333332,45.23166666666666,-2.6599999999999966,49.89
2026-04-26 12:00:00,33.55,42.58367,12.7546215,1003.6171,18.4,41.0,343.0,13.1,95.0,33.62,12,26,4,6,42.17,46.66,43.95,27.08,40.206666666666656,43.51,-8.550000000000004,49.38
2026-04-26 13:00:00,32.0,47.638702,11.897714,1003.91315,18.9,37.5,413.0,19.3,82.0,32.14,13,26,4,6,33.62,44.83,46.58,27.4,35.97666666666665,41.10333333333333,-1.4799999999999969,48.17
2026-04-26 14:00:00,30.15,59.70437,11.052058,1004.2081,19.7,34.6,495.0,27.7,64.0,30.53,14,26,4,6,32.14,42.17,47.2,29.32,32.09666666666666,38.324999999999996,-1.6099999999999994,44.66
2026-04-26 15:00:00,29.15,65.0086,9.867218,1004.80475,19.8,33.3,546.0,33.4,51.0,29.22,15,26,4,6,30.53,33.62,46.66,32.67,30.629999999999985,35.41833333333333,-1.3100000000000023,43.9
2026-04-26 16:00:00,28.65,68.778885,8.766573,1005.20325,19.4,31.8,542.0,33.9,46.0,28.04,16,26,4,6,29.22,32.14,44.83,36.8,29.26333333333332,32.620000000000005,-1.1799999999999997,40.08
2026-04-26 17:00:00,28.2,72.33765,7.771331,1005.4018,18.6,29.9,505.0,31.7,46.0,26.94,17,26,4,6,28.04,30.53,42.17,40.55,28.066666666666652,30.081666666666667,-1.0999999999999979,35.85
2026-04-26 18:00:00,28.05,73.86221,8.019601,1005.50146,18.0,28.9,461.0,28.8,47.0,26.15,18,26,4,6,26.94,29.22,33.62,43.95,27.04333333333332,28.836666666666662,-0.7900000000000027,33.39
2026-04-26 19:00:00,27.75,75.62288,7.731622,1005.1008,17.4,28.6,412.0,25.5,48.0,25.45,19,26,4,6,26.15,28.04,32.14,46.58,26.17999999999999,27.721666666666668,-0.6999999999999993,33.72
2026-04-26 20:00:00,27.15,79.51915,6.5520988,1004.49976,16.6,28.5,355.0,21.6,49.0,24.59,20,26,4,6,25.45,26.94,30.53,47.2,25.39666666666665,26.73166666666667,-0.8599999999999994,36.28
2026-04-26 21:00:00,26.75,83.14704,7.289444,1004.19904,16.0,28.8,306.0,18.2,51.0,24.14,21,26,4,6,24.59,26.15,29.22,46.66,24.72666666666665,25.885,-0.4499999999999993,38.48
2026-04-26 22:00:00,26.5,85.14588,7.570707,1003.7987,15.4,29.0,256.0,15.4,52.0,23.61,22,26,4,6,24.14,25.45,28.04,44.83,24.11333333333332,25.146666666666665,-0.5300000000000011,39.71
2026-04-26 23:00:00,26.3,86.937225,8.155807,1003.4982,14.9,29.2,213.0,13.0,53.0,23.19,23,26,4,6,23.61,24.59,26.94,42.17,23.64666666666665,24.521666666666665,-0.41999999999999815,40.74
2026-04-27 00:00:00,26.2,88.24366,8.528657,1003.19824,14.6,29.8,218.0,10.8,58.0,23.58,0,27,4,0,23.19,24.14,26.15,33.62,23.459999999999983,24.093333333333334,0.389999999999997,41.29
2026-04-27 01:00:00,26.4,87.99597,9.614426,1003.39874,15.8,33.6,324.0,13.3,59.0,25.46,1,27,4,0,23.58,23.61,25.45,32.14,24.076666666666654,24.095,1.8800000000000026,42.44
2026-04-27 02:00:00,27.0,85.196815,8.936778,1003.7999,18.1,36.1,479.0,16.5,60.0,27.74,2,27,4,0,25.46,23.19,24.59,30.53,25.59333333333332,24.62,2.2799999999999976,43.98
2026-04-27 03:00:00,28.75,75.325775,9.901636,1004.40424,20.7,43.7,561.0,17.6,67.0,31.78,3,27,4,0,27.74,23.58,24.14,29.22,28.326666666666654,25.893333333333334,4.040000000000003,48.14
2026-04-27 04:00:00,30.45,64.68888,12.367716,1004.6084,22.0,51.7,496.0,14.6,83.0,35.98,4,27,4,0,31.78,25.46,23.61,28.04,31.833333333333314,27.955,4.199999999999996,50.37
2026-04-27 05:00:00,31.8,57.7587,13.779114,1004.8117,23.2,55.2,360.0,9.5,104.0,39.66,5,27,4,0,35.98,27.74,23.19,26.94,35.80666666666665,30.7,3.6799999999999997,52.09
2026-04-27 06:00:00,32.65,54.217987,13.985663,1004.5142,23.9,57.0,257.0,5.6,120.0,42.19,6,27,4,0,39.66,31.78,23.58,26.15,39.27666666666665,33.80166666666667,2.530000000000001,53.74
2026-04-27 07:00:00,32.8,55.420525,15.651722,1004.21466,23.8,56.0,232.0,4.1,125.0,42.46,7,27,4,0,42.19,35.98,25.46,25.45,41.436666666666646,36.635,0.2700000000000031,53.33
2026-04-27 08:00:00,33.2,52.887295,15.141414,1003.7164,23.2,53.8,241.0,3.9,125.0,41.7,8,27,4,0,42.46,39.66,27.74,24.59,42.11666666666665,38.961666666666666,-0.759999999999998,50.98
2026-04-27 09:00:00,33.3,52.113308,15.405519,1002.71716,22.6,51.9,258.0,4.3,122.0,40.62,9,27,4,0,41.7,42.19,31.78,24.14,41.59333333333331,40.434999999999995,-1.0800000000000054,47.02
2026-04-27 10:00:00,32.9,54.942574,15.1884165,1001.8169,22.1,50.2,269.0,5.1,118.0,39.56,10,27,4,0,40.62,42.46,35.98,23.61,40.626666666666644,41.031666666666666,-1.0599999999999952,42.6
2026-04-27 11:00:00,32.5,56.024517,14.539945,1001.1165,21.9,49.4,288.0,6.6,112.0,38.62,11,27,4,0,39.56,41.7,39.66,23.19,39.59999999999999,40.858333333333334,-0.9400000000000048,38.82
2026-04-27 12:00:00,31.35,58.182323,13.538345,1001.2133,17.4,38.1,330.0,9.2,102.0,33.0,12,27,4,0,38.62,40.62,42.19,23.58,37.05999999999998,39.32666666666667,-5.619999999999997,32.71
2026-04-27 13:00:00,30.5,62.959404,12.96125,1001.41095,17.9,35.6,424.0,14.3,91.0,31.87,13,27,4,0,33.0,39.56,42.46,25.46,34.49666666666665,37.56166666666667,-1.129999999999999,32.05
2026-04-27 14:00:00,29.55,68.9508,10.441551,1001.40875,19.0,33.2,543.0,21.3,77.0,30.88,14,27,4,0,31.87,38.62,41.7,27.74,31.916666666666647,35.75833333333333,-0.990000000000002,31.38
2026-04-27 15:00:00,28.9,72.678246,9.299225,1001.5068,19.2,33.5,614.0,25.7,67.0,30.21,15,27,4,0,30.88,33.0,40.62,31.78,30.98666666666665,34.02333333333333,-0.6699999999999982,31.86
2026-04-27 16:00:00,28.6,74.85018,9.19939,1002.2056,18.9,32.9,603.0,25.5,66.0,29.76,16,27,4,0,30.21,31.87,39.56,35.98,30.283333333333317,32.39,-0.4499999999999993,31.86
2026-04-27 17:00:00,28.45,74.82598,8.936777,1002.8045,18.5,32.7,545.0,22.7,70.0,29.7,17,27,4,0,29.76,30.88,38.62,39.66,29.889999999999986,30.903333333333332,-0.060000000000002274,31.71
2026-04-27 18:00:00,28.55,74.61705,11.368535,1002.505,18.2,33.3,479.0,19.6,74.0,29.8,18,27,4,0,29.7,30.21,33.0,42.19,29.753333333333316,30.37,0.10000000000000142,31.16
2026-04-27 19:00:00,28.35,75.26226,11.571914,1002.30457,17.9,33.8,411.0,16.6,78.0,29.9,19,27,4,0,29.8,29.76,31.87,42.46,29.799999999999983,30.041666666666668,0.09999999999999787,30.68
2026-04-27 20:00:00,27.9,77.26138,10.823973,1002.00385,17.5,33.8,336.0,13.2,82.0,29.79,20,27,4,0,29.9,29.7,30.88,41.7,29.829999999999984,29.86,-0.10999999999999943,30.2
2026-04-27 21:00:00,27.45,79.799835,11.165805,1001.4032,16.9,32.7,275.0,10.5,85.0,29.32,21,27,4,0,29.79,29.8,30.21,40.62,29.669999999999984,29.711666666666662,-0.46999999999999886,29.83
2026-04-27 22:00:00,27.25,80.49763,11.052058,1001.5024,16.6,31.1,227.0,8.7,87.0,28.88,22,27,4,0,29.32,29.9,29.76,39.56,29.329999999999984,29.564999999999998,-0.4400000000000013,29.5
2026-04-27 23:00:00,27.05,80.71471,10.920824,1001.4022,16.3,29.3,193.0,7.5,89.0,28.48,23,27,4,0,28.88,29.79,29.7,38.62,28.893333333333317,29.361666666666668,-0.3999999999999986,29.11
2026-04-28 00:00:00,27.65,78.871574,13.441071,1000.40454,15.4,28.0,197.0,5.9,99.0,29.04,0,28,4,1,28.48,29.32,29.8,33.0,28.799999999999983,29.235,0.5599999999999987,30.29
2026-04-28 01:00:00,27.45,79.799835,12.549757,1000.50385,16.2,27.8,277.0,8.9,98.0,29.7,1,28,4,1,29.04,28.88,29.9,31.87,29.073333333333313,29.201666666666664,0.6600000000000001,29.58
2026-04-28 02:00:00,27.9,77.728294,10.63372,1001.60425,18.1,30.5,395.0,12.8,97.0,31.62,2,28,4,1,29.7,28.48,29.79,30.88,30.11999999999998,29.506666666666664,1.9200000000000017,31.42
2026-04-28 03:00:00,29.5,69.98974,12.287555,1002.3077,20.7,36.2,459.0,14.6,100.0,34.78,3,28,4,1,31.62,29.04,29.32,30.21,32.03333333333332,30.416666666666668,3.16,36.3
2026-04-28 04:00:00,31.0,61.18598,14.650939,1003.11127,21.0,40.2,413.0,12.3,111.0,37.04,4,28,4,1,34.78,29.7,28.88,29.76,34.47999999999998,31.776666666666667,2.259999999999998,43.85
2026-04-28 05:00:00,32.05,56.773544,15.725037,1003.4135,21.3,44.0,313.0,7.8,125.0,39.37,5,28,4,1,37.04,31.62,28.48,29.7,37.06333333333331,33.59166666666666,2.3299999999999983,55.52
2026-04-28 06:00:00,32.1,57.13145,15.547875,1004.41296,21.8,50.2,237.0,4.4,135.0,41.85,6,28,4,1,39.37,34.78,29.04,29.8,39.41999999999998,35.72666666666667,2.480000000000004,67.4
2026-04-28 07:00:00,32.55,56.37748,15.388685,1004.1142,21.7,51.8,217.0,3.3,136.0,42.11,7,28,4,1,41.85,37.04,29.7,29.9,41.109999999999985,37.795,0.259999999999998,76.76
2026-04-28 08:00:00,32.9,53.950325,15.787753,1003.51556,21.2,52.4,222.0,3.1,133.0,41.5,8,28,4,1,42.11,39.37,31.62,29.79,41.819999999999986,39.44166666666667,-0.6099999999999994,79.83
2026-04-28 09:00:00,32.85,54.267063,16.63905,1002.71625,20.9,52.0,236.0,3.6,129.0,40.74,9,28,4,1,41.5,41.85,34.78,29.32,41.44999999999998,40.435,-0.759999999999998,76.93
2026-04-28 10:00:00,32.55,54.524544,16.701244,1001.8159,20.1,47.8,257.0,4.3,125.0,39.0,10,28,4,1,40.74,42.11,37.04,28.88,40.41333333333332,40.76166666666666,-1.740000000000002,70.64
2026-04-28 11:00:00,32.15,56.45319,15.651722,1001.0156,19.5,42.8,287.0,5.5,119.0,36.98,11,28,4,1,39.0,41.5,39.37,28.48,38.906666666666645,40.36333333333334,-2.020000000000003,61.52
2026-04-28 12:00:00,31.25,59.05118,12.538134,1001.2133,18.7,45.4,318.0,8.7,111.0,36.39,12,28,4,1,36.98,40.74,41.85,29.04,37.45666666666665,39.45333333333333,-0.5899999999999963,52.51
2026-04-28 13:00:00,30.55,63.738247,11.525623,1001.31134,17.3,34.1,348.0,12.8,99.0,32.24,13,28,4,1,36.39,39.0,42.11,29.7,35.20333333333331,37.80833333333333,-4.149999999999999,44.34
2026-04-28 14:00:00,29.45,69.76962,11.525623,1001.7082,17.3,29.2,378.0,18.3,83.0,29.69,14,28,4,1,32.24,36.98,41.5,31.62,32.77333333333331,35.839999999999996,-2.5500000000000007,39.38
2026-04-28 15:00:00,28.95,73.34661,13.737904,1001.8069,17.6,33.8,407.0,21.7,71.0,29.46,15,28,4,1,29.69,36.39,40.74,34.78,30.463333333333313,33.96,-0.23000000000000043,36.4
2026-04-28 16:00:00,28.7,73.747665,11.144021,1002.5054,18.0,38.1,445.0,21.1,68.0,29.98,16,28,4,1,29.46,32.24,39.0,37.04,29.70999999999998,32.45666666666666,0.5199999999999996,34.9
2026-04-28 17:00:00,28.55,72.617836,11.165805,1003.6042,18.2,40.7,481.0,18.5,69.0,30.37,17,28,4,1,29.98,29.69,36.98,39.37,29.93666666666665,31.355,0.39000000000000057,34.78
2026-04-28 18:00:00,28.3,75.48151,9.901636,1003.104,18.1,41.1,483.0,15.8,71.0,30.29,18,28,4,1,30.37,29.46,36.39,41.85,30.213333333333313,30.338333333333335,-0.08000000000000185,35.1
2026-04-28 19:00:00,28.0,78.21195,9.195868,1002.90356,17.8,39.6,419.0,13.5,72.0,29.64,19,28,4,1,30.29,29.98,32.24,42.11,30.09999999999998,29.905,-0.6499999999999986,34.44
2026-04-28 20:00:00,27.6,81.271965,8.827344,1002.4026,17.6,38.8,320.0,11.2,74.0,29.34,20,28,4,1,29.64,30.37,29.69,41.5,29.756666666666646,29.846666666666668,-0.3000000000000007,32.76
2026-04-28 21:00:00,27.4,82.972145,7.928178,1002.1023,17.6,39.3,244.0,9.5,75.0,29.34,21,28,4,1,29.34,30.29,29.46,40.74,29.439999999999984,29.826666666666668,0.0,31.89
2026-04-28 22:00:00,27.05,85.45747,7.8728137,1001.9018,17.6,39.5,205.0,8.3,75.0,29.2,22,28,4,1,29.34,29.64,29.98,39.0,29.29333333333331,29.69666666666667,-0.14000000000000057,31.54
2026-04-28 23:00:00,26.85,87.24759,7.841888,1001.70123,17.6,39.8,189.0,7.6,75.0,29.15,23,28,4,1,29.2,29.34,30.37,36.98,29.22999999999998,29.493333333333336,-0.05000000000000071,31.11
2026-04-29 00:00:00,26.8,89.08741,7.2044983,1001.701,19.1,46.9,213.0,7.8,79.0,31.95,0,29,4,2,29.15,29.34,30.29,36.39,30.09999999999998,29.77,2.8000000000000007,32.42
2026-04-29 01:00:00,26.65,90.14605,7.79215,1002.0004,20.0,46.0,313.0,11.0,78.0,32.55,1,29,4,2,31.95,29.2,29.64,32.24,31.21666666666665,30.254999999999995,0.5999999999999979,37.73
2026-04-29 02:00:00,27.0,88.83751,5.318383,1002.7008,23.1,47.5,452.0,15.4,77.0,34.91,2,29,4,2,32.55,29.15,29.34,29.69,33.13666666666665,31.183333333333326,2.3599999999999994,46.17
2026-04-29 03:00:00,28.45,81.1357,6.519877,1003.30414,27.3,62.6,535.0,17.6,84.0,41.41,3,29,4,2,34.91,31.95,29.34,29.46,36.289999999999985,33.19499999999999,6.5,57.8
2026-04-29 04:00:00,30.3,70.34805,7.2805495,1003.70886,30.7,74.0,508.0,15.8,105.0,48.27,4,29,4,2,41.41,32.55,29.2,29.98,41.52999999999998,36.37333333333333,6.8600000000000065,75.79
2026-04-29 05:00:00,32.0,61.964928,8.131936,1003.8132,33.6,82.2,426.0,11.9,134.0,55.12,5,29,4,2,48.27,34.91,29.15,30.37,48.26666666666665,40.70166666666666,6.849999999999994,87.94
2026-04-29 06:00:00,32.35,63.356457,11.328566,1004.11383,36.6,87.1,356.0,8.6,155.0,60.26,6,29,4,2,55.12,41.41,31.95,30.29,54.54999999999998,45.419999999999995,5.140000000000001,91.88
2026-04-29 07:00:00,32.4,62.989002,13.246826,1003.7141,37.5,87.1,321.0,6.8,164.0,61.79,7,29,4,2,60.26,48.27,32.55,29.64,59.05666666666664,50.29333333333333,1.5300000000000011,88.0
2026-04-29 08:00:00,32.75,60.113705,13.746156,1003.31537,35.6,83.1,300.0,5.6,165.0,60.01,8,29,4,2,61.79,55.12,34.91,29.34,60.686666666666646,54.47666666666667,-1.7800000000000011,79.62
2026-04-29 09:00:00,32.85,58.884438,13.783817,1002.51636,33.2,77.5,293.0,5.4,160.0,56.91,9,29,4,2,60.01,60.26,41.41,29.34,59.569999999999986,57.059999999999995,-3.1000000000000014,67.91
2026-04-29 10:00:00,32.8,57.81796,13.248049,1001.61676,31.1,73.1,303.0,6.1,147.0,53.14,10,29,4,2,56.91,61.79,48.27,29.2,56.686666666666646,57.87166666666667,-3.769999999999996,57.5
2026-04-29 11:00:00,32.3,60.55679,12.659004,1001.5156,29.9,73.6,328.0,7.8,127.0,49.89,11,29,4,2,53.14,60.01,55.12,29.15,53.31333333333331,57.0,-3.25,50.09
2026-04-29 12:00:00,31.25,63.886837,12.483748,1001.4132,31.3,72.2,366.0,12.6,116.0,49.38,12,29,4,2,49.89,56.91,60.26,31.95,50.80333333333332,55.18666666666667,-0.509999999999998,40.98
2026-04-29 13:00:00,30.45,66.47116,10.094454,1001.311,30.5,75.4,432.0,17.9,101.0,48.17,13,29,4,2,49.38,53.14,61.79,32.55,49.14666666666665,52.916666666666664,-1.2100000000000009,38.53
2026-04-29 14:00:00,29.4,70.3947,7.968939,1001.50806,30.5,67.5,510.0,25.1,81.0,44.66,14,29,4,2,48.17,49.89,60.01,34.91,47.403333333333315,50.35833333333333,-3.510000000000005,37.94
2026-04-29 15:00:00,28.75,75.7796,8.61371,1001.8063,30.6,70.1,555.0,29.2,68.0,43.9,15,29,4,2,44.66,49.38,56.91,41.41,45.576666666666654,48.19,-0.759999999999998,36.5
2026-04-29 16:00:00,28.15,83.058235,10.587918,1002.00446,28.2,57.7,543.0,27.3,69.0,40.08,16,29,4,2,43.9,48.17,53.14,48.27,42.879999999999974,46.01333333333333,-3.8200000000000003,34.96
2026-04-29 17:00:00,27.85,84.523926,8.225035,1002.50323,24.9,42.6,496.0,22.2,77.0,35.85,17,29,4,2,40.08,44.66,49.89,55.12,39.94333333333332,43.673333333333325,-4.229999999999997,33.61
2026-04-29 18:00:00,27.85,86.30393,5.950899,1002.70306,22.6,33.5,439.0,17.6,85.0,33.39,18,29,4,2,35.85,43.9,49.38,60.26,36.439999999999976,41.00833333333333,-2.460000000000001,32.74
2026-04-29 19:00:00,27.75,85.52719,4.327493,1002.7027,22.5,34.7,368.0,14.5,89.0,33.72,19,29,4,2,33.39,40.08,48.17,61.79,34.319999999999986,38.599999999999994,0.3299999999999983,31.87
2026-04-29 20:00:00,27.5,86.786606,5.223103,1002.2025,24.1,42.5,285.0,11.9,93.0,36.28,20,29,4,2,33.72,35.85,44.66,60.01,34.46333333333332,37.20333333333334,2.5600000000000023,30.72
2026-04-29 21:00:00,27.2,87.80068,6.391901,1001.8021,25.6,49.0,225.0,9.9,96.0,38.48,21,29,4,2,36.28,33.39,43.9,56.91,36.15999999999998,36.300000000000004,2.1999999999999957,29.62
2026-04-29 22:00:00,26.95,88.569016,6.482499,1001.7016,26.5,53.1,192.0,8.6,97.0,39.71,22,29,4,2,38.48,33.72,40.08,53.14,38.156666666666645,36.23833333333334,1.230000000000004,28.37
2026-04-29 23:00:00,26.75,89.61687,7.42159,1001.50116,27.2,56.2,181.0,8.0,98.0,40.74,23,29,4,2,39.71,36.28,35.85,49.89,39.64333333333332,37.053333333333335,1.0300000000000011,27.43
2026-04-30 00:00:00,26.85,91.784035,8.913181,1001.4015,27.6,59.0,207.0,8.6,96.0,41.29,0,30,4,3,40.74,38.48,33.39,49.38,40.579999999999984,38.370000000000005,0.5499999999999972,29.46
2026-04-30 01:00:00,27.0,90.17035,9.726664,1001.9015,28.4,60.5,308.0,11.6,96.0,42.44,1,30,4,3,41.29,39.71,33.72,48.17,41.48999999999998,39.82333333333333,1.1499999999999986,29.16
2026-04-30 02:00:00,27.55,86.79116,7.973005,1002.4026,29.8,61.0,446.0,15.5,97.0,43.98,2,30,4,3,42.44,40.74,36.28,44.66,42.56999999999998,41.10666666666667,1.5399999999999991,30.82
2026-04-30 03:00:00,29.15,76.06926,8.863972,1003.20605,31.8,71.7,520.0,17.3,102.0,48.14,3,30,4,3,43.98,41.29,38.48,43.9,44.85333333333332,42.71666666666667,4.160000000000004,35.09
2026-04-30 04:00:00,30.95,64.403656,10.534229,1003.8103,31.7,74.5,466.0,14.8,116.0,50.37,4,30,4,3,48.14,42.44,39.71,40.08,47.49666666666665,44.49333333333334,2.229999999999997,44.04
2026-04-30 05:00:00,32.4,56.00052,12.413476,1004.11383,31.1,74.7,347.0,10.0,134.0,52.09,5,30,4,3,50.37,43.98,40.74,35.85,50.19999999999999,46.385,1.720000000000006,56.34
2026-04-30 06:00:00,33.25,52.25969,12.43434,1004.216,30.9,78.0,258.0,6.3,145.0,53.74,6,30,4,3,52.09,48.14,41.29,33.39,52.06666666666664,48.46,1.6499999999999986,67.26
2026-04-30 07:00:00,34.0,50.111645,13.462749,1003.81824,29.9,80.3,236.0,4.8,144.0,53.33,7,30,4,3,53.74,50.37,42.44,33.72,53.05333333333332,50.275,-0.4100000000000037,71.15
2026-04-30 08:00:00,33.9,52.422268,14.224556,1003.51807,28.1,79.4,243.0,4.3,136.0,50.98,8,30,4,3,53.33,52.09,43.98,36.28,52.683333333333316,51.44166666666667,-2.3500000000000014,68.99
2026-04-30 09:00:00,33.7,52.6911,13.878688,1002.8183,25.7,72.2,259.0,4.5,127.0,47.02,9,30,4,3,50.98,53.74,48.14,38.48,50.44333333333331,51.254999999999995,-3.9599999999999937,65.59
2026-04-30 10:00:00,33.1,55.829712,14.037692,1002.2172,23.3,62.4,280.0,5.1,118.0,42.6,10,30,4,3,47.02,53.33,50.37,39.71,46.86666666666665,49.96,-4.420000000000002,64.36
2026-04-30 11:00:00,32.55,57.41122,12.870944,1001.71606,21.8,53.9,311.0,6.3,108.0,38.82,11,30,4,3,42.6,50.98,52.09,40.74,42.81333333333331,47.748333333333335,-3.780000000000001,62.59
2026-04-30 12:00:00,31.5,60.743557,13.491598,1001.71356,18.0,39.5,345.0,9.4,96.0,32.71,12,30,4,3,38.82,47.02,53.74,41.29,38.043333333333315,44.24333333333333,-6.109999999999999,59.24
2026-04-30 13:00:00,30.75,64.556305,11.734564,1001.51154,18.7,38.8,389.0,15.6,84.0,32.05,13,30,4,3,32.71,42.6,53.33,42.44,34.52666666666665,40.696666666666665,-0.6600000000000037,53.77
2026-04-30 14:00:00,29.45,72.99156,10.195057,1001.5083,20.4,36.9,437.0,24.0,68.0,31.38,14,30,4,3,32.05,38.82,50.98,43.98,32.04666666666665,37.43,-0.6699999999999982,46.03
2026-04-30 15:00:00,28.95,77.41638,9.422101,1002.2066,21.7,39.7,460.0,29.1,58.0,31.86,15,30,4,3,31.38,32.71,47.02,48.14,31.763333333333318,34.903333333333336,0.4800000000000004,46.96
2026-04-30 16:00:00,28.65,79.24675,8.797931,1002.9051,21.8,40.3,442.0,28.0,58.0,31.86,16,30,4,3,31.86,32.05,42.6,50.37,31.699999999999985,33.11333333333333,0.0,45.91
2026-04-30 17:00:00,28.3,79.91339,9.734987,1003.104,21.0,39.6,399.0,23.6,65.0,31.71,17,30,4,3,31.86,31.38,38.82,52.09,31.809999999999985,31.92833333333333,-0.14999999999999858,45.2
2026-04-30 18:00:00,28.5,76.887215,12.313893,1002.9047,20.1,38.5,352.0,19.4,70.0,31.16,18,30,4,3,31.71,31.86,32.71,53.74,31.576666666666654,31.67,-0.5500000000000007,46.2
2026-04-30 19:00:00,28.45,75.05179,10.621525,1002.8045,19.4,37.7,300.0,16.6,73.0,30.68,19,30,4,3,31.16,31.86,32.05,53.33,31.18333333333332,31.441666666666666,-0.4800000000000004,48.04
2026-04-30 20:00:00,28.4,73.92044,12.431734,1002.4049,18.9,37.0,244.0,14.0,75.0,30.2,20,30,4,3,30.68,31.71,31.38,50.98,30.679999999999982,31.245,-0.4800000000000004,48.32
2026-04-30 21:00:00,28.5,71.95313,14.417988,1001.80554,18.3,36.8,203.0,11.8,77.0,29.83,21,30,4,3,30.2,31.16,31.86,47.02,30.23666666666665,30.906666666666666,-0.370000000000001,46.56
2026-04-30 22:00:00,28.5,71.086464,14.455019,1001.6058,17.6,36.4,176.0,9.5,80.0,29.5,22,30,4,3,29.83,30.68,31.86,42.6,29.843333333333316,30.513333333333335,-0.3299999999999983,43.97
2026-04-30 23:00:00,28.4,71.28432,13.797912,1001.4057,16.8,35.6,165.0,7.6,83.0,29.11,23,30,4,3,29.5,30.2,31.71,38.82,29.47999999999998,30.08,-0.39000000000000057,43.53
2026-05-01 00:00:00,28.7,71.12255,13.218668,1001.50616,16.8,40.9,189.0,7.4,84.0,30.29,0,1,5,4,29.11,29.83,31.16,32.71,29.633333333333315,29.935,1.1799999999999997,58.91
2026-05-01 01:00:00,28.75,69.85027,13.397612,1001.8063,16.7,37.6,288.0,10.4,81.0,29.58,1,1,5,4,30.29,29.5,30.68,32.05,29.659999999999982,29.751666666666665,-0.7100000000000009,59.08
2026-05-01 02:00:00,29.35,67.671844,14.096425,1002.50726,18.9,41.3,424.0,14.4,77.0,31.42,2,1,5,4,29.58,29.11,30.2,31.38,30.429999999999982,29.955,1.8400000000000034,68.75
2026-05-01 03:00:00,30.95,62.109444,13.519186,1003.1109,23.1,52.3,498.0,16.3,79.0,36.3,3,1,5,4,31.42,30.29,29.83,31.86,32.433333333333316,31.03333333333333,4.8799999999999955,78.54
2026-05-01 04:00:00,32.3,56.317726,15.669307,1003.71387,26.1,74.5,449.0,14.0,92.0,43.85,4,1,5,4,36.3,29.58,29.5,31.86,37.18999999999999,33.425,7.550000000000004,129.32
2026-05-01 05:00:00,33.35,52.444088,14.94,1003.9166,30.7,109.7,338.0,9.5,112.0,55.52,5,1,5,4,43.85,31.42,29.11,31.71,45.22333333333332,37.82666666666667,11.670000000000002,159.9
2026-05-01 06:00:00,34.2,52.180458,14.650939,1003.91876,36.7,146.2,257.0,6.1,126.0,67.4,6,1,5,4,55.52,36.3,30.29,31.16,55.589999999999996,44.01166666666668,11.880000000000003,93.85
2026-05-01 07:00:00,35.05,49.174152,14.205182,1003.72107,41.8,177.4,241.0,4.9,131.0,76.76,7,1,5,4,67.4,43.85,29.58,30.68,66.55999999999999,51.875,9.36,76.62
2026-05-01 08:00:00,35.75,45.754303,13.450708,1002.9232,44.1,186.3,255.0,4.8,132.0,79.83,8,1,5,4,76.76,55.52,31.42,30.2,74.66333333333331,59.94333333333333,3.069999999999993,71.26
2026-05-01 09:00:00,35.85,44.815144,14.256409,1002.1242,43.3,175.6,280.0,5.4,129.0,76.93,9,1,5,4,79.83,67.4,36.3,29.83,77.83999999999999,66.71500000000002,-2.8999999999999915,71.06
2026-05-01 10:00:00,35.4,46.08175,14.336861,1001.12384,40.7,155.5,314.0,6.9,121.0,70.64,10,1,5,4,76.93,76.76,43.85,29.5,75.8,71.18,-6.290000000000006,76.62
2026-05-01 11:00:00,34.4,50.213734,13.861168,1000.4218,36.7,127.1,359.0,9.3,109.0,61.52,11,1,5,4,70.64,79.83,55.52,29.11,69.69666666666666,72.18,-9.119999999999997,93.76
2026-05-01 12:00:00,32.65,55.38424,13.044722,1000.3175,31.4,101.0,405.0,11.7,99.0,52.51,12,1,5,4,61.52,76.93,67.4,30.29,61.55666666666665,69.69833333333334,-9.010000000000005,93.18
2026-05-01 13:00:00,31.7,59.876015,13.1412325,999.81537,27.9,71.5,456.0,15.3,92.0,44.34,13,1,5,4,52.51,70.64,76.76,29.58,52.789999999999985,64.295,-8.169999999999995,88.52
2026-05-01 14:00:00,31.2,60.309155,10.692969,1000.21375,25.9,56.3,508.0,20.1,81.0,39.38,14,1,5,4,44.34,61.52,79.83,31.42,45.40999999999999,57.55333333333334,-4.960000000000001,85.5
2026-05-01 15:00:00,31.1,57.94675,8.39078,1000.91296,23.6,49.1,531.0,22.5,76.0,36.4,15,1,5,4,39.38,52.51,76.93,36.3,40.039999999999985,50.798333333333325,-2.980000000000004,84.83
2026-05-01 16:00:00,30.95,56.33785,10.873251,1001.41223,21.7,45.6,512.0,20.5,79.0,34.9,16,1,5,4,36.4,44.34,70.64,43.85,36.89333333333332,44.84166666666667,-1.5,85.98
2026-05-01 17:00:00,30.7,55.761143,10.234705,1002.1111,20.4,45.5,465.0,16.2,87.0,34.78,17,1,5,4,34.9,39.38,61.52,55.52,35.359999999999985,40.385,-0.11999999999999744,87.99
2026-05-01 18:00:00,30.2,58.090664,10.152064,1002.50946,19.6,46.8,406.0,12.3,94.0,35.1,18,1,5,4,34.78,36.4,52.51,67.4,34.926666666666655,37.48333333333334,0.3200000000000003,88.84
2026-05-01 19:00:00,29.95,60.20949,12.825552,1001.90936,18.8,44.5,328.0,9.6,98.0,34.44,19,1,5,4,35.1,34.9,44.34,76.76,34.77333333333332,35.833333333333336,-0.6600000000000037,87.49
2026-05-01 20:00:00,29.7,60.52275,13.504799,1001.3092,17.6,39.3,238.0,7.3,100.0,32.76,20,1,5,4,34.44,34.78,39.38,79.83,34.09999999999999,34.73,-1.6799999999999997,84.81
2026-05-01 21:00:00,29.7,59.23584,13.590894,1000.90955,16.6,38.0,175.0,5.6,101.0,31.89,21,1,5,4,32.76,35.1,36.4,76.93,33.02999999999998,33.97833333333333,-0.8699999999999974,80.63
2026-05-01 22:00:00,29.6,59.395145,14.588885,1000.60944,16.2,38.9,144.0,4.4,100.0,31.54,22,1,5,4,31.89,34.44,34.9,70.64,32.06333333333332,33.41833333333333,-0.3500000000000014,75.78
2026-05-01 23:00:00,29.45,60.838627,15.606114,1000.40924,16.1,40.3,139.0,4.0,96.0,31.11,23,1,5,4,31.54,32.76,34.78,61.52,31.51333333333332,32.806666666666665,-0.4299999999999997,70.34
2026-05-02 00:00:00,29.15,64.61294,14.096425,1000.1085,16.9,46.0,182.0,4.5,94.0,32.42,0,2,5,5,31.11,31.89,35.1,52.51,31.689999999999987,32.36000000000001,1.3100000000000023,61.86
2026-05-02 01:00:00,29.05,63.41706,12.841963,1000.30804,20.5,65.7,327.0,8.6,87.0,37.73,1,2,5,5,32.42,31.54,34.44,44.34,33.75333333333332,32.90833333333334,5.309999999999995,58.74
2026-05-02 02:00:00,29.7,60.33743,13.533558,1000.90955,27.5,92.2,520.0,14.2,79.0,46.17,2,2,5,5,37.73,31.11,32.76,39.38,38.77333333333332,35.14333333333333,8.440000000000005,57.5
2026-05-02 03:00:00,31.35,56.77981,13.346729,1001.51306,36.9,126.2,622.0,17.1,77.0,57.8,3,2,5,5,46.17,32.42,31.89,36.4,47.23333333333332,39.461666666666666,11.629999999999995,60.5
2026-05-02 04:00:00,32.95,50.612694,15.481048,1002.0171,47.7,182.5,541.0,14.9,88.0,75.79,4,2,5,5,57.8,37.73,31.54,34.9,59.91999999999999,46.836666666666666,17.99000000000001,70.1
2026-05-02 05:00:00,34.2,45.765278,17.1,1002.2201,55.1,215.6,368.0,10.1,105.0,87.94,5,2,5,5,75.79,46.17,31.11,34.78,73.84333333333332,56.30833333333334,12.149999999999991,78.72
2026-05-02 06:00:00,34.85,42.669434,16.084589,1002.8211,57.0,224.4,238.0,6.3,117.0,91.88,6,2,5,5,87.94,57.8,32.42,35.1,85.20333333333332,66.21833333333332,3.9399999999999977,82.4
2026-05-02 07:00:00,35.55,40.29388,17.294992,1002.5233,54.0,211.4,207.0,4.8,120.0,88.0,7,2,5,5,91.88,75.79,37.73,34.44,89.27333333333331,74.59666666666668,-3.8799999999999955,78.3
2026-05-02 08:00:00,35.55,41.175335,18.94024,1001.8238,48.4,185.3,220.0,4.4,118.0,79.62,8,2,5,5,88.0,87.94,46.17,32.76,86.49999999999999,80.17166666666667,-8.379999999999995,69.54
2026-05-02 09:00:00,35.5,40.530476,19.44833,1001.32385,40.6,147.6,240.0,4.6,116.0,67.91,9,2,5,5,79.62,91.88,57.8,31.89,78.50999999999998,81.85666666666667,-11.710000000000008,62.3
2026-05-02 10:00:00,35.05,42.32953,19.146112,1000.5235,33.4,112.7,262.0,5.7,116.0,57.5,10,2,5,5,67.91,88.0,75.79,31.54,68.34333333333332,78.80833333333334,-10.409999999999997,56.92
2026-05-02 11:00:00,34.2,44.651295,18.258247,999.8219,28.8,85.9,291.0,7.4,116.0,50.09,11,2,5,5,57.5,79.62,87.94,31.11,58.49999999999998,72.5,-7.409999999999997,53.78
2026-05-02 12:00:00,32.85,46.54793,17.5931,999.51874,21.7,58.7,316.0,9.6,113.0,40.98,12,2,5,5,50.09,67.91,91.88,32.42,49.52333333333331,64.01666666666667,-9.110000000000007,43.82
2026-05-02 13:00:00,31.8,51.101067,17.106628,999.316,21.3,48.7,333.0,11.9,109.0,38.53,13,2,5,5,40.98,57.5,88.0,37.73,43.19999999999998,55.771666666666675,-2.4499999999999957,40.8
2026-05-02 14:00:00,30.7,56.450844,15.24909,999.5131,21.7,46.3,344.0,14.9,104.0,37.94,14,2,5,5,38.53,50.09,79.62,46.17,39.14999999999998,48.824999999999996,-0.5900000000000034,37.51
2026-05-02 15:00:00,30.25,57.569496,13.5012,1000.1114,21.0,41.9,344.0,16.5,101.0,36.5,15,2,5,5,37.94,40.98,67.91,57.8,37.656666666666645,43.59,-1.4399999999999977,36.44
2026-05-02 16:00:00,30.05,57.345318,13.543131,1000.7105,19.6,37.0,329.0,15.4,103.0,34.96,16,2,5,5,36.5,38.53,57.5,75.79,36.46666666666665,39.833333333333336,-1.5399999999999991,37.02
2026-05-02 17:00:00,29.95,57.145123,13.009903,1001.2099,18.0,33.1,303.0,12.9,107.0,33.61,17,2,5,5,34.96,37.94,50.09,87.94,35.02333333333332,37.086666666666666,-1.3500000000000014,37.88
2026-05-02 18:00:00,30.05,56.120926,15.542662,1000.91034,16.9,30.4,273.0,10.4,111.0,32.74,18,2,5,5,33.61,36.5,40.98,91.88,33.76999999999998,35.71333333333333,-0.8699999999999974,39.26
2026-05-02 19:00:00,30.0,56.282345,14.827893,1000.61035,15.8,28.1,235.0,8.3,114.0,31.87,19,2,5,5,32.74,34.96,38.53,88.0,32.73999999999998,34.60333333333333,-0.870000000000001,39.12
2026-05-02 20:00:00,29.65,56.371983,13.062098,999.81,14.4,25.1,194.0,6.3,117.0,30.72,20,2,5,5,31.87,33.61,37.94,79.62,31.776666666666646,33.4,-1.1500000000000021,36.44
2026-05-02 21:00:00,29.45,56.323692,12.74954,999.7098,13.2,22.2,167.0,4.9,119.0,29.62,21,2,5,5,30.72,32.74,36.5,67.91,30.73666666666665,32.25333333333334,-1.0999999999999979,35.0
2026-05-02 22:00:00,29.15,59.658108,12.979984,999.20917,12.1,20.1,150.0,4.0,118.0,28.37,22,2,5,5,29.62,31.87,34.96,57.5,29.56999999999998,31.155,-1.25,33.37
2026-05-02 23:00:00,28.8,62.397495,11.841756,999.10846,11.3,19.1,147.0,3.7,116.0,27.43,23,2,5,5,28.37,30.72,33.61,50.09,28.473333333333315,30.125,-0.9400000000000013,33.21
2026-05-03 00:00:00,28.7,65.51324,13.926464,999.208,11.8,27.8,193.0,5.0,115.0,29.46,0,3,5,6,27.43,29.62,32.74,40.98,28.419999999999984,29.578333333333333,2.030000000000001,40.29
2026-05-03 01:00:00,28.35,66.85871,12.20023,999.70667,12.3,26.0,344.0,9.7,109.0,29.16,1,3,5,6,29.46,28.37,31.87,38.53,28.683333333333312,29.126666666666665,-0.3000000000000007,44.91
2026-05-03 02:00:00,28.65,67.533936,10.8015,1000.50696,14.8,29.3,543.0,16.1,101.0,30.82,2,3,5,6,29.16,27.43,30.72,37.94,29.813333333333315,29.143333333333334,1.6600000000000001,47.85
2026-05-03 03:00:00,30.35,63.502686,8.133928,1001.3107,18.4,39.0,659.0,19.6,101.0,35.09,3,3,5,6,30.82,29.46,29.62,36.5,31.68999999999998,30.055000000000003,4.270000000000003,49.26
2026-05-03 04:00:00,32.9,52.49136,6.452441,1001.8169,22.5,62.2,611.0,17.7,118.0,44.04,4,3,5,6,35.09,29.16,28.37,34.96,36.649999999999984,32.666666666666664,8.949999999999996,56.54
2026-05-03 05:00:00,35.4,41.262142,6.849467,1002.3228,28.2,94.3,478.0,12.9,143.0,56.34,5,3,5,6,44.04,30.82,27.43,33.61,45.156666666666645,37.485,12.300000000000004,64.46
2026-05-03 06:00:00,35.65,43.948612,10.644379,1002.2235,33.6,124.8,369.0,9.0,161.0,67.26,6,3,5,6,56.34,35.09,29.46,32.74,55.879999999999974,43.785000000000004,10.920000000000002,67.63
2026-05-03 07:00:00,36.2,43.031094,12.57426,1002.2251,35.9,135.5,318.0,7.0,167.0,71.15,7,3,5,6,67.26,44.04,29.16,31.87,64.91666666666664,50.78333333333333,3.8900000000000006,64.65
2026-05-03 08:00:00,36.65,42.11056,13.854155,1001.72644,35.2,128.1,291.0,5.8,166.0,68.99,8,3,5,6,71.15,56.34,30.82,30.72,69.13333333333331,57.145,-2.160000000000011,57.94
2026-05-03 09:00:00,36.5,40.55051,14.420235,1001.22644,33.4,120.1,287.0,5.8,160.0,65.59,9,3,5,6,68.99,67.26,35.09,29.62,68.57666666666664,62.22833333333333,-3.3999999999999915,51.67
2026-05-03 10:00:00,36.1,40.567425,13.70839,1000.42615,33.1,122.5,306.0,7.4,148.0,64.36,10,3,5,6,65.59,71.15,44.04,28.37,66.31333333333332,65.615,-1.230000000000004,47.16
2026-05-03 11:00:00,35.15,46.29777,12.881008,1000.0239,33.1,124.3,348.0,10.2,131.0,62.59,11,3,5,6,64.36,68.99,56.34,27.43,64.17999999999999,66.65666666666668,-1.769999999999996,43.45
2026-05-03 12:00:00,32.95,54.95473,12.785069,999.51904,31.4,121.1,420.0,13.8,115.0,59.24,12,3,5,6,62.59,65.59,67.26,29.46,62.06333333333331,65.32000000000001,-3.3500000000000014,45.85
2026-05-03 13:00:00,31.5,64.907364,10.296251,999.3154,30.0,103.1,561.0,19.0,102.0,53.77,13,3,5,6,59.24,64.36,71.15,29.16,58.533333333333324,62.42333333333334,-5.469999999999999,42.42
2026-05-03 14:00:00,30.15,70.74364,7.029225,999.5118,28.6,75.4,731.0,26.0,85.0,46.03,14,3,5,6,53.77,62.59,68.99,30.82,53.01333333333332,58.59666666666667,-7.740000000000002,38.92
2026-05-03 15:00:00,29.5,73.00006,6.1437774,999.7098,27.8,88.0,816.0,30.1,73.0,46.96,15,3,5,6,46.03,59.24,65.59,35.09,48.91999999999998,55.49166666666667,0.9299999999999997,36.3
2026-05-03 16:00:00,29.15,71.20354,16.67892,1001.20764,27.5,84.5,746.0,28.7,73.0,45.91,16,3,5,6,46.96,53.77,64.36,44.04,46.29999999999998,52.416666666666664,-1.0500000000000043,35.8
2026-05-03 17:00:00,29.05,69.69492,9.867218,1001.60706,27.2,81.3,592.0,24.3,78.0,45.2,17,3,5,6,45.91,46.03,62.59,56.34,46.02333333333331,49.51833333333334,-0.7099999999999937,34.78
2026-05-03 18:00:00,29.85,55.726696,9.96524,1001.40936,27.8,85.0,451.0,20.0,82.0,46.2,18,3,5,6,45.2,46.96,59.24,67.26,45.76999999999998,47.345,1.0,34.16
2026-05-03 19:00:00,30.55,46.959694,11.165805,1001.1115,28.6,94.1,350.0,16.5,83.0,48.04,19,3,5,6,46.2,45.91,53.77,71.15,46.47999999999998,46.39000000000001,1.8399999999999963,33.48
2026-05-03 20:00:00,31.05,39.69403,12.98248,1000.81305,28.3,98.0,262.0,13.1,84.0,48.32,20,3,5,6,48.04,45.2,46.03,68.99,47.51999999999998,46.77166666666667,0.28000000000000114,32.22
2026-05-03 21:00:00,29.85,48.577496,10.185519,1000.2103,27.3,94.3,202.0,10.7,83.0,46.56,21,3,5,6,48.32,46.2,46.96,65.59,47.63999999999998,46.705000000000005,-1.759999999999998,30.83
2026-05-03 22:00:00,30.3,40.38501,10.564941,999.71204,26.3,88.0,161.0,9.1,79.0,43.97,22,3,5,6,46.56,48.04,45.91,64.36,46.28333333333331,46.38166666666667,-2.5900000000000034,29.0
2026-05-03 23:00:00,29.5,42.01559,14.292725,1000.40924,26.3,90.1,148.0,8.4,74.0,43.53,23,3,5,6,43.97,48.32,45.2,62.59,44.686666666666646,46.10333333333333,-0.4399999999999977,27.24
2026-05-04 00:00:00,29.4,43.634674,11.246759,1000.309,33.3,151.8,204.0,12.3,67.0,58.91,0,4,5,0,43.53,46.56,46.2,59.24,48.80333333333331,48.221666666666664,15.379999999999995,24.18
2026-05-04 01:00:00,29.05,42.708515,11.720751,1000.8077,34.1,150.4,409.0,18.7,61.0,59.08,1,4,5,0,58.91,43.97,48.04,53.77,53.83999999999998,50.06166666666667,0.1700000000000017,24.25
2026-05-04 02:00:00,30.1,34.97064,13.0806875,1001.6098,39.6,183.0,683.0,27.3,55.0,68.75,2,4,5,0,59.08,43.53,48.32,46.03,62.24666666666665,53.46666666666667,9.670000000000002,25.82
2026-05-04 03:00:00,32.6,26.855217,11.032987,1002.3159,48.2,204.0,822.0,30.9,60.0,78.54,3,4,5,0,68.75,58.91,46.56,46.96,68.78999999999998,58.796666666666674,9.790000000000006,28.42
2026-05-04 04:00:00,35.7,17.373356,11.341428,1002.8233,66.1,396.7,694.0,24.9,88.0,129.32,4,4,5,0,78.54,59.08,43.97,45.91,92.2033333333333,73.02166666666666,50.77999999999999,31.7
2026-05-04 05:00:00,38.65,9.369916,14.7039175,1003.2303,75.0,504.8,431.0,13.9,129.0,159.9,5,4,5,0,129.32,68.75,43.53,45.2,122.58666666666664,92.41666666666667,30.580000000000013,36.3
2026-05-04 06:00:00,40.25,6.9587593,15.281989,1003.2344,39.9,246.8,233.0,5.6,158.0,93.85,6,4,5,0,159.9,78.54,58.91,46.2,127.68999999999998,98.24000000000001,-66.05000000000001,39.7
2026-05-04 07:00:00,40.95,6.753846,16.45204,1002.73627,31.0,178.3,181.0,2.7,167.0,76.62,7,4,5,0,93.85,129.32,59.08,48.04,110.12333333333329,101.16333333333334,-17.22999999999999,41.17
2026-05-04 08:00:00,41.0,7.437365,15.539537,1002.1368,28.4,159.7,193.0,2.5,165.0,71.26,8,4,5,0,76.62,159.9,68.75,48.32,80.57666666666664,101.58166666666669,-5.359999999999999,39.82
2026-05-04 09:00:00,41.2,6.9402437,15.427586,1001.3381,28.2,162.1,223.0,3.6,160.0,71.06,9,4,5,0,71.26,93.85,78.54,46.56,72.97999999999998,100.335,-0.20000000000000284,36.85
2026-05-04 10:00:00,40.8,7.710981,16.748707,1000.4378,31.2,185.8,260.0,6.1,153.0,76.62,10,4,5,0,71.06,76.62,129.32,43.97,72.97999999999998,91.55166666666668,5.560000000000002,34.16
2026-05-04 11:00:00,39.35,13.81102,16.396805,999.635,44.0,244.0,316.0,10.1,143.0,93.76,11,4,5,0,76.62,71.26,159.9,43.53,80.47999999999998,80.52833333333335,17.14,32.2
2026-05-04 12:00:00,38.0,16.234177,11.032987,999.63153,46.4,233.8,378.0,13.8,141.0,93.18,12,4,5,0,93.76,71.06,93.85,58.91,87.85333333333331,80.41666666666667,-0.5799999999999983,29.52
2026-05-04 13:00:00,36.05,22.756292,11.119281,999.6268,51.0,206.8,457.0,18.4,126.0,88.52,13,4,5,0,93.18,76.62,76.62,59.08,91.81999999999998,82.4,-4.660000000000011,28.41
2026-05-04 14:00:00,32.7,41.56295,12.472065,1000.4174,51.5,200.7,543.0,24.7,106.0,85.5,14,4,5,0,88.52,93.76,71.26,68.75,89.06666666666665,84.77333333333334,-3.019999999999996,26.99
2026-05-04 15:00:00,31.9,44.730762,9.007196,1001.115,52.3,204.0,591.0,28.2,91.0,84.83,15,4,5,0,85.5,93.18,71.06,78.54,86.2833333333333,87.06833333333334,-0.6700000000000017,25.86
2026-05-04 16:00:00,31.5,44.483185,5.6521144,1001.9134,54.0,210.5,576.0,26.5,86.0,85.98,16,4,5,0,84.83,88.52,76.62,129.32,85.43666666666665,88.62833333333333,1.1500000000000057,25.21
2026-05-04 17:00:00,30.95,45.898468,6.28713,1002.8111,55.1,221.2,524.0,22.0,86.0,87.99,17,4,5,0,85.98,85.5,93.76,159.9,86.26666666666665,87.66666666666667,2.009999999999991,25.15
2026-05-04 18:00:00,30.4,48.569443,9.906544,1002.7099,54.8,229.1,466.0,18.1,86.0,88.84,18,4,5,0,87.99,84.83,93.18,93.85,87.60333333333331,86.94333333333333,0.8500000000000085,25.37
2026-05-04 19:00:00,30.05,49.39931,6.9247384,1002.80884,53.1,229.1,408.0,15.8,85.0,87.49,19,4,5,0,88.84,85.98,88.52,76.62,88.10666666666663,86.77166666666666,-1.3500000000000085,25.34
2026-05-04 20:00:00,29.45,49.553623,5.7628117,1002.80725,50.8,223.5,346.0,14.1,84.0,84.81,20,4,5,0,87.49,87.99,85.5,71.26,87.04666666666664,86.65666666666665,-2.6799999999999926,24.66
2026-05-04 21:00:00,28.75,52.583843,7.406295,1002.6057,48.0,211.4,294.0,12.7,83.0,80.63,21,4,5,0,84.81,88.84,84.83,71.06,84.30999999999996,85.95666666666666,-4.180000000000007,23.94
2026-05-04 22:00:00,28.45,56.78556,10.105681,1002.70465,44.7,197.4,233.0,11.0,82.0,75.78,22,4,5,0,80.63,87.49,85.98,76.62,80.40666666666664,84.25666666666666,-4.849999999999994,23.14
2026-05-04 23:00:00,28.4,58.93381,11.391313,1002.60474,41.3,179.7,184.0,9.7,82.0,70.34,23,4,5,0,75.78,84.81,87.99,93.76,75.5833333333333,81.315,-5.439999999999998,22.44
2026-05-05 00:00:00,28.65,58.99212,10.5234585,1002.9051,35.2,147.1,223.0,7.9,91.0,61.86,0,5,5,1,70.34,80.63,88.84,93.18,69.32666666666664,76.81833333333333,-8.480000000000004,22.2
2026-05-05 01:00:00,28.6,59.900944,9.12513,1003.40466,33.9,134.6,440.0,14.1,85.0,58.74,1,5,5,1,61.86,75.78,87.49,88.52,63.64666666666665,72.02666666666666,-3.1199999999999974,23.44
2026-05-05 02:00:00,28.95,58.879566,6.482499,1004.1051,35.5,123.4,745.0,22.5,78.0,57.5,2,5,5,1,58.74,70.34,84.81,85.5,59.36666666666664,67.475,-1.240000000000002,25.55
2026-05-05 03:00:00,30.85,52.785767,5.0816135,1004.6094,37.7,125.7,953.0,27.1,83.0,60.5,3,5,5,1,57.5,61.86,80.63,84.83,58.913333333333306,64.11999999999999,3.0,27.8
2026-05-05 04:00:00,32.95,45.15207,5.692099,1005.11475,39.5,149.5,981.0,24.3,112.0,70.1,4,5,5,1,60.5,58.74,75.78,85.98,62.69999999999997,63.17333333333334,9.599999999999994,31.85
2026-05-05 05:00:00,34.55,41.032284,6.9153743,1005.61804,42.1,161.1,910.0,17.7,152.0,78.72,5,5,5,1,70.1,57.5,70.34,87.99,69.7733333333333,64.57,8.620000000000005,37.26
2026-05-05 06:00:00,34.0,48.309307,11.968308,1006.5161,44.8,156.0,799.0,12.0,180.0,82.4,6,5,5,1,78.72,60.5,61.86,88.84,77.07333333333331,67.99333333333333,3.680000000000007,41.53
2026-05-05 07:00:00,33.45,50.277332,15.24909,1006.71466,44.0,137.8,632.0,8.6,183.0,78.3,7,5,5,1,82.4,70.1,58.74,87.49,79.80666666666663,71.25333333333334,-4.1000000000000085,42.82
2026-05-05 08:00:00,33.15,52.075645,16.595179,1006.51385,38.5,116.4,424.0,6.1,174.0,69.54,8,5,5,1,78.3,78.72,57.5,84.81,76.74666666666664,73.26,-8.759999999999991,41.34
2026-05-05 09:00:00,32.5,59.876785,16.854767,1006.31244,33.3,104.5,282.0,5.0,160.0,62.3,9,5,5,1,69.54,82.4,60.5,80.63,70.04666666666664,73.56,-7.240000000000009,38.87
2026-05-05 10:00:00,31.8,64.96944,16.048288,1005.9109,29.9,98.7,261.0,5.2,143.0,56.92,10,5,5,1,62.3,78.3,70.1,75.78,62.919999999999966,71.36333333333333,-5.3799999999999955,35.94
2026-05-05 11:00:00,31.75,66.73123,14.48972,1005.51117,29.0,100.6,306.0,6.7,121.0,53.78,11,5,5,1,56.92,69.54,78.72,70.34,57.666666666666636,67.20666666666666,-3.1400000000000006,32.94
2026-05-05 12:00:00,31.2,64.8451,13.729647,1005.40967,24.7,72.9,356.0,10.6,102.0,43.82,12,5,5,1,53.78,62.3,82.4,61.86,51.50666666666664,60.77666666666667,-9.96,32.4
2026-05-05 13:00:00,30.15,76.22277,11.345712,1005.5071,23.9,66.8,391.0,19.3,84.0,40.8,13,5,5,1,43.82,56.92,78.3,58.74,46.133333333333304,54.526666666666664,-3.020000000000003,30.62
2026-05-05 14:00:00,29.1,81.217186,9.220499,1005.80396,24.0,60.5,430.0,31.4,58.0,37.51,14,5,5,1,40.8,53.78,69.54,57.5,40.70999999999997,49.18833333333333,-3.289999999999999,28.25
2026-05-05 15:00:00,28.35,87.63827,5.904439,1006.2015,27.0,55.8,471.0,41.5,37.0,36.44,15,5,5,1,37.51,43.82,62.3,60.5,38.24999999999997,44.87833333333333,-1.0700000000000003,27.02
2026-05-05 16:00:00,27.95,88.91143,6.7205353,1006.6003,28.6,58.4,535.0,48.6,25.0,37.02,16,5,5,1,36.44,40.8,56.92,70.1,36.989999999999974,41.56166666666667,0.5800000000000054,26.27
2026-05-05 17:00:00,27.6,90.211815,5.426933,1007.0989,30.5,60.1,602.0,53.7,17.0,37.88,17,5,5,1,37.02,37.51,53.78,78.72,37.11333333333331,38.91166666666667,0.8599999999999994,25.52
2026-05-05 18:00:00,27.3,94.56549,7.628263,1007.09827,33.6,60.8,607.0,54.7,14.0,39.26,18,5,5,1,37.88,36.44,43.82,82.4,38.053333333333306,38.151666666666664,1.3799999999999955,24.58
2026-05-05 19:00:00,27.4,93.18388,10.717182,1007.1982,34.1,60.8,486.0,49.1,17.0,39.12,19,5,5,1,39.26,37.02,40.8,78.3,38.7533333333333,37.87166666666666,-0.14000000000000057,24.02
2026-05-05 20:00:00,27.1,94.00009,8.856658,1006.8978,31.1,56.2,303.0,39.3,25.0,36.44,20,5,5,1,39.12,37.88,37.51,69.54,38.273333333333305,37.693333333333335,-2.6799999999999997,23.46
2026-05-05 21:00:00,26.9,93.99149,5.7628117,1006.59735,29.0,56.2,186.0,30.7,31.0,35.0,21,5,5,1,36.44,39.26,36.44,62.3,36.8533333333333,37.45333333333333,-1.4399999999999977,22.82
2026-05-05 22:00:00,26.65,93.980675,3.319036,1006.3969,26.5,56.8,185.0,24.4,34.0,33.37,22,5,5,1,35.0,39.12,37.02,56.92,34.93666666666664,36.845,-1.6300000000000026,22.14
2026-05-05 23:00:00,26.35,94.80941,1.0948973,1006.3963,25.6,60.5,250.0,19.4,36.0,33.21,23,5,5,1,33.37,36.44,37.88,53.78,33.85999999999997,36.06666666666666,-0.1599999999999966,21.62
2026-05-06 00:00:00,25.6,98.23311,5.3999996,1006.6939,34.1,75.4,363.0,26.4,28.0,40.29,0,6,5,2,33.21,35.0,39.26,43.82,35.623333333333306,36.23833333333334,7.079999999999998,24.88
2026-05-06 01:00:00,25.4,95.62764,4.846648,1006.9929,39.1,83.6,569.0,27.6,30.0,44.91,1,6,5,2,40.29,33.37,39.12,40.8,39.46999999999997,37.20333333333333,4.619999999999997,26.01
2026-05-06 02:00:00,25.45,92.8091,3.5455887,1007.4929,41.1,88.5,823.0,29.0,35.0,47.85,2,6,5,2,44.91,33.21,36.44,37.51,44.349999999999966,39.105,2.940000000000005,27.92
2026-05-06 03:00:00,27.35,79.067924,2.1068459,1007.79767,36.9,95.9,967.0,28.5,49.0,49.26,3,6,5,2,47.85,40.29,35.0,36.44,47.339999999999975,41.48166666666666,1.4099999999999966,28.98
2026-05-06 04:00:00,30.6,59.625046,1.484318,1008.00604,37.3,110.4,911.0,24.4,81.0,56.54,4,6,5,2,49.26,44.91,33.37,37.02,51.21666666666664,45.343333333333334,7.280000000000001,32.36
2026-05-06 05:00:00,33.35,48.735424,5.3999996,1008.01337,39.2,119.0,745.0,18.4,122.0,64.46,5,6,5,2,56.54,47.85,33.21,37.88,56.7533333333333,50.55166666666667,7.919999999999995,36.77
2026-05-06 06:00:00,32.5,63.010414,13.356437,1008.21094,39.5,117.1,584.0,13.1,150.0,67.63,6,6,5,2,64.46,49.26,40.29,39.26,62.87666666666664,55.10833333333333,3.1700000000000017,39.92
2026-05-06 07:00:00,32.5,60.783962,14.037692,1007.8113,36.6,109.2,455.0,9.4,154.0,64.65,7,6,5,2,67.63,56.54,44.91,39.12,65.57999999999997,58.39833333333333,-2.9799999999999898,40.01
2026-05-06 08:00:00,32.55,60.068565,15.3264475,1007.21173,32.1,95.9,331.0,6.4,145.0,57.94,8,6,5,2,64.65,64.46,47.85,36.44,63.40666666666664,60.080000000000005,-6.710000000000008,38.64
2026-05-06 09:00:00,32.2,60.716927,16.434305,1006.7112,28.3,85.0,250.0,4.8,132.0,51.67,9,6,5,2,57.94,67.63,49.26,35.0,58.086666666666645,60.48166666666666,-6.269999999999996,36.76
2026-05-06 10:00:00,31.75,61.167786,15.137133,1005.9109,26.1,78.7,241.0,4.5,118.0,47.16,10,6,5,2,51.67,64.65,56.54,33.37,52.25666666666664,58.91833333333333,-4.510000000000005,34.95
2026-05-06 11:00:00,31.45,60.000824,15.236338,1005.31036,24.9,74.3,275.0,5.6,102.0,43.45,11,6,5,2,47.16,57.94,64.46,33.21,47.42666666666664,55.416666666666664,-3.7099999999999937,32.81
2026-05-06 12:00:00,30.5,61.822376,12.576836,1005.3078,27.3,86.6,307.0,9.2,90.0,45.85,12,6,5,2,43.45,51.67,67.63,40.29,45.48666666666664,51.78666666666667,2.3999999999999986,33.32
2026-05-06 13:00:00,29.8,67.351685,11.43248,1004.6069,26.5,78.5,319.0,14.8,75.0,42.42,13,6,5,2,45.85,47.16,64.65,44.91,43.90666666666664,48.08166666666667,-3.4299999999999997,32.09
2026-05-06 14:00:00,27.85,82.036804,10.560341,1004.102,26.2,71.0,330.0,22.5,55.0,38.92,14,6,5,2,42.42,43.45,57.94,47.85,42.39666666666664,44.91166666666667,-3.5,30.2
2026-05-06 15:00:00,27.45,83.977776,11.230904,1005.0003,27.1,62.6,343.0,28.2,40.0,36.3,15,6,5,2,38.92,45.85,51.67,49.26,39.21333333333331,42.35,-2.6200000000000045,29.62
2026-05-06 16:00:00,27.55,84.74505,9.36173,1005.7,27.4,61.7,370.0,30.1,35.0,35.8,16,6,5,2,36.3,42.42,47.16,56.54,37.00666666666663,40.45666666666666,-0.5,29.77
2026-05-06 17:00:00,27.25,87.022995,7.613382,1005.89886,27.0,58.3,401.0,30.1,34.0,34.78,17,6,5,2,35.8,38.92,43.45,64.46,35.62666666666664,39.01166666666666,-1.019999999999996,30.17
2026-05-06 18:00:00,27.45,88.34587,9.080639,1005.8996,26.8,55.8,409.0,29.0,35.0,34.16,18,6,5,2,34.78,36.3,45.85,67.63,34.9133333333333,37.06333333333333,-0.6200000000000045,30.21
2026-05-06 19:00:00,27.25,89.12176,7.7420926,1005.1994,26.7,53.3,375.0,27.1,36.0,33.48,19,6,5,2,34.16,35.8,42.42,64.65,34.13999999999997,35.57333333333333,-0.6799999999999997,29.53
2026-05-06 20:00:00,27.05,90.4424,7.555712,1004.39984,25.4,51.0,317.0,24.1,38.0,32.22,20,6,5,2,33.48,34.78,38.92,57.94,33.28666666666663,34.45666666666667,-1.259999999999998,27.95
2026-05-06 21:00:00,26.85,92.33108,8.490582,1004.1993,23.5,48.9,267.0,21.0,41.0,30.83,21,6,5,2,32.22,34.16,36.3,51.67,32.176666666666634,33.544999999999995,-1.3900000000000006,26.44
2026-05-06 22:00:00,26.5,95.09678,9.6480665,1003.69885,21.2,45.1,229.0,17.5,45.0,29.0,22,6,5,2,30.83,33.48,35.8,47.16,30.683333333333305,32.41166666666667,-1.8299999999999983,24.96
2026-05-06 23:00:00,26.3,96.22568,9.422101,1003.798,19.2,41.1,197.0,13.8,49.0,27.24,23,6,5,2,29.0,32.22,34.78,43.45,29.0233333333333,31.155,-1.7600000000000016,23.76
2026-05-07 00:00:00,26.45,94.25163,12.483749,1003.79834,16.1,32.2,187.0,8.6,56.0,24.18,0,7,5,3,27.24,30.83,34.16,45.85,26.80666666666664,29.491666666666664,-3.0599999999999987,23.95
2026-05-07 01:00:00,26.65,93.424286,12.81165,1003.9988,15.9,31.1,216.0,9.2,58.0,24.25,1,7,5,3,24.18,29.0,33.48,42.42,25.223333333333304,27.95333333333333,0.07000000000000028,25.12
2026-05-07 02:00:00,27.4,88.604935,14.248452,1004.6003,16.7,33.4,265.0,9.9,62.0,25.82,2,7,5,3,24.25,27.24,32.22,38.92,24.74999999999997,26.88666666666667,1.5700000000000003,27.77
2026-05-07 03:00:00,28.8,78.32589,15.119999,1005.1037,17.3,40.4,296.0,9.9,68.0,28.42,3,7,5,3,25.82,24.18,30.83,36.3,26.163333333333302,26.485,2.6000000000000014,29.75
2026-05-07 04:00:00,30.15,69.899734,15.481048,1005.30725,18.6,45.6,286.0,8.5,80.0,31.7,4,7,5,3,28.42,24.25,29.0,35.8,28.646666666666636,26.935000000000002,3.2799999999999976,33.58
2026-05-07 05:00:00,31.2,64.45604,15.661035,1005.40967,20.3,54.0,256.0,6.3,96.0,36.3,5,7,5,3,31.7,25.82,27.24,34.78,32.13999999999997,28.444999999999997,4.599999999999998,38.28
2026-05-07 06:00:00,31.85,62.870743,16.068466,1005.51154,21.8,60.3,234.0,4.6,107.0,39.7,6,7,5,3,36.3,28.42,24.18,34.16,35.89999999999997,31.031666666666666,3.4000000000000057,41.64
2026-05-07 07:00:00,32.3,60.922318,15.804164,1005.3126,22.3,64.0,228.0,3.8,111.0,41.17,7,7,5,3,39.7,31.7,24.25,33.48,39.056666666666636,33.85166666666667,1.4699999999999989,42.93
2026-05-07 08:00:00,32.45,58.792324,16.1198,1005.11304,21.5,60.3,229.0,3.4,110.0,39.82,8,7,5,3,41.17,36.3,25.82,32.22,40.22999999999997,36.184999999999995,-1.3500000000000014,43.27
2026-05-07 09:00:00,32.1,60.51191,16.63905,1004.71277,20.0,51.3,237.0,3.6,107.0,36.85,9,7,5,3,39.82,39.7,28.42,30.83,39.27999999999997,37.59,-2.969999999999999,42.88
2026-05-07 10:00:00,31.6,65.12304,16.489416,1004.31146,18.7,44.5,256.0,4.1,102.0,34.16,10,7,5,3,36.85,41.17,31.7,29.0,36.94333333333331,38.0,-2.690000000000005,41.54
2026-05-07 11:00:00,30.95,68.18799,15.717823,1004.0102,18.1,40.6,282.0,5.2,95.0,32.2,11,7,5,3,34.16,39.82,36.3,27.24,34.4033333333333,37.31666666666667,-1.9599999999999937,39.02
2026-05-07 12:00:00,30.15,73.54813,17.0763,1003.50867,15.8,39.0,299.0,7.1,85.0,29.52,12,7,5,3,32.2,36.85,39.7,24.18,31.95999999999997,35.62,-2.6800000000000033,35.4
2026-05-07 13:00:00,29.55,77.96689,16.676977,1003.5071,16.1,37.0,298.0,10.4,76.0,28.41,13,7,5,3,29.52,34.16,41.17,24.25,30.043333333333305,33.49333333333333,-1.1099999999999994,31.7
2026-05-07 14:00:00,28.8,83.13234,14.178927,1003.90466,16.4,35.6,288.0,14.8,63.0,26.99,14,7,5,3,28.41,32.2,39.82,25.82,28.30666666666664,31.355,-1.4200000000000017,28.76
2026-05-07 15:00:00,28.6,85.35809,13.854155,1003.8043,16.8,33.4,282.0,17.9,54.0,25.86,15,7,5,3,26.99,29.52,36.85,28.42,27.08666666666664,29.52333333333333,-1.129999999999999,28.0
2026-05-07 16:00:00,28.35,87.12134,14.904173,1004.303,16.6,32.6,290.0,18.3,51.0,25.21,16,7,5,3,25.86,28.41,34.16,31.7,26.01999999999997,28.03166666666667,-0.6499999999999986,28.0
2026-05-07 17:00:00,28.2,87.88513,10.472535,1005.6016,16.7,32.1,303.0,17.2,52.0,25.15,17,7,5,3,25.21,26.99,32.2,36.3,25.406666666666638,26.856666666666666,-0.060000000000002274,28.1
2026-05-07 18:00:00,28.15,88.92689,8.777654,1005.70154,17.3,32.6,305.0,16.0,52.0,25.37,18,7,5,3,25.15,25.86,29.52,39.7,25.243333333333307,26.164999999999996,0.22000000000000242,27.8
