timestamp,temperature,humidity,wind_speed,pressure,pm25,pm10,co,no2,o3,aqi
2026-02-08 19:00:00,20.35,89.69294,9.761578,1013.4741,33.5,46.9,526.0,33.6,45.0,37.92
2026-02-08 20:00:00,20.15,88.838524,8.951267,1013.2736,32.4,46.8,419.0,27.4,49.0,37.02
2026-02-08 21:00:00,20.0,88.54785,7.989242,1012.97327,32.1,48.5,336.0,22.2,51.0,36.73
2026-02-08 22:00:00,19.55,90.1991,8.43699,1012.5723,32.8,53.6,260.0,17.4,53.0,37.68
2026-02-08 23:00:00,19.4,90.47284,7.289445,1011.9724,32.5,55.3,209.0,13.6,54.0,37.45
2026-02-09 00:00:00,18.65,93.61844,4.3573384,1011.87036,34.6,61.2,257.0,14.0,50.0,39.14
2026-02-09 01:00:00,18.75,92.74196,4.8965297,1011.8707,34.8,60.5,522.0,21.5,40.0,38.72
2026-02-09 02:00:00,18.8,91.58149,5.414979,1012.5704,38.8,65.7,887.0,31.4,27.0,41.3
2026-02-09 03:00:00,19.5,87.39624,7.596341,1013.37164,47.6,75.0,1071.0,35.9,24.0,47.78
2026-02-09 04:00:00,21.55,78.24292,7.2044983,1014.0768,46.6,77.1,891.0,30.0,41.0,49.37
2026-02-09 05:00:00,23.55,61.41637,12.108261,1014.782,37.4,79.2,531.0,18.7,67.0,47.4
2026-02-09 06:00:00,24.95,55.042286,14.404499,1014.6858,34.1,74.7,260.0,9.7,89.0,46.8
2026-02-09 07:00:00,25.4,53.759243,15.661035,1014.2871,31.2,67.5,196.0,6.0,100.0,45.0
2026-02-09 08:00:00,25.55,53.282288,16.036171,1013.48846,28.4,64.3,221.0,4.5,106.0,43.64
2026-02-09 09:00:00,25.65,52.123352,16.248924,1012.4895,26.2,60.3,254.0,4.2,107.0,41.84
2026-02-09 10:00:00,25.35,53.40256,15.905319,1011.78906,24.7,58.2,263.0,4.0,104.0,40.19
2026-02-09 11:00:00,24.85,56.991436,15.151039,1011.7879,24.4,58.0,281.0,4.8,97.0,39.07
2026-02-09 12:00:00,24.35,61.402637,14.120538,1011.7863,23.9,57.6,317.0,8.1,87.0,37.74
2026-02-09 13:00:00,23.45,68.62195,12.74954,1012.0838,25.8,57.0,397.0,15.7,75.0,37.9
2026-02-09 14:00:00,22.6,74.08986,10.9859,1012.38104,28.9,53.9,495.0,26.1,59.0,38.0
2026-02-09 15:00:00,22.25,77.610886,10.315115,1013.0795,30.9,56.0,554.0,32.7,48.0,38.76
2026-02-09 16:00:00,22.1,79.5611,11.886816,1013.379,31.4,56.2,537.0,32.2,48.0,38.97
2026-02-09 17:00:00,21.9,82.57865,12.503199,1013.3783,31.1,54.6,479.0,28.0,53.0,38.62
2026-02-09 18:00:00,21.85,81.80167,11.833546,1013.4782,30.4,51.7,429.0,23.6,58.0,37.78
2026-02-09 19:00:00,21.65,83.84937,9.9977,1013.2778,29.5,48.5,407.0,19.9,62.0,36.74
2026-02-09 20:00:00,21.3,86.74182,9.178235,1012.77716,28.2,44.8,392.0,16.1,65.0,35.23
2026-02-09 21:00:00,21.15,88.9183,9.114471,1012.4772,26.9,41.4,372.0,13.0,68.0,33.88
2026-02-09 22:00:00,21.0,91.1476,9.208192,1011.97687,25.9,38.6,300.0,10.2,70.0,32.7
2026-02-09 23:00:00,20.85,92.27824,8.581677,1012.1765,25.4,37.7,222.0,8.3,70.0,31.98
2026-02-10 00:00:00,20.05,89.95222,7.327127,1012.47394,24.4,36.0,261.0,8.3,70.0,31.14
2026-02-10 01:00:00,19.65,87.13434,7.247096,1013.07227,25.0,36.9,562.0,16.4,60.0,31.34
2026-02-10 02:00:00,19.75,84.70045,6.1437774,1013.8719,27.5,39.6,980.0,27.2,47.0,32.8
2026-02-10 03:00:00,20.3,82.64599,5.9644947,1014.573,32.7,44.8,1203.0,32.6,43.0,36.65
2026-02-10 04:00:00,21.8,76.57173,3.4152596,1015.2765,32.1,49.4,1036.0,27.3,58.0,38.73
2026-02-10 05:00:00,23.75,67.819695,4.14,1015.98126,30.3,54.8,674.0,16.6,82.0,40.9
2026-02-10 06:00:00,25.0,59.628944,5.0142193,1016.0847,30.3,73.6,392.0,8.2,102.0,46.4
2026-02-10 07:00:00,26.15,51.25677,5.6233797,1015.5884,30.6,84.3,301.0,5.1,112.0,49.72
2026-02-10 08:00:00,26.75,47.90904,7.519175,1014.6907,31.2,93.6,289.0,4.4,119.0,52.83
2026-02-10 09:00:00,26.95,48.73936,9.5535755,1013.8919,32.0,98.3,298.0,4.6,121.0,54.5
2026-02-10 10:00:00,26.3,55.20241,12.346741,1013.4903,32.5,99.7,311.0,4.9,121.0,55.08
2026-02-10 11:00:00,25.6,56.810963,13.466357,1013.6883,32.8,100.1,344.0,6.1,117.0,54.88
2026-02-10 12:00:00,24.6,60.106907,12.9625,1014.18524,39.2,114.1,386.0,10.2,114.0,61.05
2026-02-10 13:00:00,23.9,67.63604,11.226575,1014.68304,36.7,90.1,419.0,19.7,96.0,53.73
2026-02-10 14:00:00,23.0,77.23868,10.464798,1015.7796,38.2,80.8,460.0,33.1,70.0,50.72
2026-02-10 15:00:00,22.5,80.61663,6.8541956,1016.37756,40.6,80.1,550.0,45.1,48.0,50.28
2026-02-10 16:00:00,22.1,83.89976,4.278551,1017.17596,44.6,82.0,759.0,54.4,34.0,51.96
2026-02-10 17:00:00,21.85,85.18884,3.8141315,1017.7747,50.9,86.1,1016.0,62.4,23.0,55.48
2026-02-10 18:00:00,21.1,89.46964,1.9469976,1018.0723,60.3,96.2,1158.0,67.6,16.0,61.93
2026-02-10 19:00:00,21.4,86.481155,5.072041,1017.8735,69.8,105.9,1081.0,69.2,11.0,68.11
2026-02-10 20:00:00,21.05,86.718346,5.4656014,1017.57275,74.7,109.4,888.0,68.0,9.0,70.78
2026-02-10 21:00:00,20.55,88.592964,6.8989563,1017.4712,74.5,99.0,719.0,65.0,11.0,68.45
2026-02-10 22:00:00,20.1,88.27845,7.922045,1017.07025,66.1,83.1,600.0,60.0,17.0,61.22
2026-02-10 23:00:00,19.9,77.751045,8.37532,1017.16986,57.7,70.8,504.0,53.2,26.0,54.89
2026-02-11 00:00:00,19.5,68.49937,7.968939,1017.46826,55.6,65.9,491.0,54.0,26.0,52.98
2026-02-11 01:00:00,19.4,61.258503,9.016185,1018.16736,50.8,58.6,642.0,47.5,37.0,49.8
2026-02-11 02:00:00,19.4,59.070557,9.236298,1019.16656,48.8,55.9,876.0,38.3,52.0,49.12
2026-02-11 03:00:00,19.8,55.369938,9.82114,1019.8673,49.9,56.9,1008.0,29.5,70.0,51.26
2026-02-11 04:00:00,21.7,47.801514,9.432412,1020.5719,51.1,56.8,933.0,21.6,91.0,53.8
2026-02-11 05:00:00,23.65,43.182617,10.63372,1021.07697,47.7,56.2,755.0,14.1,114.0,54.3
2026-02-11 06:00:00,25.4,39.280365,14.169785,1021.2815,44.1,57.0,603.0,8.4,131.0,54.36
2026-02-11 07:00:00,27.2,31.72749,16.10472,1020.48724,39.5,58.9,518.0,5.4,138.0,53.04
2026-02-11 08:00:00,28.2,27.871815,16.50709,1019.19086,34.7,55.2,459.0,4.2,138.0,49.72
2026-02-11 09:00:00,28.9,24.994795,16.1198,1018.0937,31.3,49.0,427.0,3.8,137.0,46.57
2026-02-11 10:00:00,29.25,23.102398,15.472672,1017.3952,28.6,44.2,422.0,3.4,137.0,44.2
2026-02-11 11:00:00,29.15,22.446337,15.2947035,1016.8952,27.4,40.7,445.0,3.8,135.0,42.66
2026-02-11 12:00:00,28.7,23.603975,14.087229,1016.49426,32.5,47.4,501.0,6.8,127.0,45.8
2026-02-11 13:00:00,28.0,26.067272,13.121493,1017.1922,34.9,45.8,623.0,14.6,112.0,45.6
2026-02-11 14:00:00,27.0,30.204548,13.374618,1017.98865,38.6,47.0,778.0,25.2,91.0,46.13
2026-02-11 15:00:00,25.9,35.071262,13.33094,1018.28546,40.4,47.8,875.0,32.3,76.0,46.01
2026-02-11 16:00:00,24.85,39.78458,12.606426,1018.6824,41.4,48.3,868.0,33.0,70.0,45.81
2026-02-11 17:00:00,23.85,43.672146,11.753876,1018.77936,42.1,49.0,804.0,30.2,70.0,45.88
2026-02-11 18:00:00,23.1,46.15061,10.310402,1018.7774,42.8,49.9,728.0,26.4,72.0,46.14
2026-02-11 19:00:00,22.45,47.529297,10.692969,1018.4758,42.7,50.1,645.0,21.9,76.0,46.06
2026-02-11 20:00:00,21.9,48.176228,10.587918,1018.0745,41.3,48.7,551.0,16.4,83.0,45.3
2026-02-11 21:00:00,21.65,47.947853,10.495713,1018.0739,39.2,46.4,482.0,12.0,88.0,43.88
2026-02-11 22:00:00,21.2,48.795826,10.472536,1017.87286,37.4,44.2,435.0,8.7,92.0,42.64
2026-02-11 23:00:00,20.5,50.9428,10.484902,1017.57117,35.9,42.8,413.0,6.4,94.0,41.57
2026-02-12 00:00:00,19.7,55.344563,10.390226,1017.7686,36.0,43.0,458.0,7.2,90.0,41.18
2026-02-12 01:00:00,19.3,56.92692,10.094454,1018.06726,35.3,42.4,642.0,12.9,83.0,40.52
2026-02-12 02:00:00,19.0,58.194553,9.418661,1018.7656,36.3,43.4,893.0,20.6,75.0,41.17
2026-02-12 03:00:00,19.15,57.461197,9.511088,1019.3658,39.2,46.0,1038.0,24.9,74.0,43.64
2026-02-12 04:00:00,20.75,51.522427,7.970972,1020.0697,42.0,47.7,978.0,22.6,88.0,47.13
2026-02-12 05:00:00,23.75,42.072178,7.889259,1020.47766,38.0,46.1,812.0,16.9,110.0,47.26
2026-02-12 06:00:00,26.45,33.721832,8.92408,1020.1853,31.4,41.0,659.0,11.8,128.0,44.87
2026-02-12 07:00:00,28.25,24.90746,7.519175,1019.2911,26.2,44.8,553.0,8.5,137.0,43.88
2026-02-12 08:00:00,29.3,20.684153,4.802999,1017.8948,22.8,37.0,462.0,5.9,141.0,40.84
2026-02-12 09:00:00,29.45,20.009508,2.7943513,1016.7962,21.2,32.2,406.0,4.6,143.0,39.18
2026-02-12 10:00:00,29.5,22.536669,7.282774,1015.9969,20.7,30.3,391.0,2.7,145.0,38.57
2026-02-12 11:00:00,29.35,24.269377,9.826088,1014.99744,20.6,29.6,412.0,2.2,143.0,38.0
2026-02-12 12:00:00,28.2,28.445757,12.429127,1014.7943,26.8,38.6,473.0,9.2,133.0,42.45
2026-02-12 13:00:00,26.2,38.089798,12.992458,1014.98883,38.2,48.2,606.0,34.7,100.0,48.95
2026-02-12 14:00:00,24.25,48.33293,10.266314,1015.5833,53.4,62.2,780.0,69.7,54.0,57.7
2026-02-12 15:00:00,23.3,54.983887,7.4672885,1016.2798,56.2,65.0,902.0,94.0,21.0,58.35
2026-02-12 16:00:00,22.7,60.437725,6.090812,1016.77783,60.5,70.5,940.0,97.9,12.0,60.84
2026-02-12 17:00:00,22.15,62.090435,6.6697226,1017.07605,67.8,78.5,927.0,91.3,14.0,65.4
2026-02-12 18:00:00,21.55,66.3021,7.329338,1017.3741,69.6,78.9,873.0,83.5,17.0,65.66
2026-02-12 19:00:00,21.25,69.289375,8.6193495,1016.9736,68.0,75.2,756.0,76.8,16.0,62.96
2026-02-12 20:00:00,20.85,72.62257,9.292255,1016.3731,65.2,71.0,598.0,69.0,14.0,59.25
2026-02-12 21:00:00,20.45,75.15152,9.83268,1015.8722,60.3,65.4,481.0,62.9,13.0,54.62
2026-02-12 22:00:00,20.1,77.286255,9.676569,1015.27167,53.9,58.4,372.0,60.3,12.0,49.48
2026-02-12 23:00:00,19.9,77.751045,7.5685663,1014.47205,47.5,51.9,304.0,59.4,11.0,44.69
2026-02-13 00:00:00,19.0,78.61978,4.542994,1014.4692,38.1,43.1,449.0,53.1,12.0,37.43
2026-02-13 01:00:00,18.55,81.12212,5.2323985,1014.5678,39.3,44.8,1047.0,50.0,7.0,37.16
2026-02-13 02:00:00,17.85,86.13611,2.4149535,1015.06555,44.6,50.6,1859.0,45.7,1.0,39.42
2026-02-13 03:00:00,18.05,83.170395,2.5264204,1015.66565,58.6,64.3,2339.0,41.9,8.0,49.64
2026-02-13 04:00:00,20.35,72.766655,1.3708391,1016.4717,73.8,77.5,2181.0,39.9,37.0,63.94
2026-02-13 05:00:00,23.0,64.10273,0.25455844,1016.8787,46.0,57.2,1690.0,38.4,78.0,51.9
2026-02-13 06:00:00,25.15,54.56489,2.9301877,1016.9843,43.4,65.0,1245.0,35.0,116.0,57.35
2026-02-13 07:00:00,26.7,49.461346,5.9834766,1016.28937,44.1,72.4,961.0,27.3,149.0,62.98
2026-02-13 08:00:00,27.05,53.832863,10.6261,1015.29114,44.9,74.5,721.0,17.6,178.0,66.69
2026-02-13 09:00:00,27.0,52.8048,13.104198,1014.4914,46.7,74.0,552.0,11.2,193.0,68.78
2026-02-13 10:00:00,26.95,48.116985,12.791403,1014.09174,45.5,69.2,473.0,9.6,186.0,65.93
2026-02-13 11:00:00,26.65,48.0369,12.594856,1013.79095,42.1,63.3,464.0,11.1,165.0,60.12
2026-02-13 12:00:00,25.75,51.98188,12.181625,1013.3888,26.8,36.3,495.0,15.7,137.0,43.56
2026-02-13 13:00:00,24.45,62.805412,10.644379,1013.48517,26.2,35.5,576.0,25.6,109.0,40.39
2026-02-13 14:00:00,23.05,73.93325,9.087772,1013.68134,28.3,38.4,697.0,39.2,72.0,38.51
2026-02-13 15:00:00,22.3,79.58874,7.7420926,1014.37885,30.0,41.9,796.0,48.0,44.0,37.18
2026-02-13 16:00:00,21.8,80.77699,6.9480934,1014.87683,29.7,42.6,870.0,48.0,37.0,36.12
2026-02-13 17:00:00,21.45,80.73102,6.5248446,1015.07574,29.2,42.1,921.0,43.3,40.0,35.52
2026-02-13 18:00:00,20.85,82.19266,5.983477,1015.2739,29.0,40.7,896.0,38.0,44.0,34.94
2026-02-13 19:00:00,20.7,82.69399,7.889258,1014.9738,28.3,38.4,726.0,32.9,47.0,33.81
2026-02-13 20:00:00,20.35,82.91353,8.217153,1014.27344,26.1,34.5,479.0,27.2,52.0,31.83
2026-02-13 21:00:00,20.05,81.31656,7.282774,1013.7729,23.3,30.0,304.0,22.3,55.0,29.24
2026-02-13 22:00:00,19.55,83.877045,6.114703,1013.47156,21.0,26.4,213.0,17.5,57.0,26.96
2026-02-13 23:00:00,18.9,88.17704,5.369916,1013.3701,19.3,23.8,193.0,13.5,58.0,25.14
2026-02-14 00:00:00,17.85,92.399605,4.0249224,1013.36694,21.6,28.2,360.0,15.7,51.0,26.44
2026-02-14 01:00:00,17.5,94.7608,5.2478566,1013.56586,23.7,30.4,923.0,25.1,37.0,27.24
2026-02-14 02:00:00,16.9,97.18271,4.175069,1014.5634,30.0,37.0,1671.0,37.7,20.0,31.06
2026-02-14 03:00:00,16.85,96.872826,2.5071096,1015.26245,44.5,50.9,2089.0,44.9,15.0,41.42
2026-02-14 04:00:00,19.45,87.11596,0.6489992,1015.96954,41.0,45.5,1867.0,41.8,35.0,41.12
2026-02-14 05:00:00,22.25,81.08871,1.2727921,1016.47675,30.7,39.1,1314.0,33.3,67.0,38.22
2026-02-14 06:00:00,24.55,69.70401,4.829907,1016.2833,26.4,34.9,841.0,25.1,96.0,38.34
2026-02-14 07:00:00,26.15,61.61553,7.689603,1015.7882,22.7,29.3,589.0,18.6,117.0,37.55
2026-02-14 08:00:00,27.0,55.37564,9.67657,1014.79114,21.4,27.4,417.0,12.5,134.0,38.16
2026-02-14 09:00:00,27.45,50.136337,10.735306,1014.0931,20.8,26.7,312.0,8.8,142.0,38.36
2026-02-14 10:00:00,27.5,48.263474,11.679212,1013.3936,20.2,26.0,279.0,7.7,139.0,37.3
2026-02-14 11:00:00,27.0,50.66218,11.592895,1012.8927,19.0,24.6,314.0,9.1,127.0,34.84
2026-02-14 12:00:00,25.65,58.47043,10.365251,1012.78925,17.9,21.5,388.0,13.9,115.0,32.58
2026-02-14 13:00:00,24.25,66.43883,9.444426,1012.7855,19.8,25.4,524.0,25.2,91.0,32.41
2026-02-14 14:00:00,22.85,75.77891,8.149847,1013.18097,25.2,31.1,700.0,40.6,57.0,33.46
2026-02-14 15:00:00,22.0,84.41274,5.9427266,1013.87823,27.6,34.7,820.0,51.4,32.0,33.25
2026-02-14 16:00:00,21.45,90.05315,6.544677,1014.3763,28.6,36.9,849.0,53.8,24.0,33.35
2026-02-14 17:00:00,20.9,93.72352,6.1305785,1014.4746,29.5,39.0,822.0,51.7,24.0,33.9
2026-02-14 18:00:00,20.3,95.164246,5.1165614,1014.77277,30.3,40.5,749.0,47.6,27.0,34.44
2026-02-14 19:00:00,20.15,95.45528,6.638072,1014.2728,30.5,41.9,602.0,41.6,30.0,34.37
2026-02-14 20:00:00,19.9,96.64287,8.320986,1013.9725,28.9,41.2,409.0,33.7,36.0,33.14
2026-02-14 21:00:00,19.65,97.24062,8.574123,1013.77167,27.9,40.5,268.0,26.6,40.0,32.04
2026-02-14 22:00:00,19.7,99.073006,8.714677,1013.47217,28.2,40.4,189.0,20.2,43.0,31.66
2026-02-14 23:00:00,19.75,99.69027,7.731623,1013.27234,30.0,42.3,163.0,14.6,44.0,32.25
2026-02-15 00:00:00,19.4,97.539246,4.8899083,1013.4712,34.0,48.7,257.0,15.5,38.0,34.77
2026-02-15 01:00:00,19.05,98.14451,3.7585104,1013.7701,38.2,54.2,602.0,24.1,27.0,37.6
2026-02-15 02:00:00,18.6,99.37597,3.4576871,1014.3683,46.1,65.4,1067.0,35.5,12.0,43.26
2026-02-15 03:00:00,18.6,99.06525,2.8001428,1014.9678,61.2,84.1,1329.0,41.6,10.0,55.16
2026-02-15 04:00:00,19.2,98.14657,2.657668,1015.46893,46.0,73.3,1194.0,37.4,31.0,47.92
2026-02-15 05:00:00,21.2,87.547966,4.327493,1016.1742,36.8,69.8,855.0,27.9,63.0,46.0
2026-02-15 06:00:00,23.65,74.9652,4.942631,1015.8811,33.6,65.4,572.0,19.5,92.0,46.6
2026-02-15 07:00:00,25.65,64.87513,6.384293,1015.4871,30.3,59.3,437.0,14.1,112.0,45.92
2026-02-15 08:00:00,26.7,60.40131,9.473541,1014.59076,27.8,54.0,358.0,9.9,128.0,45.38
2026-02-15 09:00:00,26.85,59.870556,11.583108,1013.5918,26.4,50.6,313.0,7.4,136.0,44.83
2026-02-15 10:00:00,26.55,60.36692,12.007498,1012.79156,25.4,49.0,306.0,6.4,132.0,43.26
2026-02-15 11:00:00,25.9,62.533733,11.778658,1011.9905,24.1,47.0,333.0,7.1,119.0,40.37
2026-02-15 12:00:00,24.35,69.66594,10.944532,1012.0861,23.6,45.1,367.0,11.4,106.0,38.43
2026-02-15 13:00:00,23.25,77.03583,10.158444,1011.9833,25.2,47.4,399.0,20.2,87.0,38.16
2026-02-15 14:00:00,22.45,82.1317,8.723967,1011.9811,30.2,50.2,437.0,32.4,61.0,39.15
2026-02-15 15:00:00,22.1,84.68656,7.9932976,1012.47974,33.2,54.2,477.0,41.9,41.0,39.88
2026-02-15 16:00:00,21.8,86.51925,7.5685663,1012.8785,35.2,56.3,528.0,46.5,32.0,40.63
2026-02-15 17:00:00,21.45,88.391,6.8423676,1013.07733,36.9,58.0,581.0,48.5,28.0,41.52
2026-02-15 18:00:00,21.25,90.88128,6.6697226,1012.8769,38.5,59.4,609.0,48.5,27.0,42.46
2026-02-15 19:00:00,21.25,90.59967,7.3799996,1012.57715,43.4,67.5,598.0,46.3,27.0,46.2
2026-02-15 20:00:00,21.0,91.1476,6.482499,1012.17676,46.2,70.8,562.0,42.1,30.0,48.08
2026-02-15 21:00:00,20.8,91.13474,6.310277,1011.57666,45.4,69.8,511.0,37.4,33.0,47.22
2026-02-15 22:00:00,20.7,91.12832,5.9399996,1010.9771,43.4,66.8,410.0,31.2,37.0,45.29
2026-02-15 23:00:00,20.75,90.56564,5.950899,1010.7772,41.4,63.8,295.0,24.5,42.0,43.44
2026-02-16 00:00:00,20.4,89.69667,6.7205353,1010.6764,40.0,63.6,283.0,20.4,45.0,42.53
2026-02-16 01:00:00,20.5,87.211945,8.049845,1010.9765,38.1,60.3,499.0,24.2,43.0,41.19
2026-02-16 02:00:00,20.5,85.58451,7.42159,1011.4761,37.4,58.2,817.0,29.2,40.0,40.72
2026-02-16 03:00:00,21.05,83.519264,7.2403865,1011.97723,40.6,63.1,981.0,30.5,44.0,44.1
2026-02-16 04:00:00,22.65,75.746994,8.669949,1012.4813,35.9,60.5,827.0,24.8,60.0,42.77
2026-02-16 05:00:00,23.7,69.105156,9.567131,1012.6839,30.6,60.1,518.0,15.4,82.0,41.93
2026-02-16 06:00:00,24.65,62.452995,11.019764,1012.7864,29.2,59.6,283.0,8.1,100.0,42.74
2026-02-16 07:00:00,25.3,58.946274,13.33094,1012.08887,28.7,57.5,218.0,5.2,110.0,43.13
2026-02-16 08:00:00,25.55,57.70918,15.053425,1011.2902,27.6,54.2,226.0,4.3,116.0,42.68
2026-02-16 09:00:00,25.4,58.041027,15.137133,1009.99054,26.4,50.6,246.0,4.2,117.0,41.5
2026-02-16 10:00:00,25.15,57.42956,14.81259,1009.0907,24.8,47.0,256.0,4.2,113.0,39.38
2026-02-16 11:00:00,24.85,57.909172,14.336861,1008.49054,23.5,44.0,278.0,4.9,103.0,36.74
2026-02-16 12:00:00,23.95,64.30833,12.979984,1008.1883,20.6,36.7,311.0,7.8,96.0,33.21
2026-02-16 13:00:00,23.15,68.9984,12.5807,1008.0861,20.1,34.2,365.0,13.7,85.0,31.7
2026-02-16 14:00:00,22.65,72.25274,11.4862,1008.48456,21.7,31.7,431.0,21.9,69.0,30.82
2026-02-16 15:00:00,22.4,74.5245,10.742848,1009.683,22.9,32.1,484.0,29.3,56.0,30.66
2026-02-16 16:00:00,22.15,76.38532,8.227004,1010.3815,24.0,32.4,517.0,35.5,47.0,30.86
2026-02-16 17:00:00,21.85,78.53331,8.557102,1010.48065,25.7,33.1,537.0,40.8,40.0,31.59
2026-02-16 18:00:00,21.65,80.000114,10.853866,1010.8797,27.5,34.6,544.0,42.9,36.0,32.5
2026-02-16 19:00:00,21.65,79.74912,10.446206,1011.0796,28.0,34.8,523.0,39.8,37.0,32.48
2026-02-16 20:00:00,21.4,81.74537,9.979859,1010.3795,25.9,32.5,489.0,33.6,42.0,30.79
2026-02-16 21:00:00,21.1,84.31464,7.5170207,1009.9789,23.0,29.5,483.0,28.1,46.0,28.52
2026-02-16 22:00:00,20.7,86.143585,4.846648,1009.67816,21.5,28.1,512.0,23.9,48.0,27.16
2026-02-16 23:00:00,20.45,87.48135,5.3699164,1009.37744,22.8,30.4,569.0,20.5,49.0,27.9
2026-02-17 00:00:00,19.85,88.53551,0.25455844,1009.3759,19.8,29.9,678.0,14.8,52.0,25.9
2026-02-17 01:00:00,20.15,86.90632,2.7534704,1009.6766,24.3,36.8,917.0,27.0,38.0,29.26
2026-02-17 02:00:00,19.75,88.80636,5.2939587,1010.3747,34.5,48.5,1209.0,43.4,20.0,36.46
2026-02-17 03:00:00,19.8,87.97579,6.379216,1011.17444,51.1,64.0,1344.0,51.6,15.0,48.34
2026-02-17 04:00:00,21.0,81.95273,4.8633323,1011.877,49.8,61.7,1183.0,44.0,35.0,49.09
2026-02-17 05:00:00,22.6,72.47232,4.4565907,1012.48096,30.4,51.7,865.0,28.3,69.0,40.14
2026-02-17 06:00:00,23.05,66.190575,5.2939587,1013.1817,28.2,59.8,599.0,15.5,99.0,43.24
2026-02-17 07:00:00,24.35,57.788834,5.2478566,1012.88544,29.7,68.9,455.0,9.9,120.0,48.12
2026-02-17 08:00:00,25.05,55.067284,7.0911775,1011.988,33.3,84.1,364.0,7.3,138.0,55.27
2026-02-17 09:00:00,25.1,54.72763,8.6867485,1011.2889,32.8,80.3,327.0,6.0,148.0,55.56
2026-02-17 10:00:00,24.25,57.579742,6.114703,1010.98694,31.9,77.8,318.0,4.9,151.0,54.9
2026-02-17 11:00:00,24.25,56.299458,8.714677,1010.48737,30.4,72.9,362.0,5.2,146.0,52.46
2026-02-17 12:00:00,23.1,65.99068,7.8954163,1010.7839,30.0,70.5,537.0,9.2,141.0,51.63
2026-02-17 13:00:00,22.35,72.42792,7.570707,1011.0815,31.2,70.5,990.0,18.2,117.0,49.98
2026-02-17 14:00:00,21.65,77.27682,6.6185193,1011.77893,31.5,55.6,1574.0,30.7,84.0,44.07
2026-02-17 15:00:00,21.25,80.70468,3.7799997,1012.4772,30.6,48.5,1923.0,41.1,57.0,39.72
2026-02-17 16:00:00,21.35,78.957634,1.8792552,1013.07697,31.1,46.8,1840.0,48.5,41.0,38.34
2026-02-17 17:00:00,21.25,80.19799,2.0991426,1012.8769,33.4,48.2,1522.0,53.8,31.0,39.06
2026-02-17 18:00:00,20.5,80.35063,2.5264204,1013.2746,35.6,49.8,1190.0,53.7,30.0,40.31
2026-02-17 19:00:00,20.7,70.078354,6.193674,1013.2752,36.4,50.5,882.0,44.5,43.0,41.43
2026-02-17 20:00:00,19.9,64.67725,7.4867883,1013.07324,35.3,49.4,561.0,30.0,64.0,41.63
2026-02-17 21:00:00,19.2,64.736916,9.016185,1012.67126,32.8,46.4,335.0,18.0,82.0,40.68
2026-02-17 22:00:00,18.8,65.50622,9.236298,1012.47046,29.5,43.8,246.0,11.1,91.0,38.82
2026-02-17 23:00:00,18.55,65.88504,8.6193495,1012.56946,26.9,42.4,251.0,6.8,96.0,37.35
2026-02-18 00:00:00,18.1,67.10435,9.391102,1012.66815,25.9,43.5,332.0,5.6,97.0,37.04
2026-02-18 01:00:00,17.7,68.13706,9.531505,1013.3666,26.6,43.8,547.0,11.6,91.0,37.45
2026-02-18 02:00:00,17.5,68.32181,8.37532,1014.16534,28.8,45.1,838.0,19.6,82.0,38.66
2026-02-18 03:00:00,17.85,66.831345,7.555712,1014.36615,32.4,47.8,1013.0,23.9,82.0,41.64
2026-02-18 04:00:00,19.65,59.719925,5.318383,1014.9707,33.6,50.6,962.0,20.9,97.0,44.6
2026-02-18 05:00:00,21.9,51.31377,5.00128,1015.47656,34.9,56.7,795.0,14.1,119.0,48.76
2026-02-18 06:00:00,24.0,46.24435,4.6730714,1015.1826,36.1,60.3,651.0,8.5,137.0,51.94
2026-02-18 07:00:00,25.55,38.931866,3.1072817,1014.2878,32.0,57.7,577.0,5.9,145.0,50.18
2026-02-18 08:00:00,26.45,35.82059,4.0249224,1013.49066,28.8,53.2,526.0,4.5,147.0,47.76
2026-02-18 09:00:00,26.55,39.99711,10.233123,1012.4918,27.9,51.3,493.0,4.1,148.0,47.02
2026-02-18 10:00:00,25.8,47.654324,15.283048,1011.7904,28.0,50.4,466.0,3.0,150.0,47.03
2026-02-18 11:00:00,24.75,45.54287,16.285772,1011.4878,28.3,49.7,456.0,3.0,151.0,47.19
2026-02-18 12:00:00,24.75,45.99401,15.151039,1010.98816,22.6,36.3,496.0,8.3,139.0,40.66
2026-02-18 13:00:00,23.75,47.72478,12.601285,1011.385,24.9,38.4,628.0,26.7,111.0,40.79
2026-02-18 14:00:00,22.95,52.614304,10.874741,1012.382,33.5,42.8,809.0,52.0,72.0,43.91
2026-02-18 15:00:00,22.5,59.422638,9.567131,1013.1801,38.3,46.2,942.0,70.7,42.0,45.3
2026-02-18 16:00:00,22.05,64.10154,7.9383874,1013.87823,41.7,49.1,996.0,77.8,29.0,46.69
2026-02-18 17:00:00,21.55,66.08912,8.951267,1014.1767,44.9,52.5,1002.0,78.3,25.0,48.44
2026-02-18 18:00:00,21.15,69.93966,6.1437774,1014.17584,46.3,53.8,952.0,74.1,27.0,49.08
2026-02-18 19:00:00,21.15,68.16624,6.4096174,1014.17584,43.2,50.3,812.0,63.9,34.0,46.34
2026-02-18 20:00:00,20.7,69.62897,7.3997297,1013.9747,37.3,44.9,616.0,49.0,47.0,42.03
2026-02-18 21:00:00,20.2,67.975365,8.6193495,1014.07306,31.4,42.7,465.0,35.5,59.0,38.42
2026-02-18 22:00:00,20.05,58.837337,8.626865,1013.8728,27.5,44.5,386.0,24.3,70.0,36.8
2026-02-18 23:00:00,20.1,51.868855,9.743305,1013.47314,25.1,47.7,350.0,14.5,81.0,36.42
2026-02-19 00:00:00,20.6,48.960884,11.003581,1013.57465,24.2,48.0,375.0,6.7,95.0,36.96
2026-02-19 01:00:00,20.4,49.402367,10.495713,1013.77386,24.3,47.8,513.0,12.1,88.0,36.72
2026-02-19 02:00:00,20.3,50.54956,10.564941,1014.473,25.6,48.5,711.0,19.3,80.0,37.4
2026-02-19 03:00:00,21.15,48.61929,11.799271,1015.07513,28.0,49.6,823.0,23.0,79.0,39.22
2026-02-19 04:00:00,23.25,43.070873,10.8672905,1015.8801,28.8,49.1,765.0,19.7,93.0,41.12
2026-02-19 05:00:00,25.9,36.026268,12.283599,1016.0873,26.2,47.7,620.0,12.9,116.0,41.98
2026-02-19 06:00:00,27.9,30.557293,13.15971,1016.1926,25.8,42.1,493.0,7.3,133.0,42.36
2026-02-19 07:00:00,28.75,25.5609,14.787414,1015.4954,22.5,38.4,417.0,4.8,140.0,40.65
2026-02-19 08:00:00,29.55,22.863098,15.561414,1014.3985,19.3,28.4,359.0,3.6,142.0,37.17
2026-02-19 09:00:00,29.9,21.421957,17.194475,1013.5998,18.6,24.3,327.0,3.1,142.0,35.93
2026-02-19 10:00:00,29.95,20.920158,17.726116,1012.9007,19.2,23.3,315.0,2.9,143.0,36.14
2026-02-19 11:00:00,29.85,20.606041,17.534992,1012.5006,19.9,23.6,328.0,3.6,141.0,36.36
2026-02-19 12:00:00,29.5,21.618948,17.077248,1012.49963,21.0,22.5,395.0,5.9,138.0,36.58
2026-02-19 13:00:00,28.55,25.8593,15.489414,1012.9967,23.7,26.4,576.0,12.5,124.0,37.61
2026-02-19 14:00:00,27.6,28.281155,12.931218,1013.7935,27.6,30.6,810.0,21.5,104.0,38.75
2026-02-19 15:00:00,26.75,31.388409,12.081473,1014.4908,29.7,32.9,944.0,28.5,88.0,38.9
2026-02-19 16:00:00,26.0,33.822807,9.7880945,1014.98846,31.1,34.6,887.0,32.1,77.0,38.84
2026-02-19 17:00:00,24.9,36.72148,11.1090765,1015.1852,32.6,36.2,729.0,33.7,69.0,38.94
2026-02-19 18:00:00,24.25,37.538906,12.330985,1015.3835,33.6,37.6,586.0,32.4,66.0,39.08
2026-02-19 19:00:00,24.35,35.587475,12.678185,1015.3835,32.5,37.4,495.0,26.6,71.0,38.37
2026-02-19 20:00:00,24.15,35.773018,13.110376,1015.1832,28.9,35.3,420.0,18.0,82.0,36.51
2026-02-19 21:00:00,23.7,36.87879,12.870944,1014.98206,24.9,31.5,366.0,11.2,90.0,33.93
2026-02-19 22:00:00,23.3,38.29531,13.104198,1014.781,21.9,27.2,325.0,7.5,94.0,31.62
2026-02-19 23:00:00,22.85,39.75406,13.032298,1014.77966,20.3,23.9,305.0,5.6,95.0,30.02
2026-02-20 00:00:00,22.3,42.08863,12.81165,1014.8784,19.8,22.7,334.0,5.9,93.0,29.28
2026-02-20 01:00:00,21.95,42.9957,11.855429,1015.2771,19.4,21.2,467.0,10.4,87.0,28.55
2026-02-20 02:00:00,21.6,44.222355,11.43248,1016.1754,20.4,21.8,650.0,16.3,80.0,29.0
2026-02-20 03:00:00,22.0,43.44726,12.033103,1017.0757,23.1,24.2,747.0,19.5,80.0,31.31
2026-02-20 04:00:00,23.8,39.35543,10.436895,1017.78015,25.2,26.5,676.0,17.2,94.0,34.58
2026-02-20 05:00:00,26.35,34.03575,12.870944,1017.98706,26.3,31.2,519.0,12.2,115.0,38.47
2026-02-20 06:00:00,28.6,26.771496,17.134071,1017.8932,28.9,43.8,395.0,7.9,132.0,44.2
2026-02-20 07:00:00,29.4,24.282566,16.92383,1017.2956,30.0,93.6,347.0,5.6,142.0,55.86
2026-02-20 08:00:00,30.05,22.992672,14.517644,1016.598,30.0,96.9,331.0,4.1,148.0,57.2
2026-02-20 09:00:00,30.45,22.0122,13.638489,1015.2999,27.7,83.4,330.0,3.4,151.0,53.69
2026-02-20 10:00:00,30.6,21.748978,13.443481,1014.501,25.6,68.5,334.0,3.2,153.0,49.93
2026-02-20 11:00:00,30.4,22.151472,13.737904,1014.10095,25.8,57.9,353.0,3.8,152.0,47.85
2026-02-20 12:00:00,29.8,22.84908,13.719023,1014.09937,21.5,37.4,404.0,6.6,152.0,42.02
2026-02-20 13:00:00,28.85,25.153372,13.789691,1014.49646,22.2,30.4,525.0,12.6,137.0,39.62
2026-02-20 14:00:00,27.8,29.916943,12.492829,1015.09326,25.6,30.5,679.0,20.9,116.0,39.44
2026-02-20 15:00:00,27.15,32.910103,11.074023,1015.59094,27.1,31.3,765.0,27.5,98.0,38.64
2026-02-20 16:00:00,26.3,34.714993,12.503199,1015.7884,28.3,32.6,727.0,31.3,84.0,37.96
2026-02-20 17:00:00,25.3,36.83467,12.483748,1015.7859,30.0,34.6,621.0,33.4,72.0,37.73
2026-02-20 18:00:00,24.5,39.818974,11.1090765,1015.5839,32.1,36.2,522.0,33.0,67.0,38.29
2026-02-20 19:00:00,24.05,40.77106,11.672275,1015.2828,32.1,35.5,449.0,28.7,71.0,38.1
2026-02-20 20:00:00,23.4,42.397877,11.770403,1015.0812,29.7,32.7,382.0,21.9,81.0,36.82
2026-02-20 21:00:00,22.95,43.42125,11.203464,1014.58026,27.2,29.9,334.0,15.9,90.0,35.46
2026-02-20 22:00:00,22.7,43.351353,11.679212,1014.08,25.3,28.0,293.0,11.1,98.0,34.62
2026-02-20 23:00:00,22.45,43.281357,11.9466305,1013.8796,24.1,27.0,271.0,7.2,105.0,34.28
2026-02-21 00:00:00,22.3,44.716686,12.193589,1013.47955,23.6,23.7,311.0,6.0,109.0,33.79
2026-02-21 01:00:00,22.1,45.264545,11.931705,1013.57886,24.0,25.8,478.0,11.8,100.0,33.93
2026-02-21 02:00:00,21.8,46.25535,11.414043,1014.0775,25.6,27.8,708.0,19.7,89.0,34.66
2026-02-21 03:00:00,22.35,44.73057,11.304229,1014.5787,28.8,31.0,847.0,24.0,87.0,37.25
2026-02-21 04:00:00,24.35,39.51092,8.55142,1015.0837,31.1,33.4,809.0,21.4,101.0,40.59
2026-02-21 05:00:00,27.1,33.565384,8.099999,1015.1912,29.5,37.6,680.0,15.4,125.0,43.33
2026-02-21 06:00:00,28.95,29.040113,5.4477882,1015.0964,33.5,107.1,571.0,10.2,146.0,61.6
2026-02-21 07:00:00,29.8,24.892654,3.604497,1014.29913,41.6,179.3,524.0,7.4,162.0,82.07
2026-02-21 08:00:00,30.1,25.659842,8.149847,1013.0008,42.1,175.1,496.0,5.5,176.0,83.3
2026-02-21 09:00:00,30.3,28.06608,12.738099,1011.7026,43.2,164.8,469.0,4.8,186.0,83.18
2026-02-21 10:00:00,29.75,32.010838,15.990646,1010.7018,43.9,156.0,415.0,5.1,193.0,82.87
2026-02-21 11:00:00,29.65,26.601635,15.629971,1010.1019,43.5,148.5,362.0,6.7,195.0,81.7
2026-02-21 12:00:00,28.85,26.296324,13.902014,1010.1,39.5,124.8,377.0,10.2,197.0,75.79
2026-02-21 13:00:00,27.8,30.426683,11.362834,1010.4969,39.6,92.2,533.0,17.8,173.0,66.86
2026-02-21 14:00:00,26.25,37.725704,8.885877,1010.39276,39.5,77.5,756.0,28.3,139.0,60.34
2026-02-21 15:00:00,25.2,41.504772,8.825508,1010.48987,39.1,87.5,897.0,36.0,112.0,59.25
2026-02-21 16:00:00,24.45,43.98406,8.827344,1010.68744,40.3,98.0,882.0,38.4,98.0,60.21
2026-02-21 17:00:00,24.0,46.39715,9.195868,1010.58636,41.2,100.4,784.0,38.0,91.0,60.03
2026-02-21 18:00:00,23.2,53.024235,9.236298,1010.3846,41.7,99.0,672.0,36.4,86.0,59.01
2026-02-21 19:00:00,22.6,60.219727,9.437563,1010.1828,41.6,95.2,553.0,33.8,83.0,57.36
2026-02-21 20:00:00,21.85,68.30588,10.571074,1009.981,40.9,89.4,420.0,30.0,83.0,55.28
2026-02-21 21:00:00,21.55,72.74666,9.92778,1009.58044,38.4,81.3,326.0,25.7,84.0,51.92
2026-02-21 22:00:00,21.25,77.460724,8.65873,1008.98004,34.7,71.9,277.0,19.3,90.0,48.12
2026-02-21 23:00:00,21.0,80.16423,7.193247,1008.7795,31.2,61.5,268.0,12.4,97.0,44.31
2026-02-22 00:00:00,20.4,83.97262,5.7628117,1008.5781,29.2,52.5,332.0,10.9,98.0,41.44
2026-02-22 01:00:00,20.65,84.5307,7.0223074,1008.97833,29.6,49.6,556.0,24.7,82.0,40.73
2026-02-22 02:00:00,20.75,86.96201,7.6579366,1009.1786,33.9,52.7,854.0,43.0,61.0,43.09
2026-02-22 03:00:00,21.3,87.01274,8.197414,1009.67975,43.7,58.9,1005.0,52.1,55.0,49.7
2026-02-22 04:00:00,23.25,77.03583,8.085988,1010.2846,36.0,44.9,863.0,42.8,78.0,45.1
2026-02-22 05:00:00,25.05,63.13693,10.088033,1010.5891,29.1,38.0,574.0,24.3,116.0,43.2
2026-02-22 06:00:00,26.85,51.602673,12.522619,1010.4942,26.1,38.8,354.0,9.8,146.0,44.18
2026-02-22 07:00:00,27.55,47.509636,13.945064,1009.7967,25.0,38.9,295.0,4.9,157.0,44.56
2026-02-22 08:00:00,27.75,47.41102,14.410121,1008.9977,23.7,37.5,306.0,4.1,160.0,43.96
2026-02-22 09:00:00,27.9,45.513336,14.658676,1007.9991,23.1,36.4,328.0,4.4,159.0,43.34
2026-02-22 10:00:00,27.7,45.60569,14.168641,1007.19916,22.9,36.2,332.0,4.2,156.0,42.72
2026-02-22 11:00:00,26.95,51.628498,13.432632,1006.79755,23.0,36.9,348.0,5.1,149.0,42.0
2026-02-22 12:00:00,25.9,58.34484,11.545284,1006.59485,21.4,36.1,405.0,9.7,141.0,40.53
2026-02-22 13:00:00,24.85,65.524765,9.600937,1006.99176,24.7,38.2,546.0,19.6,120.0,40.93
2026-02-22 14:00:00,23.75,74.28299,7.44121,1007.3882,29.9,38.8,729.0,33.2,92.0,41.49
2026-02-22 15:00:00,23.15,80.45184,6.4096174,1007.78625,32.6,40.3,859.0,43.0,70.0,41.31
2026-02-22 16:00:00,22.7,84.22713,8.244708,1008.28467,33.8,41.2,902.0,45.8,61.0,41.16
2026-02-22 17:00:00,22.35,86.30375,8.461915,1008.38367,34.0,41.8,893.0,44.9,59.0,40.94
2026-02-22 18:00:00,21.95,87.07231,7.0107627,1008.2828,34.7,42.7,840.0,42.3,60.0,41.24
2026-02-22 19:00:00,21.85,87.333855,7.731623,1008.3823,34.8,42.6,720.0,38.0,62.0,40.92
2026-02-22 20:00:00,21.45,89.21868,7.172949,1008.481,34.6,42.5,556.0,32.1,67.0,40.66
2026-02-22 21:00:00,21.25,89.75953,6.519877,1008.38055,33.1,42.1,426.0,26.4,72.0,39.73
2026-02-22 22:00:00,21.1,90.87135,7.0774574,1007.98047,29.6,38.4,322.0,19.9,77.0,37.02
2026-02-22 23:00:00,20.9,91.99493,7.4672885,1007.6802,27.1,36.3,253.0,13.7,82.0,35.16
2026-02-23 00:00:00,20.4,91.10897,6.391901,1007.17926,28.0,37.7,321.0,12.8,82.0,35.76
2026-02-23 01:00:00,20.35,91.96276,6.66,1007.67883,30.7,42.0,687.0,23.7,66.0,37.21
2026-02-23 02:00:00,20.05,93.684135,6.1120534,1008.4772,38.6,51.1,1190.0,38.3,46.0,42.16
2026-02-23 03:00:00,20.3,93.40446,5.3426957,1009.3772,50.9,60.5,1449.0,45.6,40.0,50.39
2026-02-23 04:00:00,21.85,88.42406,3.7064266,1009.981,47.6,57.3,1219.0,38.6,64.0,50.65
2026-02-23 05:00:00,24.4,73.01618,7.79215,1010.3877,32.5,49.6,745.0,24.4,103.0,45.28
2026-02-23 06:00:00,26.5,58.487164,7.388775,1010.2935,30.2,67.8,383.0,12.9,133.0,50.54
2026-02-23 07:00:00,27.95,47.16176,8.936777,1009.69775,32.2,86.8,282.0,7.9,146.0,56.54
2026-02-23 08:00:00,28.65,43.01248,10.546525,1008.80035,32.6,92.4,292.0,5.6,150.0,58.12
2026-02-23 09:00:00,28.8,42.093727,11.238113,1008.0014,31.8,92.0,320.0,4.8,150.0,57.52
2026-02-23 10:00:00,28.5,43.950806,10.9859,1007.3012,31.1,89.6,326.0,4.7,146.0,56.08
2026-02-23 11:00:00,27.9,48.215546,10.134495,1006.9,30.5,86.8,349.0,6.1,138.0,54.22
2026-02-23 12:00:00,26.85,53.953472,11.521406,1006.8971,31.1,82.2,419.0,11.4,130.0,53.2
2026-02-23 13:00:00,25.2,62.97112,10.34178,1007.69214,32.2,80.3,580.0,22.2,109.0,51.84
2026-02-23 14:00:00,23.6,74.95699,8.643749,1008.1873,34.6,65.9,787.0,36.9,79.0,47.86
2026-02-23 15:00:00,23.05,81.44385,6.603817,1008.9851,35.5,62.4,935.0,47.7,56.0,45.78
2026-02-23 16:00:00,22.7,85.276535,7.754637,1009.4837,35.3,61.0,969.0,50.7,47.0,44.5
2026-02-23 17:00:00,22.25,88.73062,8.305396,1009.58234,35.0,59.5,944.0,49.6,44.0,43.44
2026-02-23 18:00:00,21.9,92.052925,3.4152596,1009.88116,35.7,58.6,915.0,47.7,42.0,43.02
2026-02-23 19:00:00,21.65,92.60855,4.5891175,1009.88055,37.0,58.6,916.0,46.5,39.0,43.04
2026-02-23 20:00:00,21.1,94.60639,5.7964473,1009.67914,36.9,61.0,913.0,44.4,36.0,42.71
2026-02-23 21:00:00,20.6,95.76668,6.804381,1009.2781,36.2,64.0,858.0,40.6,36.0,42.39
2026-02-23 22:00:00,20.25,96.9519,6.0908127,1009.07745,36.6,68.7,674.0,32.8,41.0,43.11
2026-02-23 23:00:00,20.05,97.2489,7.24486,1008.7769,35.9,70.8,438.0,23.3,49.0,42.96
2026-02-24 00:00:00,19.65,97.54389,7.5942082,1008.77576,40.7,77.5,330.0,18.3,51.0,46.24
2026-02-24 01:00:00,19.35,99.68932,7.968939,1009.17474,41.0,78.9,472.0,22.5,45.0,46.4
2026-02-24 02:00:00,19.1,99.68873,8.155807,1009.8733,43.5,82.4,743.0,28.0,37.0,47.98
2026-02-24 03:00:00,19.15,98.760574,8.163749,1010.6729,45.9,84.3,955.0,31.0,39.0,50.31
2026-02-24 04:00:00,20.25,91.09927,4.942631,1011.47546,41.9,85.2,1040.0,29.3,59.0,51.24
2026-02-24 05:00:00,23.65,68.661156,2.1674871,1011.6845,40.2,104.1,1067.0,25.0,89.0,58.02
2026-02-24 06:00:00,26.85,51.602673,2.0124612,1011.79315,37.1,94.8,1053.0,20.1,114.0,57.62
2026-02-24 07:00:00,28.75,40.47811,5.5829024,1011.19885,22.2,51.5,989.0,14.3,127.0,42.6
2026-02-24 08:00:00,29.5,39.26552,7.596341,1010.4013,18.0,31.9,883.0,7.9,135.0,36.82
2026-02-24 09:00:00,29.95,37.76873,9.82114,1009.6033,18.0,31.5,783.0,4.4,139.0,36.81
2026-02-24 10:00:00,29.8,37.84967,11.236671,1009.10333,18.4,33.8,686.0,5.3,139.0,37.6
2026-02-24 11:00:00,28.95,38.85923,12.870944,1008.60156,21.3,42.6,594.0,9.0,135.0,40.77
2026-02-24 12:00:00,28.05,41.07847,12.9625,1008.2992,29.2,63.1,556.0,15.8,121.0,47.74
2026-02-24 13:00:00,26.75,51.248394,10.03167,1008.79535,31.0,63.6,596.0,21.8,104.0,47.09
2026-02-24 14:00:00,25.7,55.76008,7.7983837,1009.59186,32.5,62.9,689.0,30.1,81.0,45.5
2026-02-24 15:00:00,24.85,60.548294,8.404285,1010.28906,30.7,56.6,814.0,36.3,62.0,41.42
2026-02-24 16:00:00,24.15,61.552864,7.001514,1010.6868,29.7,50.9,1019.0,38.6,53.0,38.77
2026-02-24 17:00:00,23.8,60.886936,5.6060677,1011.0856,29.1,47.5,1254.0,38.9,49.0,37.24
2026-02-24 18:00:00,23.0,69.84785,4.4565907,1011.18335,28.9,44.6,1350.0,38.2,46.0,36.0
2026-02-24 19:00:00,22.55,68.44471,6.7397914,1011.0821,28.5,41.9,1187.0,36.4,43.0,34.54
2026-02-24 20:00:00,21.9,71.20733,7.2,1010.9802,27.3,38.8,886.0,33.7,42.0,32.76
2026-02-24 21:00:00,21.45,76.03433,6.7565966,1010.67926,25.9,35.5,631.0,31.3,40.0,30.74
2026-02-24 22:00:00,20.95,80.919945,7.4520864,1010.4781,25.3,33.6,451.0,28.9,38.0,29.4
2026-02-24 23:00:00,20.5,83.19332,5.634891,1010.1771,25.4,33.1,318.0,26.8,36.0,28.74
2026-02-25 00:00:00,19.95,87.43665,1.9386592,1010.2755,31.7,43.9,339.0,32.6,29.0,33.87
2026-02-25 01:00:00,19.9,87.15724,3.4388947,1010.6752,33.3,45.5,659.0,37.8,19.0,34.27
2026-02-25 02:00:00,19.4,85.20159,6.151683,1011.3729,38.6,51.0,1133.0,44.7,7.0,37.26
2026-02-25 03:00:00,20.25,72.74889,5.3517847,1012.075,52.4,62.9,1430.0,47.5,10.0,47.41
2026-02-25 04:00:00,23.15,54.5898,3.148714,1012.7822,42.5,53.2,1382.0,42.8,40.0,44.31
2026-02-25 05:00:00,26.4,39.430695,2.4216523,1012.8911,30.0,42.3,1157.0,34.1,84.0,41.18
2026-02-25 06:00:00,28.25,37.4176,3.563818,1013.09607,26.0,36.9,929.0,25.5,120.0,42.2
2026-02-25 07:00:00,29.1,42.859665,7.344794,1012.2988,25.4,37.5,737.0,17.5,139.0,43.68
2026-02-25 08:00:00,28.55,58.60401,11.500296,1011.398,20.9,29.6,543.0,9.7,149.0,40.18
2026-02-25 09:00:00,28.6,53.545345,12.750811,1010.499,19.5,26.7,406.0,5.1,153.0,38.8
2026-02-25 10:00:00,28.75,48.287304,12.287555,1009.9998,19.3,26.3,357.0,5.5,149.0,38.08
2026-02-25 11:00:00,28.15,51.937054,13.397612,1009.8982,20.7,29.6,365.0,9.2,138.0,38.35
2026-02-25 12:00:00,27.15,49.898087,13.905509,1009.7955,25.4,35.5,403.0,14.1,138.0,42.62
2026-02-25 13:00:00,26.05,58.012394,12.576836,1010.0924,25.0,34.1,486.0,21.4,115.0,39.78
2026-02-25 14:00:00,24.65,71.04118,10.062305,1010.5882,25.4,33.4,598.0,31.3,83.0,36.53
2026-02-25 15:00:00,24.15,74.118675,9.54679,1011.2864,24.9,32.9,663.0,38.4,59.0,33.64
2026-02-25 16:00:00,23.8,74.52351,8.507737,1012.0848,25.0,33.1,643.0,40.0,50.0,32.62
2026-02-25 17:00:00,23.5,75.41014,5.3699164,1012.38354,25.4,33.5,576.0,38.7,49.0,32.56
2026-02-25 18:00:00,23.2,78.23826,5.0432134,1012.48285,26.0,34.5,504.0,36.4,49.0,32.71
2026-02-25 19:00:00,22.65,82.92549,6.391901,1012.28143,26.0,34.6,432.0,33.2,49.0,32.25
2026-02-25 20:00:00,22.05,87.89471,7.0107627,1011.9798,25.1,34.0,355.0,29.0,50.0,31.2
2026-02-25 21:00:00,21.7,91.47461,5.0975285,1011.4792,23.9,32.8,298.0,25.0,52.0,30.06
2026-02-25 22:00:00,21.2,94.610344,5.3426957,1010.87854,22.6,31.3,233.0,20.6,54.0,28.75
2026-02-25 23:00:00,20.9,96.36979,7.4520864,1010.5778,21.4,29.4,187.0,16.3,57.0,27.58
2026-02-26 00:00:00,20.7,94.00553,6.048107,1010.57745,19.8,28.2,268.0,13.6,62.0,26.88
2026-02-26 01:00:00,20.45,93.1215,4.5820518,1010.5765,19.2,27.1,616.0,20.7,53.0,26.08
2026-02-26 02:00:00,19.65,96.03582,4.5,1010.97394,21.1,28.1,1091.0,30.1,41.0,26.84
2026-02-26 03:00:00,19.8,93.088585,6.59154,1011.37427,26.3,32.0,1373.0,35.1,39.0,30.66
2026-02-26 04:00:00,22.45,76.19246,1.3708391,1011.8812,27.2,33.1,1285.0,31.6,54.0,33.06
2026-02-26 05:00:00,24.5,71.01363,5.8048253,1012.18665,24.3,31.9,1004.0,23.6,79.0,33.92
2026-02-26 06:00:00,26.95,59.147648,6.114703,1012.19324,22.5,29.6,745.0,16.4,102.0,34.93
2026-02-26 07:00:00,28.6,55.42133,8.281956,1011.2984,21.6,28.2,568.0,11.1,120.0,36.11
2026-02-26 08:00:00,29.4,54.759502,10.819482,1010.3011,21.5,27.8,413.0,6.5,136.0,37.69
2026-02-26 09:00:00,30.05,50.969933,12.351987,1009.2038,20.5,26.5,311.0,4.3,143.0,37.64
2026-02-26 10:00:00,30.1,47.884556,14.618837,1008.1047,20.1,26.3,284.0,5.3,137.0,36.66
2026-02-26 11:00:00,29.75,44.00974,14.348156,1007.70416,20.7,27.7,311.0,8.7,122.0,35.5
2026-02-26 12:00:00,29.4,37.12873,13.021106,1007.40344,22.4,28.3,355.0,13.1,112.0,35.62
2026-02-26 13:00:00,27.9,42.66792,12.431734,1007.69934,22.4,27.6,424.0,18.9,94.0,33.66
2026-02-26 14:00:00,25.95,52.200653,10.658068,1007.7938,22.1,27.0,511.0,26.6,70.0,30.94
2026-02-26 15:00:00,25.1,57.600845,10.464798,1008.49115,21.7,27.8,560.0,31.2,53.0,29.04
2026-02-26 16:00:00,24.5,63.617092,11.722133,1008.8893,21.9,30.3,545.0,29.7,52.0,29.26
2026-02-26 17:00:00,24.2,63.551582,12.781267,1008.8883,22.3,32.9,492.0,25.0,60.0,30.48
2026-02-26 18:00:00,23.95,64.10462,13.110376,1008.9876,23.1,35.7,430.0,20.7,66.0,31.7
2026-02-26 19:00:00,23.85,62.67215,13.1041975,1008.7874,23.8,38.2,356.0,17.9,68.0,32.43
2026-02-26 20:00:00,23.6,58.73102,12.9625,1008.48706,24.0,39.8,273.0,15.4,68.0,32.47
2026-02-26 21:00:00,23.15,59.768257,12.261157,1008.38586,23.5,39.9,213.0,13.1,69.0,32.04
2026-02-26 22:00:00,22.8,62.638157,11.525623,1007.88525,22.4,38.9,178.0,10.2,71.0,31.16
2026-02-26 23:00:00,22.3,73.80576,11.782784,1007.6842,21.2,37.1,166.0,7.6,74.0,30.26
2026-02-27 00:00:00,21.8,84.12825,12.13499,1007.58276,20.4,35.7,209.0,8.3,71.0,29.24
2026-02-27 01:00:00,21.55,89.22641,11.19189,1007.8818,20.3,35.3,369.0,14.9,63.0,28.9
2026-02-27 02:00:00,21.4,92.309166,10.472536,1008.1813,21.9,36.7,584.0,23.7,52.0,29.64
2026-02-27 03:00:00,22.1,90.377945,9.449572,1008.98254,25.7,39.9,700.0,28.3,51.0,32.73
2026-02-27 04:00:00,23.9,80.05473,9.56713,1009.4872,25.9,44.9,619.0,24.7,68.0,35.84
2026-02-27 05:00:00,25.85,63.113945,9.721666,1009.49225,25.5,49.2,438.0,16.9,94.0,39.22
2026-02-27 06:00:00,27.15,54.37193,11.39842,1009.3959,24.6,48.0,299.0,10.4,115.0,40.71
2026-02-27 07:00:00,27.5,54.976933,14.410121,1008.8972,22.7,42.1,257.0,7.3,128.0,40.07
2026-02-27 08:00:00,27.5,54.287712,15.275627,1008.09784,22.2,39.7,256.0,5.5,135.0,40.12
2026-02-27 09:00:00,27.55,53.78837,15.577022,1007.2987,22.2,39.0,266.0,4.8,138.0,40.32
2026-02-27 10:00:00,27.25,54.741795,15.410776,1006.5983,22.0,38.6,273.0,4.8,134.0,39.54
2026-02-27 11:00:00,26.65,58.522663,15.342294,1006.29694,21.7,38.8,292.0,5.9,124.0,38.1
2026-02-27 12:00:00,25.75,63.29031,14.138882,1005.8948,22.6,40.5,330.0,9.1,111.0,37.42
2026-02-27 13:00:00,24.75,71.94995,12.5032,1006.29193,23.8,42.6,409.0,15.0,99.0,37.52
2026-02-27 14:00:00,23.9,79.80772,10.495713,1006.4896,25.4,39.7,507.0,23.2,82.0,36.42
2026-02-27 15:00:00,23.6,81.76537,10.163227,1007.1881,26.8,41.1,574.0,29.6,68.0,36.26
2026-02-27 16:00:00,23.3,83.7741,10.070353,1007.68677,28.1,42.0,590.0,33.1,61.0,36.57
2026-02-27 17:00:00,23.05,85.04959,9.580668,1007.7861,29.1,42.8,574.0,34.8,58.0,37.03
2026-02-27 18:00:00,23.1,81.95676,9.257321,1007.5865,29.8,43.5,532.0,34.4,57.0,37.31
2026-02-27 19:00:00,22.9,83.72923,8.311245,1007.7857,29.3,44.0,449.0,30.6,60.0,37.04
2026-02-27 20:00:00,22.7,84.75042,8.553314,1007.48535,27.6,43.4,340.0,24.7,66.0,36.08
2026-02-27 21:00:00,22.55,84.997444,9.087772,1007.18524,26.0,43.9,258.0,19.5,71.0,35.36
2026-02-27 22:00:00,22.3,86.29894,8.297589,1006.8849,24.2,43.1,211.0,15.4,73.0,33.98
2026-02-27 23:00:00,21.95,88.70652,7.9526596,1006.6841,22.2,40.9,192.0,12.1,75.0,32.34
2026-02-28 00:00:00,21.8,88.146194,8.836514,1006.48364,20.4,40.5,231.0,10.3,76.0,31.24
2026-02-28 01:00:00,21.8,88.69444,9.54,1006.8833,19.8,38.8,393.0,15.9,70.0,30.54
2026-02-28 02:00:00,21.6,89.78524,9.82279,1007.6823,21.4,40.9,614.0,23.2,62.0,31.66
2026-02-28 03:00:00,22.3,86.29894,9.346143,1008.5835,24.8,45.3,730.0,26.8,64.0,35.08
2026-02-28 04:00:00,24.3,76.00857,10.03167,1009.1884,26.0,52.0,635.0,22.9,84.0,39.44
2026-02-28 05:00:00,26.05,62.76333,11.003581,1009.49286,26.7,75.0,435.0,15.2,113.0,47.58
2026-02-28 06:00:00,27.3,54.409397,11.688918,1009.7961,30.0,99.0,283.0,8.9,135.0,56.38
2026-02-28 07:00:00,28.0,52.227768,12.616703,1009.3984,31.2,106.9,240.0,6.0,144.0,59.48
2026-02-28 08:00:00,28.3,50.517784,14.230248,1008.5996,30.5,102.7,245.0,4.5,147.0,58.52
2026-02-28 09:00:00,28.25,50.345055,14.970331,1007.80023,29.8,98.7,263.0,4.2,145.0,57.02
2026-02-28 10:00:00,28.1,48.73223,14.401124,1007.39996,29.4,96.2,281.0,4.7,140.0,55.64
2026-02-28 11:00:00,27.7,46.94395,13.207634,1007.09924,28.8,92.7,312.0,6.4,130.0,53.4
2026-02-28 12:00:00,26.65,55.11419,12.472065,1006.89655,25.9,76.6,359.0,10.4,118.0,47.53
2026-02-28 13:00:00,25.15,67.673676,11.866355,1007.2921,25.8,70.5,441.0,17.8,101.0,44.82
2026-02-28 14:00:00,23.8,81.287125,10.829958,1007.6883,26.8,56.8,538.0,27.9,79.0,40.79
2026-02-28 15:00:00,23.25,85.33286,10.261579,1008.38617,26.8,53.9,596.0,35.0,61.0,38.58
2026-02-28 16:00:00,22.95,86.89518,10.4166975,1008.98474,26.5,51.3,581.0,36.3,54.0,37.06
2026-02-28 17:00:00,22.55,88.75471,10.3480425,1009.48334,26.4,49.1,527.0,34.6,53.0,36.16
2026-02-28 18:00:00,22.3,90.11374,8.669949,1009.5827,26.1,48.1,477.0,32.2,52.0,35.3
2026-02-28 19:00:00,22.1,90.937065,6.601363,1009.682,26.0,47.6,447.0,29.7,51.0,34.62
2026-02-28 20:00:00,21.85,91.48383,6.2483597,1009.38153,26.0,48.3,421.0,26.5,52.0,34.44
2026-02-28 21:00:00,21.5,92.88694,6.452441,1008.9809,26.0,49.0,393.0,23.3,52.0,34.1
2026-02-28 22:00:00,21.2,93.7373,6.854195,1008.7802,26.3,50.3,337.0,19.1,53.0,34.02
2026-02-28 23:00:00,21.15,94.02536,6.552099,1008.5804,26.5,51.1,279.0,14.8,55.0,33.94
2026-03-01 00:00:00,21.2,94.318565,6.9480934,1008.5804,26.5,49.2,285.0,11.9,56.0,33.28
2026-03-01 01:00:00,20.95,95.18745,5.6060677,1009.1792,28.5,50.6,432.0,18.0,49.0,34.42
2026-03-01 02:00:00,20.75,95.77141,5.48631,1009.67816,33.4,56.5,644.0,26.1,40.0,37.92
2026-03-01 03:00:00,20.9,92.8557,4.510787,1010.378,38.8,61.5,760.0,30.1,42.0,42.52
2026-03-01 04:00:00,22.45,82.1317,5.0975285,1011.4815,34.6,59.5,684.0,26.2,64.0,42.73
2026-03-01 05:00:00,24.35,68.36737,5.5829024,1011.7863,29.3,56.6,512.0,18.3,97.0,43.26
2026-03-01 06:00:00,26.2,59.908195,6.4323244,1011.69147,27.2,51.0,373.0,11.8,125.0,44.32
2026-03-01 07:00:00,27.2,56.30547,10.436895,1011.19464,25.3,45.1,313.0,8.5,145.0,44.7
2026-03-01 08:00:00,27.2,58.4689,13.130133,1010.4952,23.6,40.7,285.0,6.5,160.0,44.92
2026-03-01 09:00:00,27.25,55.787987,13.397612,1009.69586,23.6,39.7,276.0,5.8,166.0,45.51
2026-03-01 10:00:00,27.0,56.25669,13.217443,1009.09576,22.8,38.4,277.0,5.8,161.0,44.1
2026-03-01 11:00:00,26.55,57.4028,12.55879,1008.8947,22.2,38.5,296.0,7.2,147.0,41.93
2026-03-01 12:00:00,25.65,60.732025,11.755254,1008.69257,18.3,30.5,346.0,10.8,128.0,36.07
2026-03-01 13:00:00,24.5,68.61167,10.534229,1009.0891,17.9,29.3,450.0,18.6,109.0,33.95
2026-03-01 14:00:00,23.4,76.81889,8.825508,1009.48566,20.9,30.3,586.0,29.6,82.0,33.25
2026-03-01 15:00:00,22.9,80.9204,7.8625183,1010.08386,23.5,33.5,698.0,38.8,60.0,33.27
2026-03-01 16:00:00,22.6,83.177505,7.3094187,1010.68243,25.4,35.7,768.0,44.9,48.0,33.78
2026-03-01 17:00:00,22.2,85.22504,6.1858225,1011.28094,27.8,38.0,815.0,49.2,41.0,35.03
2026-03-01 18:00:00,22.0,86.80719,5.6920996,1011.3803,30.5,40.4,835.0,51.0,37.0,36.53
2026-03-01 19:00:00,21.75,87.86884,5.09435,1011.5795,31.9,41.6,828.0,49.6,36.0,37.11
2026-03-01 20:00:00,21.3,90.32236,4.724786,1011.37836,31.8,41.9,795.0,45.6,39.0,36.97
2026-03-01 21:00:00,20.8,93.42863,4.5891175,1011.077,31.2,42.7,733.0,40.3,43.0,36.63
2026-03-01 22:00:00,20.45,95.76199,4.829907,1010.8762,29.8,41.4,609.0,32.3,49.0,35.38
2026-03-01 23:00:00,20.3,96.35354,5.509882,1010.876,28.7,39.6,456.0,22.9,57.0,34.26
2026-03-02 00:00:00,20.65,96.36302,6.618519,1010.97675,25.8,35.6,374.0,15.1,64.0,31.88
2026-03-02 01:00:00,20.45,97.55856,6.297428,1011.2759,26.6,36.1,441.0,21.4,54.0,31.83
2026-03-02 02:00:00,20.25,99.07686,5.983477,1011.7752,29.9,39.0,578.0,29.9,42.0,33.54
2026-03-02 03:00:00,20.3,98.7713,5.896202,1012.37476,37.5,42.8,654.0,34.1,41.0,38.58
2026-03-02 04:00:00,22.2,87.09513,7.891311,1013.0795,32.5,39.7,596.0,30.3,62.0,38.04
2026-03-02 05:00:00,24.8,72.40765,5.6492476,1013.3863,26.0,43.0,476.0,22.3,96.0,39.34
2026-03-02 06:00:00,27.2,56.839615,5.771239,1013.5928,25.7,52.3,380.0,15.4,125.0,44.37
2026-03-02 07:00:00,29.0,47.29173,6.9527545,1012.99805,26.6,57.6,340.0,11.3,148.0,48.72
2026-03-02 08:00:00,29.25,51.244488,10.464797,1012.1993,26.5,58.6,325.0,8.3,166.0,51.12
2026-03-02 09:00:00,28.4,58.20583,14.133152,1011.4976,26.1,55.5,323.0,7.1,175.0,51.47
2026-03-02 10:00:00,27.75,56.794178,14.264361,1010.9961,25.6,53.1,334.0,7.7,169.0,49.93
2026-03-02 11:00:00,27.1,58.812984,12.0921955,1010.5949,24.5,51.9,358.0,10.0,153.0,47.08
2026-03-02 12:00:00,25.75,67.58242,10.855358,1010.691,24.9,50.9,391.0,14.1,139.0,45.6
2026-03-02 13:00:00,24.75,73.53179,10.134495,1011.08813,24.4,48.4,435.0,20.5,117.0,42.51
2026-03-02 14:00:00,23.7,80.524414,8.775807,1011.58484,25.9,47.1,487.0,29.4,86.0,39.68
2026-03-02 15:00:00,23.2,84.803314,8.777653,1012.383,26.3,50.2,532.0,37.1,61.0,37.9
2026-03-02 16:00:00,22.95,86.6279,7.2359104,1013.28125,27.5,50.9,570.0,42.8,48.0,37.55
2026-03-02 17:00:00,22.55,88.75471,7.072878,1013.77985,29.6,52.5,601.0,47.3,41.0,38.55
2026-03-02 18:00:00,22.35,92.07883,6.689125,1013.9791,33.2,56.7,611.0,49.2,37.0,40.87
2026-03-02 19:00:00,22.0,93.48612,6.048107,1013.87823,35.6,57.6,596.0,47.5,36.0,41.84
2026-03-02 20:00:00,21.6,95.210526,5.854844,1013.4776,33.5,54.5,561.0,43.1,38.0,39.82
2026-03-02 21:00:00,21.25,96.67652,7.4520864,1013.0767,31.3,54.5,505.0,37.6,41.0,38.34
2026-03-02 22:00:00,20.9,98.47309,7.256032,1012.6761,28.9,52.0,384.0,29.5,47.0,36.32
2026-03-02 23:00:00,21.0,98.77775,10.094454,1012.3766,26.4,48.8,243.0,20.3,55.0,34.25
2026-03-03 00:00:00,21.1,97.87128,8.36758,1012.4768,27.9,49.2,210.0,20.4,46.0,33.75
2026-03-03 01:00:00,20.35,98.46676,7.3447943,1012.5749,27.0,47.4,396.0,25.2,38.0,32.46
2026-03-03 02:00:00,19.7,99.073006,7.072878,1013.0725,28.8,49.8,691.0,31.5,29.0,33.44
2026-03-03 03:00:00,20.3,94.280754,5.815978,1013.7736,32.6,51.0,892.0,34.4,32.0,36.46
2026-03-03 04:00:00,22.3,79.34004,3.7064266,1014.37885,32.7,54.6,909.0,30.9,59.0,40.76
2026-03-03 05:00:00,25.3,59.32158,3.3481934,1014.7867,31.1,60.1,832.0,24.0,98.0,45.87
2026-03-03 06:00:00,28.45,43.23548,2.5264204,1014.6951,26.7,52.3,732.0,17.6,131.0,46.1
2026-03-03 07:00:00,30.3,33.567795,6.28713,1014.3005,24.3,43.9,607.0,12.6,152.0,45.62
2026-03-03 08:00:00,30.3,35.1407,10.310403,1013.6011,24.4,41.4,458.0,8.0,167.0,46.73
2026-03-03 09:00:00,30.15,33.746986,11.213581,1012.7014,25.0,40.7,357.0,5.4,173.0,47.4
2026-03-03 10:00:00,29.7,35.784294,11.431062,1011.9009,24.7,39.3,333.0,4.5,168.0,46.08
2026-03-03 11:00:00,28.65,46.304092,11.448055,1011.3984,23.2,37.1,358.0,5.5,155.0,43.1
2026-03-03 12:00:00,27.15,56.470882,10.656547,1011.7939,19.4,31.7,420.0,10.8,132.0,37.46
2026-03-03 13:00:00,25.75,65.099556,8.93859,1012.18976,20.5,35.0,549.0,22.5,106.0,36.53
2026-03-03 14:00:00,24.1,77.88501,8.209263,1012.6849,25.5,39.8,715.0,38.7,70.0,37.02
2026-03-03 15:00:00,23.25,84.54752,7.029225,1013.38214,28.5,44.2,816.0,50.8,42.0,37.01
2026-03-03 16:00:00,22.65,87.13604,6.4624763,1013.9801,31.4,47.7,800.0,55.7,31.0,38.25
2026-03-03 17:00:00,22.05,90.653786,8.133928,1014.37787,32.9,50.1,718.0,56.5,28.0,39.14
2026-03-03 18:00:00,21.55,95.79646,9.080639,1014.3765,33.3,51.5,621.0,54.3,28.0,39.3
2026-03-03 19:00:00,21.3,97.27451,10.583326,1014.1761,32.4,51.1,512.0,48.1,31.0,38.29
2026-03-03 20:00:00,20.95,98.47366,9.504272,1013.87537,30.5,50.3,389.0,38.9,38.0,36.84
2026-03-03 21:00:00,20.8,98.47194,10.086427,1013.47504,28.3,49.1,293.0,30.6,44.0,35.16
2026-03-03 22:00:00,20.9,94.59844,8.39657,1012.9758,26.5,47.8,233.0,23.7,48.0,33.57
2026-03-03 23:00:00,20.55,95.76516,7.3469996,1012.775,25.7,48.2,201.0,17.7,51.0,32.8
2026-03-04 00:00:00,20.2,97.553986,7.193247,1012.67413,29.1,54.9,216.0,16.8,47.0,35.1
2026-03-04 01:00:00,20.1,95.45358,5.9834766,1013.47314,30.9,57.7,321.0,21.1,43.0,36.6
2026-03-04 02:00:00,19.9,96.94391,5.2478566,1014.07245,34.7,63.8,472.0,26.7,38.0,39.82
2026-03-04 03:00:00,20.3,94.868935,5.983477,1014.97266,37.6,68.5,561.0,28.9,41.0,42.98
2026-03-04 04:00:00,22.1,82.86063,7.5942082,1015.6771,32.7,68.2,524.0,24.4,59.0,42.5
2026-03-04 05:00:00,24.05,70.70898,5.4149795,1016.08215,29.7,63.6,425.0,16.4,85.0,42.78
2026-03-04 06:00:00,26.2,52.76892,7.3447943,1015.98804,27.4,54.9,341.0,10.0,108.0,42.38
2026-03-04 07:00:00,27.45,47.330704,10.464797,1015.5919,25.4,47.6,299.0,7.0,124.0,41.87
2026-03-04 08:00:00,27.85,46.683956,11.453715,1014.89343,23.3,41.1,273.0,5.5,136.0,41.1
2026-03-04 09:00:00,28.05,43.125713,12.287555,1013.9947,21.3,35.6,263.0,5.2,141.0,39.7
2026-03-04 10:00:00,27.7,42.75128,12.74954,1013.3942,19.6,31.4,271.0,5.5,138.0,37.61
2026-03-04 11:00:00,27.0,45.122425,12.638513,1012.7927,18.6,28.5,295.0,6.9,129.0,35.39
2026-03-04 12:00:00,25.45,60.49469,12.791403,1012.6887,16.5,25.2,334.0,10.5,111.0,31.52
2026-03-04 13:00:00,24.25,69.865486,12.0720825,1013.0853,16.9,24.6,403.0,18.7,94.0,30.28
2026-03-04 14:00:00,23.15,76.06417,11.334284,1013.58167,20.7,26.6,487.0,29.9,70.0,30.66
2026-03-04 15:00:00,22.7,75.2808,11.132385,1014.27985,21.9,27.8,540.0,37.1,53.0,30.03
2026-03-04 16:00:00,22.3,77.13255,9.19939,1014.8784,21.4,27.0,544.0,36.9,49.0,28.98
2026-03-04 17:00:00,21.75,80.26524,8.242743,1014.97675,20.5,25.1,516.0,32.8,51.0,27.84
2026-03-04 18:00:00,21.4,84.08401,8.699793,1014.97577,19.4,23.1,469.0,28.1,55.0,26.78
2026-03-04 19:00:00,21.3,85.398224,8.723967,1014.67566,17.9,21.0,390.0,23.6,59.0,25.54
2026-03-04 20:00:00,21.05,87.5347,8.699793,1014.2754,15.8,18.4,290.0,18.5,64.0,23.96
2026-03-04 21:00:00,20.8,88.337006,9.179999,1013.7748,13.6,15.9,215.0,14.3,68.0,22.32
2026-03-04 22:00:00,20.7,87.77789,9.582358,1013.2752,12.0,14.2,168.0,10.9,70.0,20.98
2026-03-04 23:00:00,20.65,89.7152,9.983106,1012.9751,10.8,12.9,145.0,8.3,71.0,19.88
2026-03-05 00:00:00,20.9,93.43345,11.003581,1012.6761,10.0,12.7,181.0,8.5,70.0,19.32
2026-03-05 01:00:00,21.0,92.57342,10.609316,1013.1759,10.3,12.7,342.0,14.7,63.0,19.35
2026-03-05 02:00:00,20.9,91.424995,10.3621235,1013.4754,12.5,14.8,561.0,22.8,53.0,20.58
2026-03-05 03:00:00,21.8,86.25066,9.568824,1014.0775,16.6,19.0,675.0,26.9,52.0,23.94
2026-03-05 04:00:00,24.0,73.17476,12.57426,1014.4832,16.2,19.8,579.0,22.8,67.0,25.53
2026-03-05 05:00:00,25.9,60.980907,14.508715,1014.8882,14.7,19.6,377.0,14.6,91.0,27.11
2026-03-05 06:00:00,26.65,58.15537,16.280798,1014.99005,13.4,19.2,225.0,8.0,109.0,28.09
2026-03-05 07:00:00,27.4,53.92086,16.404707,1014.7921,12.5,18.7,187.0,5.2,116.0,28.17
2026-03-05 08:00:00,27.85,50.400726,16.919998,1013.8942,12.0,19.0,198.0,4.1,116.0,27.82
2026-03-05 09:00:00,27.95,45.673416,17.108522,1012.89526,12.0,20.5,217.0,4.0,114.0,27.8
2026-03-05 10:00:00,27.45,46.726315,17.134071,1011.99475,12.8,23.1,229.0,4.4,109.0,28.03
2026-03-05 11:00:00,26.6,52.87103,16.65754,1011.29297,13.9,25.8,250.0,5.8,101.0,28.13
2026-03-05 12:00:00,25.55,61.093582,16.572712,1011.0904,15.6,27.5,280.0,8.5,92.0,28.38
2026-03-05 13:00:00,24.55,67.55368,16.011908,1011.2873,17.1,29.9,330.0,13.8,80.0,28.6
2026-03-05 14:00:00,23.7,75.91391,14.133153,1011.48486,19.6,31.3,389.0,21.1,65.0,28.98
2026-03-05 15:00:00,23.3,82.235435,11.837651,1011.68353,21.0,33.8,431.0,25.8,53.0,29.08
2026-03-05 16:00:00,23.0,85.835266,11.9466305,1012.2824,21.7,35.4,451.0,26.0,50.0,29.33
2026-03-05 17:00:00,22.8,86.61381,11.525623,1012.38165,21.9,36.0,453.0,23.7,51.0,29.36
2026-03-05 18:00:00,22.7,87.40978,12.0653715,1012.4813,22.0,36.1,427.0,20.7,53.0,29.28
2026-03-05 19:00:00,22.7,89.3146,12.6462,1011.78186,21.3,35.3,348.0,17.1,56.0,28.68
2026-03-05 20:00:00,22.6,89.858215,13.021106,1011.2819,19.9,33.6,240.0,12.8,60.0,27.59
2026-03-05 21:00:00,22.55,89.8546,13.493999,1010.88226,18.7,32.0,161.0,9.3,63.0,26.6
2026-03-05 22:00:00,22.35,92.07883,13.708391,1010.1822,17.9,31.3,133.0,6.8,65.0,25.98
2026-03-05 23:00:00,22.5,90.96318,14.275713,1009.9827,17.3,30.2,134.0,5.1,67.0,25.5
2026-03-06 00:00:00,22.55,89.57851,14.887859,1009.6832,17.4,29.9,158.0,5.6,65.0,25.27
2026-03-06 01:00:00,22.7,89.58966,14.414617,1009.8834,18.1,30.3,224.0,9.6,60.0,25.55
2026-03-06 02:00:00,22.5,91.52378,13.327294,1010.2825,19.7,31.7,314.0,14.9,54.0,26.53
2026-03-06 03:00:00,23.4,86.1392,14.101021,1010.98444,22.2,37.1,366.0,17.7,53.0,29.13
2026-03-06 04:00:00,25.05,75.89182,14.545515,1011.48834,21.7,46.8,343.0,15.5,63.0,31.98
2026-03-06 05:00:00,26.4,69.193535,15.299999,1011.8919,22.6,57.5,282.0,10.9,80.0,36.43
2026-03-06 06:00:00,27.75,61.590183,15.146761,1011.9953,24.3,66.8,235.0,7.1,93.0,40.53
2026-03-06 07:00:00,28.65,57.72449,15.84409,1011.6981,25.5,73.6,221.0,5.4,101.0,43.43
2026-03-06 08:00:00,28.95,57.9751,16.02101,1010.8997,26.3,76.1,222.0,4.6,106.0,44.96
2026-03-06 09:00:00,29.0,57.986904,16.215992,1009.9005,26.5,75.2,232.0,4.7,107.0,45.04
2026-03-06 10:00:00,28.75,60.12089,15.405519,1009.20044,27.0,73.1,250.0,5.4,103.0,44.38
2026-03-06 11:00:00,28.15,62.83366,14.297258,1008.59924,27.0,69.4,277.0,7.0,95.0,42.68
2026-03-06 12:00:00,27.2,70.85034,13.055896,1008.29694,24.5,61.2,317.0,10.1,87.0,39.06
2026-03-06 13:00:00,25.9,75.560555,12.358542,1008.59326,24.4,53.9,381.0,16.9,74.0,36.61
2026-03-06 14:00:00,24.75,82.41035,10.853866,1008.98975,25.7,46.8,457.0,26.2,57.0,34.69
2026-03-06 15:00:00,24.15,88.07313,9.54679,1009.4878,26.1,47.6,509.0,32.3,45.0,34.16
2026-03-06 16:00:00,23.8,90.21929,9.0018,1009.7866,26.5,50.9,528.0,32.6,43.0,34.77
2026-03-06 17:00:00,23.55,90.20181,8.64,1009.98584,27.0,54.6,524.0,29.8,46.0,35.79
2026-03-06 18:00:00,23.35,91.01823,8.647496,1009.8854,27.4,56.3,490.0,26.4,49.0,36.27
2026-03-06 19:00:00,23.25,91.84951,8.6867485,1009.78503,27.0,55.9,406.0,23.0,51.0,35.78
2026-03-06 20:00:00,23.1,92.40349,7.922045,1009.5849,26.1,56.1,293.0,19.1,54.0,35.24
2026-03-06 21:00:00,22.95,92.67807,7.2202215,1009.1846,24.6,54.5,209.0,15.6,56.0,33.94
2026-03-06 22:00:00,22.7,93.23372,7.458606,1008.7843,23.4,56.3,151.0,12.4,59.0,33.67
2026-03-06 23:00:00,22.7,91.817055,7.9465466,1008.6844,22.6,59.6,123.0,9.6,62.0,33.96
2026-03-07 00:00:00,22.5,92.93859,7.353611,1008.58386,23.5,64.3,196.0,9.6,61.0,35.2
2026-03-07 01:00:00,22.5,93.50987,7.1389914,1008.8836,24.9,66.4,480.0,15.7,54.0,36.18
2026-03-07 02:00:00,22.1,95.22816,5.904439,1009.682,28.1,71.0,866.0,23.8,45.0,38.57
2026-03-07 03:00:00,23.2,93.54289,6.601363,1010.2846,33.6,81.3,1094.0,28.3,45.0,44.05
2026-03-07 04:00:00,24.8,84.712296,6.0347,1010.7883,32.7,89.4,1014.0,25.9,61.0,47.27
2026-03-07 05:00:00,26.55,75.663506,4.965521,1011.2927,34.0,101.7,777.0,19.9,85.0,53.08
2026-03-07 06:00:00,27.9,68.21595,8.0899935,1011.69617,38.0,122.5,571.0,14.5,107.0,61.72
2026-03-07 07:00:00,28.75,64.33132,10.404249,1011.19885,42.5,143.9,460.0,10.9,125.0,70.41
2026-03-07 08:00:00,29.45,60.09558,11.345712,1010.4013,44.7,152.7,380.0,8.0,141.0,75.24
2026-03-07 09:00:00,29.75,58.163685,12.221457,1009.60266,44.7,149.0,335.0,6.7,148.0,75.36
2026-03-07 10:00:00,29.55,58.296192,12.606426,1009.00275,43.9,142.5,333.0,7.1,142.0,72.82
2026-03-07 11:00:00,28.8,60.87925,12.229406,1008.70087,42.7,134.6,366.0,9.0,128.0,68.82
2026-03-07 12:00:00,27.45,67.919106,11.345712,1009.09705,39.9,117.8,409.0,13.2,115.0,62.74
2026-03-07 13:00:00,26.15,74.45107,10.34178,1009.4932,38.0,102.2,458.0,20.9,99.0,57.43
2026-03-07 14:00:00,24.9,81.9259,8.29173,1009.9893,35.7,74.3,518.0,31.5,77.0,48.98
2026-03-07 15:00:00,24.25,87.54643,7.120815,1010.58734,33.4,64.0,581.0,39.3,60.0,44.4
2026-03-07 16:00:00,23.9,90.50133,5.920878,1011.5856,32.4,56.6,661.0,41.6,54.0,41.86
2026-03-07 17:00:00,23.6,92.4309,5.9427266,1011.88434,31.8,51.8,745.0,41.1,53.0,40.38
2026-03-07 18:00:00,23.3,95.559875,6.302571,1011.9833,32.0,49.5,785.0,39.8,54.0,39.97
2026-03-07 19:00:00,23.15,96.137474,5.7628117,1011.9829,34.0,51.9,756.0,38.4,55.0,41.39
2026-03-07 20:00:00,22.8,97.601074,4.913044,1011.48236,35.9,55.3,683.0,36.1,57.0,42.98
2026-03-07 21:00:00,22.5,99.39411,4.5,1011.08185,37.7,58.4,596.0,32.8,59.0,44.3
2026-03-07 22:00:00,22.35,98.79006,4.510787,1010.7817,39.2,60.8,474.0,26.2,62.0,44.99
2026-03-07 23:00:00,22.15,99.09001,4.6102495,1010.2815,39.2,60.1,337.0,18.6,64.0,44.01
2026-03-08 00:00:00,21.35,99.38884,2.9301877,1010.47906,38.8,57.4,273.0,15.4,65.0,42.94
2026-03-08 01:00:00,21.2,99.08344,2.1068459,1010.77856,42.0,60.5,348.0,26.8,50.0,44.62
2026-03-08 02:00:00,21.15,99.08314,1.9881649,1011.3781,48.3,67.1,496.0,41.9,30.0,48.36
2026-03-08 03:00:00,21.35,98.176346,2.7534704,1012.2776,54.2,68.9,604.0,49.5,28.0,52.5
2026-03-08 04:00:00,22.5,89.299324,4.323748,1012.9803,39.6,57.6,627.0,42.3,59.0,46.52
2026-03-08 05:00:00,24.8,75.61834,3.563818,1013.3863,32.5,58.8,611.0,27.6,106.0,48.05
2026-03-08 06:00:00,26.4,70.05301,6.5049515,1013.5906,33.8,65.4,573.0,15.6,144.0,53.92
2026-03-08 07:00:00,27.55,65.07339,8.827344,1013.19403,34.6,72.2,503.0,10.3,163.0,57.73
2026-03-08 08:00:00,28.05,64.1827,9.7565975,1012.296,33.5,71.2,412.0,7.7,172.0,57.94
2026-03-08 09:00:00,28.6,59.347145,10.348043,1011.3984,30.9,66.1,353.0,6.9,174.0,55.8
2026-03-08 10:00:00,28.65,57.72449,11.079873,1010.6989,28.8,63.6,355.0,7.0,167.0,53.22
2026-03-08 11:00:00,28.1,58.68075,11.079873,1010.2976,27.8,63.1,390.0,8.9,152.0,50.66
2026-03-08 12:00:00,27.1,63.386566,9.587428,1010.3951,26.1,58.4,427.0,14.3,135.0,47.12
2026-03-08 13:00:00,25.7,75.06612,8.641874,1010.8908,26.5,56.9,449.0,25.1,112.0,45.2
2026-03-08 14:00:00,24.35,86.49427,7.889259,1011.58655,29.5,51.1,472.0,40.1,80.0,42.98
2026-03-08 15:00:00,23.75,91.32152,6.8541956,1012.1843,31.7,52.0,515.0,52.1,55.0,42.32
2026-03-08 16:00:00,23.45,92.1416,6.5024605,1012.8832,33.3,53.0,609.0,58.5,42.0,42.32
2026-03-08 17:00:00,23.1,93.25339,5.5916004,1012.8822,34.9,54.5,724.0,62.0,35.0,42.9
2026-03-08 18:00:00,22.55,97.89426,4.846648,1012.9805,38.5,59.3,780.0,62.9,31.0,45.2
2026-03-08 19:00:00,22.35,98.189926,4.3274937,1013.1798,42.6,66.4,735.0,61.2,30.0,48.26
2026-03-08 20:00:00,22.15,97.291725,4.5820518,1012.67957,43.7,69.8,631.0,56.9,31.0,49.0
2026-03-08 21:00:00,21.75,99.08725,5.1919937,1012.0791,41.7,69.8,525.0,50.8,34.0,47.53
2026-03-08 22:00:00,21.65,99.390236,6.050785,1011.57916,40.4,70.5,396.0,40.6,39.0,46.24
2026-03-08 23:00:00,21.45,99.3893,6.279395,1011.47864,38.5,69.2,265.0,28.4,45.0,44.1
2026-03-09 00:00:00,21.3,99.08415,6.601363,1011.4783,39.6,73.3,242.0,26.1,45.0,45.12
2026-03-09 01:00:00,21.35,96.678986,5.154415,1011.97784,41.4,75.9,444.0,32.9,34.0,45.92
2026-03-09 02:00:00,21.1,97.57044,3.745557,1012.17706,46.9,83.6,755.0,41.8,20.0,49.44
2026-03-09 03:00:00,21.45,95.49888,3.319036,1012.7775,54.7,84.8,942.0,45.5,20.0,54.14
2026-03-09 04:00:00,23.25,81.97524,3.8521678,1013.38214,41.2,74.3,880.0,38.9,46.0,48.2
2026-03-09 05:00:00,25.75,66.12419,4.1556225,1013.5887,33.9,82.4,696.0,27.1,86.0,50.4
2026-03-09 06:00:00,28.5,52.026596,6.0077944,1013.69617,32.9,84.3,531.0,17.2,119.0,53.74
2026-03-09 07:00:00,30.55,42.03467,7.289444,1013.40186,31.3,75.7,428.0,11.6,138.0,53.23
2026-03-09 08:00:00,31.6,36.66392,9.659814,1012.7049,29.6,64.7,345.0,8.0,149.0,51.29
2026-03-09 09:00:00,31.85,34.32871,11.276968,1011.8066,27.8,56.5,304.0,6.6,153.0,49.14
2026-03-09 10:00:00,31.6,34.370888,11.435313,1011.30597,26.1,51.1,325.0,7.0,148.0,46.52
2026-03-09 11:00:00,31.0,36.14548,10.934166,1011.005,26.0,50.6,389.0,9.6,135.0,44.81
2026-03-09 12:00:00,30.0,42.01817,9.614426,1010.50256,26.5,48.2,459.0,16.2,119.0,43.17
2026-03-09 13:00:00,27.95,55.261505,8.287822,1011.0967,27.8,48.8,539.0,29.3,94.0,42.16
2026-03-09 14:00:00,25.8,70.15739,6.9247384,1011.59064,30.6,49.2,626.0,47.4,60.0,41.25
2026-03-09 15:00:00,24.65,80.64895,6.206738,1012.087,31.5,51.2,676.0,61.1,34.0,40.26
2026-03-09 16:00:00,24.15,85.686104,5.2939587,1012.68524,32.8,53.1,669.0,67.2,22.0,40.4
2026-03-09 17:00:00,23.7,89.39042,5.771239,1013.0836,34.2,54.2,623.0,69.0,17.0,40.84
2026-03-09 18:00:00,23.2,94.11442,7.0038276,1013.38214,34.7,54.7,554.0,66.8,17.0,40.86
2026-03-09 19:00:00,22.7,96.712105,7.7043357,1013.3806,34.1,56.0,445.0,59.2,22.0,40.43
2026-03-09 20:00:00,22.4,97.89186,7.1684303,1013.28,31.2,53.7,311.0,47.8,31.0,38.16
2026-03-09 21:00:00,22.1,98.48679,7.256032,1012.7795,27.8,50.2,213.0,37.4,39.0,35.4
2026-03-09 22:00:00,21.95,98.78645,7.145796,1012.57935,25.1,48.5,168.0,28.8,44.0,33.17
2026-03-09 23:00:00,21.8,98.48338,8.55142,1012.8785,23.2,48.0,159.0,21.3,48.0,31.6
2026-03-10 00:00:00,21.95,98.1845,8.404285,1012.8791,23.7,52.2,197.0,17.8,48.0,32.16
2026-03-10 01:00:00,21.65,98.783745,5.9427266,1013.4776,25.1,55.3,325.0,23.9,40.0,33.2
2026-03-10 02:00:00,21.45,98.78187,5.4744864,1013.8767,30.2,63.3,500.0,32.0,30.0,37.06
2026-03-10 03:00:00,21.7,97.88083,5.441838,1014.3769,35.2,66.4,602.0,35.7,30.0,40.74
2026-03-10 04:00:00,22.8,89.597115,5.854844,1015.07947,32.6,68.0,560.0,30.9,50.0,42.04
2026-03-10 05:00:00,26.05,67.642204,6.299999,1015.588,28.9,71.5,444.0,21.6,81.0,44.14
2026-03-10 06:00:00,29.25,48.419445,8.2584505,1015.49664,25.9,60.1,347.0,13.9,106.0,42.96
2026-03-10 07:00:00,31.25,35.404236,10.717182,1015.0025,22.6,47.6,298.0,9.6,121.0,40.41
2026-03-10 08:00:00,32.35,24.314192,12.251905,1014.3058,20.1,38.5,268.0,6.7,132.0,38.56
2026-03-10 09:00:00,32.6,19.34701,12.638512,1013.50714,18.6,32.6,261.0,5.5,136.0,37.05
2026-03-10 10:00:00,31.95,20.988148,13.070776,1012.90576,17.5,29.2,275.0,5.1,134.0,35.46
2026-03-10 11:00:00,30.9,25.526484,12.245293,1012.20374,16.5,26.7,313.0,6.4,125.0,33.3
2026-03-10 12:00:00,29.65,35.537136,10.7894945,1011.7006,20.1,29.4,383.0,12.2,108.0,33.96
2026-03-10 13:00:00,27.5,53.43685,9.096681,1011.99475,22.3,32.9,521.0,25.2,84.0,34.11
2026-03-10 14:00:00,25.3,72.72033,7.256032,1012.5885,28.2,39.9,692.0,42.8,51.0,36.15
2026-03-10 15:00:00,24.25,81.34416,6.66,1013.0853,30.6,43.9,803.0,54.9,27.0,36.37
2026-03-10 16:00:00,23.7,86.96404,6.638072,1013.4833,31.3,45.3,809.0,56.4,21.0,36.32
2026-03-10 17:00:00,23.05,91.55738,7.3821945,1013.5814,31.3,45.8,754.0,52.2,24.0,36.24
2026-03-10 18:00:00,22.7,95.2492,7.8149853,1013.7802,30.3,45.1,677.0,46.8,28.0,35.39
2026-03-10 19:00:00,22.6,96.12175,6.77575,1013.68,29.5,44.2,573.0,41.0,31.0,34.39
2026-03-10 20:00:00,22.35,96.114555,6.489992,1013.47955,28.3,43.5,446.0,33.9,36.0,33.34
2026-03-10 21:00:00,21.95,96.10302,6.9480934,1013.0789,27.0,44.2,347.0,27.4,41.0,32.6
2026-03-10 22:00:00,21.75,94.34149,6.924738,1012.97833,25.2,43.5,281.0,20.9,47.0,31.48
2026-03-10 23:00:00,21.0,94.60242,5.4744864,1012.77625,23.9,42.5,242.0,15.0,52.0,30.5
2026-03-11 00:00:00,21.25,95.492226,7.342588,1012.67706,24.3,43.9,269.0,14.7,50.0,30.64
2026-03-11 01:00:00,20.8,96.367096,6.193674,1013.07544,25.0,44.4,432.0,21.0,42.0,30.83
2026-03-11 02:00:00,20.25,96.9519,4.3536186,1013.4739,29.0,48.2,660.0,29.3,32.0,33.34
2026-03-11 03:00:00,21.7,95.214066,6.21717,1014.2769,34.3,49.9,777.0,33.2,32.0,36.91
2026-03-11 04:00:00,23.85,86.712036,5.720489,1014.9824,30.5,47.8,668.0,28.6,50.0,36.6
2026-03-11 05:00:00,26.7,68.40186,8.821836,1015.29016,29.2,49.5,447.0,19.6,77.0,38.99
2026-03-11 06:00:00,28.35,60.77744,11.720751,1015.19434,31.0,63.6,280.0,12.3,100.0,45.06
2026-03-11 07:00:00,29.25,58.04594,12.835653,1014.6973,34.5,82.0,238.0,8.7,116.0,52.36
2026-03-11 08:00:00,29.65,58.140182,13.32,1013.69904,36.7,92.0,250.0,6.7,127.0,56.8
2026-03-11 09:00:00,29.85,58.008343,13.306615,1012.4007,37.3,99.0,274.0,6.2,131.0,59.03
2026-03-11 10:00:00,29.55,59.20115,14.182355,1011.7006,37.4,104.3,293.0,6.9,124.0,59.2
2026-03-11 11:00:00,28.9,62.03697,13.125196,1011.1991,37.7,113.4,325.0,9.1,109.0,59.25
2026-03-11 12:00:00,27.8,71.39336,12.193589,1010.8966,36.8,120.6,379.0,12.3,91.0,58.02
2026-03-11 13:00:00,26.65,77.5451,10.966713,1011.0932,39.0,128.5,477.0,21.1,74.0,59.47
2026-03-11 14:00:00,25.65,84.03423,8.996398,1011.6901,41.8,117.8,597.0,33.1,50.0,56.92
2026-03-11 15:00:00,25.15,85.265785,9.292254,1011.78845,45.8,132.2,691.0,40.9,34.0,60.58
2026-03-11 16:00:00,24.85,83.18128,8.647496,1011.98773,49.9,149.5,747.0,40.8,31.0,65.62
2026-03-11 17:00:00,24.55,79.89573,7.029225,1011.98676,53.3,154.1,775.0,36.5,36.0,68.34
2026-03-11 18:00:00,24.25,80.3488,6.361415,1011.98615,55.4,155.1,760.0,31.7,41.0,69.62
2026-03-11 19:00:00,24.15,78.86172,6.7853074,1011.3863,56.6,150.9,673.0,27.2,45.0,69.31
2026-03-11 20:00:00,24.15,77.651665,8.11798,1011.2864,56.9,149.5,541.0,22.2,50.0,69.18
2026-03-11 21:00:00,24.1,78.1264,8.656858,1010.5866,56.5,145.8,431.0,18.0,54.0,68.21
2026-03-11 22:00:00,23.85,80.048,8.849339,1010.2862,55.9,143.4,355.0,14.6,56.0,67.22
2026-03-11 23:00:00,23.55,81.50693,7.8149853,1009.98584,55.5,144.8,301.0,12.0,57.0,67.06
2026-03-12 00:00:00,23.0,89.61194,7.388775,1009.8844,55.2,143.0,299.0,10.1,59.0,66.56
2026-03-12 01:00:00,22.55,92.656784,9.499158,1010.2827,55.1,136.9,399.0,17.0,48.0,64.68
2026-03-12 02:00:00,22.65,85.80055,10.24578,1010.78265,57.0,138.3,551.0,26.3,33.0,65.06
2026-03-12 03:00:00,23.8,67.19032,10.6261,1011.0856,59.5,136.0,636.0,31.2,29.0,65.98
2026-03-12 04:00:00,26.2,39.24442,10.8672905,1011.69147,57.4,129.0,586.0,27.8,44.0,65.27
2026-03-12 05:00:00,28.9,25.688719,11.837652,1011.7986,44.9,105.5,470.0,20.2,70.0,57.08
2026-03-12 06:00:00,31.75,26.45084,9.220499,1011.6064,35.2,75.4,372.0,13.5,94.0,48.8
2026-03-12 07:00:00,34.0,21.501379,8.942214,1010.9127,28.5,62.9,319.0,9.2,113.0,45.16
2026-03-12 08:00:00,35.05,19.083157,11.230904,1010.0162,25.4,64.3,284.0,6.0,129.0,45.81
2026-03-12 09:00:00,35.2,18.479984,13.878688,1008.9174,27.5,76.6,272.0,4.7,137.0,50.32
2026-03-12 10:00:00,34.3,21.72216,15.146761,1008.3153,30.3,92.4,282.0,6.0,134.0,54.63
2026-03-12 11:00:00,33.25,23.981468,13.86,1007.8132,38.5,130.9,314.0,9.2,123.0,65.26
2026-03-12 12:00:00,33.05,21.481268,12.882267,1007.91254,37.3,100.8,374.0,14.1,103.0,56.38
2026-03-12 13:00:00,30.55,30.981539,11.656998,1008.00604,36.1,84.1,495.0,21.7,86.0,51.02
2026-03-12 14:00:00,28.05,43.96941,9.676569,1008.4991,35.9,71.5,644.0,31.9,62.0,46.34
2026-03-12 15:00:00,26.9,51.451202,8.936778,1008.8955,34.6,65.0,729.0,38.0,46.0,42.9
2026-03-12 16:00:00,26.3,56.08548,11.885453,1009.49347,34.8,66.6,686.0,36.0,44.0,42.72
2026-03-12 17:00:00,26.05,54.44214,10.062305,1009.7926,36.7,78.2,579.0,29.9,49.0,45.82
2026-03-12 18:00:00,25.7,58.482304,9.208192,1009.9915,38.4,88.9,507.0,24.6,54.0,48.77
2026-03-12 19:00:00,25.6,61.104946,10.158444,1009.3918,40.6,102.7,509.0,21.6,56.0,52.48
2026-03-12 20:00:00,25.35,63.004143,11.375658,1009.2911,44.2,122.9,546.0,19.5,56.0,58.0
2026-03-12 21:00:00,24.85,66.56206,10.644379,1008.5905,48.3,144.8,601.0,18.8,55.0,64.18
2026-03-12 22:00:00,24.25,67.069855,8.836514,1008.08936,51.6,160.2,666.0,19.7,51.0,68.44
2026-03-12 23:00:00,23.5,66.07406,6.552099,1007.6874,53.9,163.0,749.0,22.0,45.0,69.6
2026-03-13 00:00:00,22.25,77.36758,5.7852573,1007.6839,54.7,155.5,851.0,25.2,37.0,67.78
2026-03-13 01:00:00,22.05,75.65088,7.4346757,1007.98303,57.3,157.4,1004.0,31.6,27.0,68.92
2026-03-13 02:00:00,21.75,70.27801,7.040739,1008.582,63.3,162.5,1175.0,40.1,14.0,72.26
2026-03-13 03:00:00,22.85,58.741413,5.6492476,1009.1842,74.3,141.1,1274.0,44.2,15.0,74.25
2026-03-13 04:00:00,25.75,42.770756,3.62243,1009.8916,64.3,154.1,1264.0,39.9,41.0,75.11
2026-03-13 05:00:00,29.1,30.889734,1.9134263,1010.0007,61.5,170.4,1180.0,31.2,81.0,81.66
2026-03-13 06:00:00,30.75,30.32678,5.09435,1010.1048,62.9,182.5,1038.0,23.1,116.0,88.81
2026-03-13 07:00:00,31.45,33.448193,10.464797,1009.607,64.3,190.0,791.0,16.7,141.0,93.8
2026-03-13 08:00:00,32.55,26.224876,11.983188,1009.0103,62.6,179.7,485.0,10.9,160.0,92.88
2026-03-13 09:00:00,33.6,14.018532,13.627795,1007.81415,60.3,168.6,274.0,7.5,167.0,90.05
2026-03-13 10:00:00,32.85,15.41931,14.975741,1007.3126,57.0,160.7,230.0,7.2,154.0,84.82
2026-03-13 11:00:00,31.4,20.6361,14.178928,1006.80914,53.9,156.9,280.0,9.2,129.0,79.06
2026-03-13 12:00:00,30.1,27.36056,13.737904,1006.90564,51.6,161.6,360.0,12.3,97.0,74.52
2026-03-13 13:00:00,27.9,43.08449,11.298495,1007.2996,49.8,145.3,477.0,19.1,81.0,68.98
2026-03-13 14:00:00,26.05,62.371067,9.565437,1007.69434,49.1,127.1,624.0,28.3,60.0,63.22
2026-03-13 15:00:00,25.4,66.67448,8.604301,1008.192,46.7,118.5,713.0,34.1,45.0,58.92
2026-03-13 16:00:00,25.25,64.38457,10.801499,1008.69135,44.5,110.4,703.0,33.7,42.0,55.68
2026-03-13 17:00:00,25.2,56.713478,10.337079,1008.9911,43.3,108.0,635.0,29.9,46.0,54.64
2026-03-13 18:00:00,24.85,65.524765,10.699028,1009.19,43.7,112.0,549.0,25.7,51.0,55.76
2026-03-13 19:00:00,24.75,70.39805,10.656547,1008.98975,44.1,113.6,440.0,21.5,56.0,56.39
2026-03-13 20:00:00,24.65,73.7433,10.934166,1008.6897,43.3,111.1,314.0,16.7,61.0,55.52
2026-03-13 21:00:00,24.65,70.81999,11.409785,1008.19006,39.9,99.4,222.0,13.0,66.0,51.68
2026-03-13 22:00:00,24.7,64.46954,14.096425,1007.4906,34.8,83.4,163.0,10.2,69.0,45.96
2026-03-13 23:00:00,24.5,63.41611,14.156058,1007.59033,30.6,71.2,139.0,8.3,71.0,41.44
2026-03-14 00:00:00,23.85,71.11664,11.503113,1007.6883,29.8,71.2,210.0,9.8,68.0,40.81
2026-03-14 01:00:00,23.3,75.14258,9.446141,1008.0864,29.5,69.4,484.0,16.4,58.0,39.79
2026-03-14 02:00:00,22.6,78.88738,8.161764,1008.88385,31.9,73.1,852.0,25.3,45.0,41.12
2026-03-14 03:00:00,23.35,74.68209,6.156947,1009.58563,36.8,73.6,1053.0,30.2,42.0,43.95
2026-03-14 04:00:00,26.35,56.097717,3.9966483,1010.29315,39.8,93.1,923.0,27.6,59.0,51.51
2026-03-14 05:00:00,29.9,32.05239,5.6521144,1010.5022,40.6,111.3,625.0,21.0,87.0,58.76
2026-03-14 06:00:00,31.5,29.444828,9.919618,1010.7065,34.7,92.9,387.0,15.1,109.0,54.54
2026-03-14 07:00:00,32.65,23.586613,13.845967,1010.10986,31.2,93.1,295.0,11.0,120.0,53.87
2026-03-14 08:00:00,32.0,29.776318,16.928614,1009.6087,31.1,99.7,263.0,7.5,126.0,55.52
2026-03-14 09:00:00,31.75,34.860596,16.923828,1008.60876,30.3,93.1,257.0,5.8,126.0,53.54
2026-03-14 10:00:00,31.4,36.845142,15.876775,1007.7085,27.8,83.4,268.0,6.3,119.0,49.38
2026-03-14 11:00:00,30.65,39.71088,14.897651,1007.0072,25.4,73.3,305.0,8.5,105.0,44.38
2026-03-14 12:00:00,29.2,46.30429,13.272482,1006.9035,26.4,71.5,365.0,12.4,94.0,43.46
2026-03-14 13:00:00,27.6,55.175148,12.10157,1006.99896,25.8,59.5,471.0,18.5,82.0,39.88
2026-03-14 14:00:00,26.25,65.40806,11.157097,1007.49506,27.1,55.3,599.0,26.6,66.0,38.5
2026-03-14 15:00:00,25.75,68.64123,11.003581,1008.19293,27.2,57.7,673.0,31.3,56.0,38.24
2026-03-14 16:00:00,25.6,68.186485,12.348052,1008.5924,26.4,58.6,652.0,29.3,56.0,37.72
2026-03-14 17:00:00,25.65,66.725395,11.525623,1009.4919,24.7,55.9,575.0,23.8,61.0,36.25
2026-03-14 18:00:00,25.5,67.74337,9.505977,1010.0909,22.6,51.2,489.0,18.5,67.0,34.37
2026-03-14 19:00:00,25.6,67.1327,12.525207,1009.6915,20.5,46.4,392.0,14.2,74.0,32.76
2026-03-14 20:00:00,25.4,69.00139,12.785069,1009.19116,19.0,42.4,284.0,10.1,81.0,31.64
2026-03-14 21:00:00,25.25,68.75781,11.672275,1008.4915,18.1,40.4,212.0,7.2,86.0,31.11
2026-03-14 22:00:00,25.05,67.44242,10.560341,1008.39087,17.1,36.0,172.0,5.4,86.0,29.46
2026-03-14 23:00:00,24.35,71.654335,9.144637,1008.48895,16.0,32.0,167.0,4.8,84.0,27.72
2026-03-15 00:00:00,23.95,78.104576,9.096681,1008.48804,15.9,31.4,257.0,6.0,83.0,27.58
2026-03-15 01:00:00,23.25,81.97524,7.674842,1009.18555,16.7,33.2,559.0,14.0,70.0,27.59
2026-03-15 02:00:00,22.4,86.57608,7.4672885,1009.9827,20.0,41.0,955.0,24.8,52.0,29.72
2026-03-15 03:00:00,23.4,80.484886,7.406295,1011.0844,26.3,53.3,1152.0,30.4,46.0,35.27
2026-03-15 04:00:00,26.85,57.294117,5.9427266,1011.79315,30.5,75.2,952.0,26.0,63.0,43.64
2026-03-15 05:00:00,31.1,29.92436,8.099999,1012.1042,29.5,107.8,552.0,16.6,91.0,52.45
2026-03-15 06:00:00,33.55,15.739424,11.808878,1011.5109,21.8,88.7,252.0,8.9,113.0,46.92
2026-03-15 07:00:00,34.7,10.938306,13.379461,1011.0144,16.8,61.9,180.0,5.5,123.0,40.06
2026-03-15 08:00:00,35.25,10.38103,12.7279215,1009.81665,14.0,49.5,207.0,3.8,127.0,36.52
2026-03-15 09:00:00,35.2,11.644706,14.120539,1008.81744,13.0,44.1,243.0,3.8,128.0,35.09
2026-03-15 10:00:00,34.8,12.164838,15.710607,1008.0171,12.8,41.7,249.0,5.3,126.0,34.44
2026-03-15 11:00:00,34.3,12.153556,15.017871,1007.6159,14.0,42.3,264.0,8.4,120.0,34.72
2026-03-15 12:00:00,32.5,17.351658,14.588885,1007.4116,15.4,37.3,321.0,13.1,108.0,33.32
2026-03-15 13:00:00,29.9,29.993196,12.351988,1007.3047,18.9,37.1,474.0,20.6,93.0,33.91
2026-03-15 14:00:00,27.8,41.411697,10.787993,1007.39935,20.3,36.0,669.0,30.8,71.0,32.62
2026-03-15 15:00:00,27.1,43.708973,13.671707,1008.4965,19.9,34.1,768.0,36.7,57.0,30.82
2026-03-15 16:00:00,26.8,44.92189,14.761098,1009.4948,19.1,33.9,686.0,34.6,56.0,29.92
2026-03-15 17:00:00,26.65,46.060978,14.4,1009.7942,18.7,34.3,509.0,28.2,61.0,29.59
2026-03-15 18:00:00,26.15,49.634876,12.841963,1009.89294,18.6,35.6,362.0,22.1,67.0,29.78
2026-03-15 19:00:00,25.4,55.864086,12.860871,1009.39105,18.7,37.1,291.0,17.4,71.0,30.03
2026-03-15 20:00:00,25.15,60.234394,13.339445,1008.7909,18.6,38.6,249.0,12.9,76.0,30.36
2026-03-15 21:00:00,24.95,61.344196,12.710091,1008.0911,18.4,39.5,224.0,9.7,78.0,30.26
2026-03-15 22:00:00,24.25,66.85893,10.436895,1007.5897,18.0,38.2,191.0,7.6,77.0,29.33
2026-03-15 23:00:00,23.6,72.876945,9.449572,1007.38794,17.5,36.6,174.0,6.8,75.0,28.34
2026-03-16 00:00:00,23.2,78.23826,11.177405,1007.0873,16.6,39.9,230.0,8.1,72.0,28.3
2026-03-16 01:00:00,23.25,78.48945,10.990322,1007.4869,17.3,42.3,447.0,15.3,62.0,28.71
2026-03-16 02:00:00,23.1,76.53332,10.464797,1008.0861,19.5,46.3,737.0,24.9,48.0,29.95
2026-03-16 03:00:00,24.35,67.09013,9.059205,1008.68884,23.8,48.3,887.0,29.9,45.0,32.8
2026-03-16 04:00:00,27.3,45.791824,7.928177,1009.2965,24.4,61.9,761.0,25.8,62.0,37.75
2026-03-16 05:00:00,30.7,21.476416,10.957846,1009.7051,23.1,82.0,495.0,17.0,89.0,43.85
2026-03-16 06:00:00,32.8,15.353867,10.404249,1009.31067,23.1,107.3,290.0,9.8,111.0,51.13
2026-03-16 07:00:00,34.0,13.134884,11.190442,1008.6145,21.8,91.3,225.0,6.3,123.0,48.56
2026-03-16 08:00:00,34.6,12.169048,12.841963,1007.6169,20.0,78.5,221.0,4.4,129.0,45.71
2026-03-16 09:00:00,34.8,11.991521,14.224556,1006.81805,19.0,73.3,238.0,4.1,131.0,44.43
2026-03-16 10:00:00,34.2,13.799338,15.299999,1006.0171,18.7,71.7,268.0,5.6,126.0,43.43
2026-03-16 11:00:00,32.6,22.71457,15.426537,1005.6134,20.5,75.7,319.0,8.8,117.0,44.26
2026-03-16 12:00:00,30.85,30.758091,14.33234,1005.5086,16.0,47.7,375.0,12.7,103.0,34.9
2026-03-16 13:00:00,28.65,45.862564,13.752047,1005.7029,19.1,47.3,439.0,18.9,89.0,35.2
2026-03-16 14:00:00,27.25,51.37785,13.462749,1005.9988,21.9,49.8,508.0,27.3,70.0,35.5
2026-03-16 15:00:00,26.55,56.324673,11.91812,1006.4966,21.6,49.5,555.0,32.2,57.0,34.08
2026-03-16 16:00:00,26.3,57.524227,12.049249,1006.9955,20.3,48.1,573.0,30.2,56.0,32.7
2026-03-16 17:00:00,25.95,60.609493,11.126562,1007.694,18.6,43.7,570.0,24.7,60.0,30.74
2026-03-16 18:00:00,25.4,63.21372,9.340941,1007.9921,17.4,39.8,539.0,20.0,64.0,29.26
2026-03-16 19:00:00,25.05,64.74778,8.777653,1007.6914,17.1,37.3,464.0,17.8,65.0,28.43
2026-03-16 20:00:00,24.5,69.25957,7.6579366,1007.49036,16.8,35.5,362.0,16.4,64.0,27.56
2026-03-16 21:00:00,24.0,74.55661,7.7588143,1006.78937,16.2,35.0,281.0,15.2,64.0,26.98
2026-03-16 22:00:00,23.75,78.317986,9.12513,1006.4889,16.0,34.9,210.0,13.0,65.0,26.68
2026-03-16 23:00:00,23.4,82.502144,9.227524,1006.1883,15.8,34.8,159.0,10.9,65.0,26.24
2026-03-17 00:00:00,23.35,85.86986,10.182337,1006.1883,15.1,33.9,208.0,10.4,66.0,25.79
2026-03-17 01:00:00,23.3,87.7318,9.914717,1006.3878,15.3,35.0,471.0,17.2,59.0,26.08
2026-03-17 02:00:00,23.3,86.660736,7.970972,1006.68756,17.1,37.5,833.0,26.3,51.0,27.64
2026-03-17 03:00:00,24.35,80.858086,5.7599998,1007.3899,21.0,39.0,1026.0,30.9,52.0,30.74
2026-03-17 04:00:00,26.4,67.08524,6.7205353,1008.1949,20.2,47.8,881.0,26.8,70.0,34.18
2026-03-17 05:00:00,28.25,55.162266,7.689603,1008.3998,20.1,53.1,568.0,18.3,97.0,37.96
2026-03-17 06:00:00,28.9,54.465538,8.827344,1008.7011,20.6,53.9,329.0,11.3,118.0,40.48
2026-03-17 07:00:00,28.9,59.416615,12.801531,1008.6012,20.5,52.2,265.0,8.0,130.0,41.39
2026-03-17 08:00:00,28.75,59.38188,14.206323,1007.70166,19.9,49.6,274.0,6.3,136.0,41.22
2026-03-17 09:00:00,28.65,58.08421,14.474059,1007.10175,18.7,46.4,296.0,5.8,136.0,39.9
2026-03-17 10:00:00,28.2,61.310272,14.81259,1006.401,17.6,43.2,313.0,6.3,128.0,37.58
2026-03-17 11:00:00,27.95,62.59612,13.207634,1005.80084,16.8,40.5,342.0,7.9,114.0,34.78
2026-03-17 12:00:00,27.4,65.444954,12.172312,1005.6994,14.4,34.2,376.0,11.5,105.0,31.52
2026-03-17 13:00:00,26.55,70.51396,11.440978,1005.59735,14.8,30.4,418.0,17.9,90.0,29.66
2026-03-17 14:00:00,25.65,80.28787,8.553314,1006.09467,16.6,27.5,465.0,26.9,70.0,28.34
2026-03-17 15:00:00,25.4,85.55014,8.836514,1006.49335,17.2,27.9,501.0,34.2,53.0,27.26
2026-03-17 16:00:00,25.2,88.16093,8.019601,1007.2924,18.2,28.5,513.0,38.3,45.0,27.3
2026-03-17 17:00:00,24.95,89.48409,7.491114,1007.7913,20.0,29.9,514.0,40.7,40.0,28.08
2026-03-17 18:00:00,25.0,90.57556,6.7397914,1007.7913,22.1,31.5,521.0,42.0,37.0,29.2
2026-03-17 19:00:00,24.75,91.93702,7.029225,1007.69086,23.0,32.1,547.0,42.0,34.0,29.32
2026-03-17 20:00:00,24.5,93.321556,5.815978,1007.3905,23.2,31.8,579.0,40.8,33.0,29.03
2026-03-17 21:00:00,24.15,95.01222,3.143565,1007.0898,25.7,35.0,603.0,39.9,31.0,30.48
2026-03-17 22:00:00,23.7,97.02914,2.5959969,1006.58887,28.8,39.3,596.0,39.9,28.0,32.44
2026-03-17 23:00:00,23.4,97.61176,4.278551,1006.48804,33.8,45.3,580.0,40.1,24.0,35.57
2026-03-18 00:00:00,23.05,97.90207,5.3517847,1006.78687,29.9,38.3,609.0,28.0,37.0,32.36
2026-03-18 01:00:00,22.95,97.30777,5.5596404,1007.0863,38.2,47.3,747.0,32.0,29.0,37.71
2026-03-18 02:00:00,22.95,96.42459,6.3639607,1007.8856,47.7,56.2,929.0,37.1,20.0,43.66
2026-03-18 03:00:00,23.7,91.04075,7.823272,1008.4873,43.5,50.3,1022.0,38.0,21.0,40.66
2026-03-18 04:00:00,25.35,80.00325,3.0811036,1009.7907,26.5,34.6,944.0,30.9,41.0,30.96
2026-03-18 05:00:00,27.0,71.687004,7.9077177,1009.7951,18.9,29.4,776.0,19.6,72.0,29.07
2026-03-18 06:00:00,28.0,65.36816,9.627896,1009.99786,18.7,31.0,625.0,10.7,97.0,31.71
2026-03-18 07:00:00,28.55,63.50408,7.79215,1010.3988,19.3,33.2,515.0,6.8,112.0,34.11
2026-03-18 08:00:00,28.9,58.32365,3.8521678,1009.90015,20.2,37.8,422.0,5.3,122.0,36.76
2026-03-18 09:00:00,29.65,53.141968,5.4744864,1008.703,20.9,42.4,376.0,5.3,125.0,38.47
2026-03-18 10:00:00,29.65,53.80813,12.682018,1007.50397,20.4,43.0,393.0,6.7,120.0,37.8
2026-03-18 11:00:00,28.7,56.49291,11.226575,1006.9019,19.5,43.5,456.0,9.6,110.0,36.39
2026-03-18 12:00:00,27.5,71.55746,15.898188,1006.3992,22.4,48.3,550.0,13.4,106.0,38.77
2026-03-18 13:00:00,26.35,78.92891,17.771753,1006.79596,18.5,39.5,689.0,15.0,94.0,33.5
2026-03-18 14:00:00,26.0,83.565346,12.864649,1006.9949,15.3,29.7,858.0,17.2,78.0,27.87
2026-03-18 15:00:00,25.55,88.456314,7.9036193,1007.5932,13.0,28.1,996.0,18.6,66.0,24.81
2026-03-18 16:00:00,25.35,89.78402,5.7176566,1008.99133,12.6,29.1,1104.0,18.0,64.0,24.42
2026-03-18 17:00:00,25.3,89.51014,7.5019197,1009.99054,13.6,31.4,1182.0,16.7,68.0,25.78
2026-03-18 18:00:00,24.0,75.25608,5.9834766,1011.18585,15.3,33.9,1159.0,16.4,68.0,27.09
2026-03-18 19:00:00,23.05,73.93325,6.0347,1010.58386,19.2,39.0,959.0,18.9,61.0,29.39
2026-03-18 20:00:00,22.95,76.270966,2.995797,1010.78326,19.5,36.0,660.0,22.4,51.0,27.96
2026-03-18 21:00:00,22.6,78.15081,2.5455842,1009.6832,18.5,33.9,426.0,24.3,45.0,26.42
2026-03-18 22:00:00,22.85,88.23422,8.490582,1008.88446,17.9,31.8,272.0,22.3,45.0,25.4
2026-03-18 23:00:00,22.45,92.36761,0.56920993,1009.38324,18.1,32.7,183.0,18.5,49.0,25.72
2026-03-19 00:00:00,21.35,87.56126,6.5223618,1009.67975,19.3,36.7,281.0,21.4,36.0,25.6
2026-03-19 01:00:00,20.45,89.98119,1.0495713,1010.47656,18.8,36.4,772.0,28.6,28.0,25.17
2026-03-19 02:00:00,20.55,83.46185,1.0495713,1011.6759,21.8,40.7,1451.0,38.2,18.0,27.47
2026-03-19 03:00:00,21.15,87.817,3.2399998,1012.57715,25.4,42.0,1824.0,42.8,18.0,30.22
2026-03-19 04:00:00,22.35,83.6672,2.8856194,1013.1798,27.3,46.7,1579.0,37.9,36.0,34.08
2026-03-19 05:00:00,23.95,76.90297,1.5273507,1014.4832,27.2,55.1,1028.0,27.9,64.0,38.4
2026-03-19 06:00:00,21.55,81.76416,8.490582,1014.3765,28.1,77.3,618.0,19.3,90.0,45.91
2026-03-19 07:00:00,21.8,80.52411,8.581677,1014.2773,29.7,90.6,552.0,14.0,112.0,51.87
2026-03-19 08:00:00,22.95,75.55775,7.415038,1013.58105,32.9,103.1,625.0,9.9,131.0,58.2
2026-03-19 09:00:00,24.0,70.478355,9.693296,1012.18506,36.9,114.3,673.0,7.6,145.0,64.2
2026-03-19 10:00:00,24.3,69.65641,8.39657,1011.1868,40.2,125.7,586.0,5.9,154.0,69.22
2026-03-19 11:00:00,24.4,67.736115,7.6367526,1010.2878,41.9,132.7,473.0,5.9,156.0,71.77
2026-03-19 12:00:00,25.8,56.67922,3.5864744,1009.39233,23.5,74.5,495.0,10.7,110.0,44.76
2026-03-19 13:00:00,25.4,58.78307,3.0811036,1009.5909,25.1,77.1,811.0,26.9,86.0,44.91
2026-03-19 14:00:00,24.5,66.90987,5.6521144,1010.38806,33.9,75.2,1263.0,49.1,52.0,47.16
2026-03-19 15:00:00,23.7,69.760994,8.11798,1011.28503,35.7,77.5,1535.0,65.3,27.0,47.2
2026-03-19 16:00:00,23.0,74.39041,6.1120534,1012.08264,40.7,87.3,1458.0,70.1,18.0,51.02
2026-03-19 17:00:00,22.3,80.59026,4.724786,1012.58026,47.6,92.7,1202.0,68.8,17.0,55.21
2026-03-19 18:00:00,21.45,77.246414,4.2366967,1012.7775,44.2,77.3,961.0,65.8,18.0,50.13
2026-03-19 19:00:00,21.25,77.95223,5.6060677,1012.1774,35.7,68.7,796.0,61.7,21.0,44.0
2026-03-19 20:00:00,21.1,77.43808,4.7110505,1011.5776,34.2,70.1,647.0,55.8,26.0,43.39
2026-03-19 21:00:00,20.85,79.638824,2.9301877,1010.47784,35.2,74.0,529.0,50.5,30.0,44.48
2026-03-19 22:00:00,20.45,82.40334,4.2136917,1009.7771,35.2,73.3,387.0,46.0,31.0,43.81
2026-03-19 23:00:00,19.65,85.497795,7.415038,1009.8749,35.2,72.9,276.0,42.1,30.0,43.0
2026-03-20 00:00:00,18.95,91.88,5.2478566,1010.4725,34.5,59.5,376.0,55.4,16.0,39.86
2026-03-20 01:00:00,18.8,92.16147,1.9881649,1010.9717,35.2,62.2,941.0,55.4,14.0,40.45
2026-03-20 02:00:00,18.85,93.04003,1.2074767,1011.47125,38.3,66.6,1717.0,54.9,13.0,42.66
2026-03-20 03:00:00,20.55,86.94348,1.6981165,1011.8758,44.5,65.4,2118.0,50.5,22.0,46.2
2026-03-20 04:00:00,23.1,72.78941,1.8089776,1012.3826,28.8,64.3,1772.0,38.6,49.0,40.4
2026-03-20 05:00:00,24.6,67.35194,2.97953,1012.58655,27.4,83.8,1052.0,22.8,86.0,46.78
2026-03-20 06:00:00,25.85,55.442844,2.5582807,1012.6897,31.1,109.2,491.0,10.7,114.0,56.1
2026-03-20 07:00:00,26.75,53.247044,6.489992,1012.29254,32.9,113.4,310.0,5.6,126.0,58.87
2026-03-20 08:00:00,26.65,58.338753,11.328566,1011.49286,32.9,109.0,289.0,4.2,128.0,58.08
2026-03-20 09:00:00,26.4,59.578655,12.739371,1010.49304,32.2,105.2,302.0,4.1,127.0,56.8
2026-03-20 10:00:00,26.3,59.181465,12.431733,1009.8932,31.9,102.9,311.0,4.3,123.0,55.62
2026-03-20 11:00:00,26.25,60.29794,9.7565975,1009.1937,31.2,97.8,353.0,5.8,115.0,53.28
2026-03-20 12:00:00,26.0,61.38852,8.452336,1009.0932,24.9,72.9,418.0,9.1,116.0,45.8
2026-03-20 13:00:00,25.05,66.812004,9.931042,1009.6898,23.3,62.6,531.0,16.1,97.0,41.14
2026-03-20 14:00:00,24.05,74.10188,9.220499,1009.88715,23.1,50.9,667.0,25.7,71.0,36.24
2026-03-20 15:00:00,23.65,77.81878,9.19939,1010.4854,23.1,48.5,738.0,32.6,51.0,33.79
2026-03-20 16:00:00,23.5,80.00087,8.699793,1011.08466,23.2,47.8,688.0,34.6,45.0,33.1
2026-03-20 17:00:00,23.35,82.24148,8.766573,1011.484,23.3,47.1,573.0,33.9,45.0,32.91
2026-03-20 18:00:00,23.65,86.42804,8.836514,1011.085,23.6,46.6,470.0,32.3,46.0,32.87
2026-03-20 19:00:00,24.1,87.26659,8.891343,1010.6865,23.9,46.1,404.0,30.0,47.0,32.72
2026-03-20 20:00:00,23.85,89.12952,10.070353,1010.1863,23.3,45.5,350.0,26.8,48.0,31.97
2026-03-20 21:00:00,23.65,90.20882,9.05205,1009.8859,21.9,44.0,311.0,23.6,50.0,30.79
2026-03-20 22:00:00,23.5,91.02791,7.6367526,1009.5858,20.5,41.4,265.0,19.7,52.0,29.28
2026-03-20 23:00:00,23.6,90.48091,8.171683,1009.48627,19.1,38.8,234.0,15.8,54.0,27.78
2026-03-21 00:00:00,23.35,90.463844,9.292254,1009.8854,17.2,36.3,288.0,13.1,55.0,26.08
2026-03-21 01:00:00,22.95,92.395226,8.792405,1010.2837,17.5,35.4,532.0,20.2,47.0,25.91
2026-03-21 02:00:00,22.85,92.95653,4.599695,1010.683,20.0,37.1,860.0,29.6,37.0,27.41
2026-03-21 03:00:00,23.5,90.198296,3.9966483,1011.3844,25.5,40.7,1026.0,33.7,35.0,31.2
2026-03-21 04:00:00,24.45,84.67531,4.2366967,1011.88654,22.1,46.6,866.0,27.5,48.0,31.7
2026-03-21 05:00:00,26.3,72.67041,6.76618,1012.09143,22.0,49.0,543.0,16.0,69.0,33.55
2026-03-21 06:00:00,27.25,65.413734,7.538541,1011.8941,22.8,49.0,300.0,7.2,87.0,35.33
2026-03-21 07:00:00,27.7,62.92971,8.643749,1011.9953,24.0,49.9,243.0,4.2,99.0,37.46
2026-03-21 08:00:00,27.65,62.918793,11.362834,1011.69556,25.3,50.8,265.0,3.9,107.0,39.44
2026-03-21 09:00:00,27.8,62.56318,10.855358,1011.09644,25.5,50.8,294.0,4.5,110.0,40.08
2026-03-21 10:00:00,27.6,63.494865,10.948973,1010.1964,25.4,49.4,296.0,5.1,106.0,39.24
2026-03-21 11:00:00,27.3,64.221146,13.70839,1010.0959,24.0,44.9,304.0,6.6,96.0,36.37
2026-03-21 12:00:00,26.9,62.950127,10.883676,1010.0946,19.0,35.4,344.0,7.7,87.0,30.78
2026-03-21 13:00:00,26.5,64.65104,9.430695,1010.5933,18.9,32.7,446.0,15.8,71.0,29.01
2026-03-21 14:00:00,25.85,68.23561,9.0018,1011.091,21.2,31.5,580.0,27.0,50.0,28.45
2026-03-21 15:00:00,25.3,72.94567,9.102021,1011.78906,23.3,32.9,683.0,36.5,32.0,28.5
2026-03-21 16:00:00,24.95,78.4905,8.797931,1012.3877,25.5,34.3,740.0,43.1,22.0,29.38
2026-03-21 17:00:00,24.75,81.40725,8.36758,1012.6868,27.1,35.3,766.0,47.9,16.0,30.2
2026-03-21 18:00:00,24.55,82.134285,9.028754,1012.98596,28.5,36.2,743.0,49.4,14.0,31.0
2026-03-21 19:00:00,24.5,82.63321,8.792405,1012.78613,29.3,36.7,638.0,45.7,17.0,31.4
2026-03-21 20:00:00,24.3,83.373055,7.4346757,1012.4858,27.0,34.2,484.0,38.6,25.0,29.88
2026-03-21 21:00:00,23.95,85.66614,6.9550843,1011.98517,24.1,31.2,367.0,31.9,31.0,27.72
2026-03-21 22:00:00,23.45,89.919624,6.5223618,1011.784,22.6,29.6,296.0,25.5,36.0,26.45
2026-03-21 23:00:00,23.1,92.96932,4.863332,1012.0829,21.6,28.5,261.0,19.5,41.0,25.58
2026-03-22 00:00:00,22.25,98.1886,1.8532133,1011.8805,20.1,25.7,316.0,16.0,42.0,23.89
2026-03-22 01:00:00,22.5,97.89343,0.5091169,1012.3808,21.0,26.4,564.0,22.5,34.0,24.26
2026-03-22 02:00:00,22.4,98.49017,3.964089,1013.08026,28.2,33.6,902.0,31.0,24.0,29.07
2026-03-22 03:00:00,23.45,91.302795,4.323748,1013.7824,33.6,38.5,1077.0,34.7,25.0,33.46
2026-03-22 04:00:00,25.05,78.988266,4.323748,1013.9864,25.6,35.6,926.0,28.9,47.0,31.3
2026-03-22 05:00:00,26.5,69.641014,3.9844694,1014.29034,26.1,43.8,613.0,18.3,80.0,36.56
2026-03-22 06:00:00,27.1,64.17844,6.452441,1014.49176,28.8,54.6,368.0,10.1,106.0,42.74
2026-03-22 07:00:00,27.65,60.618465,8.699793,1014.29346,28.8,58.7,286.0,7.4,117.0,44.8
2026-03-22 08:00:00,28.75,54.941082,11.19189,1013.597,28.1,53.2,274.0,7.1,121.0,43.91
2026-03-22 09:00:00,29.0,51.50307,13.8049555,1012.79816,26.4,44.8,283.0,7.8,118.0,41.03
2026-03-22 10:00:00,28.45,55.21154,13.306615,1012.397,23.6,36.2,305.0,8.6,108.0,36.53
2026-03-22 11:00:00,28.2,59.43868,12.503199,1011.8966,22.0,31.4,348.0,10.4,92.0,32.64
2026-03-22 12:00:00,27.0,63.958202,5.634891,1011.7935,25.4,34.6,388.0,12.2,79.0,33.3
2026-03-22 13:00:00,26.35,71.13137,13.88919,1012.0918,24.6,31.7,421.0,18.3,67.0,31.43
2026-03-22 14:00:00,25.65,74.59775,9.6932955,1012.2897,25.2,30.6,450.0,26.7,51.0,30.38
2026-03-22 15:00:00,25.0,79.22402,8.490582,1012.68744,25.9,31.2,465.0,33.4,38.0,29.9
2026-03-22 16:00:00,24.5,83.14095,6.8989563,1012.6862,26.1,31.1,460.0,37.2,31.0,29.5
2026-03-22 17:00:00,24.05,85.67615,7.6579366,1012.7848,26.7,31.3,439.0,39.2,27.0,29.54
2026-03-22 18:00:00,24.25,83.87998,8.777653,1013.1852,26.8,31.2,406.0,38.9,26.0,29.38
2026-03-22 19:00:00,24.1,83.863335,8.792405,1012.88477,25.7,29.9,352.0,35.0,28.0,28.28
2026-03-22 20:00:00,23.85,84.61162,8.287822,1012.5844,23.3,27.2,285.0,28.8,33.0,26.36
2026-03-22 21:00:00,23.5,85.88466,8.043805,1012.1837,20.4,24.0,233.0,23.0,38.0,24.15
2026-03-22 22:00:00,23.35,85.86986,7.8954163,1011.584,17.4,20.7,193.0,18.2,42.0,21.87
2026-03-22 23:00:00,23.4,85.08595,9.194106,1011.484,14.8,17.8,169.0,13.8,45.0,19.78
2026-03-23 00:00:00,23.2,87.1858,9.028754,1011.3838,16.4,19.9,200.0,15.1,40.0,20.44
2026-03-23 01:00:00,23.25,87.19031,9.080639,1011.88336,15.7,18.9,349.0,16.5,40.0,20.1
2026-03-23 02:00:00,23.1,88.79855,7.4932766,1012.18274,17.0,20.1,552.0,18.2,41.0,21.4
2026-03-23 03:00:00,24.2,83.36165,7.4520864,1012.68524,16.4,20.4,662.0,18.3,47.0,22.08
2026-03-23 04:00:00,25.9,71.71062,7.256032,1012.78986,14.8,19.8,583.0,15.4,64.0,23.27
2026-03-23 05:00:00,27.6,58.56322,7.8625183,1012.99414,14.2,21.9,411.0,10.8,86.0,26.0
2026-03-23 06:00:00,29.25,49.19011,8.641874,1013.0986,13.4,22.9,277.0,7.2,103.0,27.81
2026-03-23 07:00:00,30.3,45.29268,10.308831,1012.5019,12.7,23.8,236.0,5.3,112.0,28.71
2026-03-23 08:00:00,30.7,44.972397,12.708816,1011.60364,12.3,24.3,234.0,4.2,115.0,28.89
2026-03-23 09:00:00,30.25,47.92418,15.3686695,1010.8029,12.0,24.1,245.0,4.1,115.0,28.68
2026-03-23 10:00:00,29.65,50.707848,15.206538,1010.00195,11.9,24.4,261.0,4.8,111.0,28.2
2026-03-23 11:00:00,29.3,50.77675,14.759999,1009.4015,12.1,25.4,290.0,6.3,103.0,27.53
2026-03-23 12:00:00,28.1,55.47211,12.606426,1009.5982,10.3,18.0,324.0,9.9,96.0,24.64
2026-03-23 13:00:00,27.1,61.062218,12.93247,1009.99536,11.1,17.3,370.0,18.0,79.0,23.56
2026-03-23 14:00:00,25.8,73.257416,9.919618,1010.2916,13.6,18.0,422.0,28.9,55.0,22.98
2026-03-23 15:00:00,25.3,80.48718,10.03167,1010.98975,13.6,18.7,453.0,35.4,39.0,21.7
2026-03-23 16:00:00,24.9,85.2403,9.028754,1011.48816,12.6,18.7,452.0,33.4,38.0,20.75
2026-03-23 17:00:00,24.65,86.259575,9.0018,1011.68726,11.7,18.2,430.0,27.1,45.0,20.3
2026-03-23 18:00:00,24.55,88.64357,9.531505,1011.7869,11.4,17.5,395.0,21.6,51.0,20.09
2026-03-23 19:00:00,24.55,89.45428,8.581677,1011.38727,11.3,16.6,337.0,18.8,52.0,19.59
2026-03-23 20:00:00,24.35,91.08237,8.149847,1010.8871,11.0,15.8,266.0,16.9,51.0,18.84
2026-03-23 21:00:00,24.05,92.455505,9.255571,1010.5866,10.4,14.7,213.0,15.0,50.0,17.89
2026-03-23 22:00:00,23.75,93.852936,9.565437,1010.48566,9.5,13.4,184.0,12.3,50.0,16.78
2026-03-23 23:00:00,23.95,92.45001,8.39078,1010.18665,8.6,12.5,173.0,9.6,50.0,15.74
2026-03-24 00:00:00,24.1,93.020096,8.209263,1009.6873,8.2,11.1,195.0,9.4,48.0,14.93
2026-03-24 01:00:00,24.15,92.74141,10.24578,1010.08734,8.7,12.5,281.0,13.2,43.0,15.28
2026-03-24 02:00:00,24.1,92.458176,10.597094,1010.5866,11.4,15.7,399.0,18.3,38.0,17.28
2026-03-24 03:00:00,25.0,84.47587,11.51578,1011.48834,13.2,18.7,467.0,21.7,37.0,19.14
2026-03-24 04:00:00,26.4,74.49222,9.2660675,1011.8919,14.8,22.1,431.0,22.1,44.0,21.74
2026-03-24 05:00:00,28.25,60.192665,9.901636,1011.9969,15.5,26.6,344.0,20.8,56.0,24.59
2026-03-24 06:00:00,29.75,49.631878,7.3997297,1011.701,17.3,32.2,286.0,18.6,72.0,28.68
2026-03-24 07:00:00,29.05,49.44908,7.555712,1010.6999,17.8,35.9,294.0,14.8,97.0,32.85
2026-03-24 08:00:00,29.65,45.549618,7.731622,1010.00195,17.9,36.9,330.0,10.1,126.0,36.75
2026-03-24 09:00:00,29.55,51.805794,11.525623,1009.40247,19.3,37.1,360.0,7.1,142.0,39.44
2026-03-24 10:00:00,28.65,61.222065,13.1412325,1008.9003,20.1,36.6,367.0,6.5,138.0,39.04
2026-03-24 11:00:00,29.4,55.101128,9.983106,1008.1029,18.5,33.6,368.0,7.6,121.0,35.26
2026-03-24 12:00:00,29.2,60.782215,10.234705,1008.00256,16.2,28.7,385.0,11.3,115.0,32.78
2026-03-24 13:00:00,27.85,65.33697,11.440978,1008.1987,16.7,27.6,439.0,16.7,93.0,30.32
2026-03-24 14:00:00,26.7,72.51736,9.6480665,1008.5955,16.5,23.5,509.0,24.1,62.0,25.87
2026-03-24 15:00:00,25.95,81.5574,7.970972,1009.19275,14.8,22.1,556.0,28.6,40.0,22.11
2026-03-24 16:00:00,25.45,86.5974,9.36173,1010.0909,14.5,21.9,572.0,27.9,35.0,21.06
2026-03-24 17:00:00,25.2,88.96386,9.793058,1010.39,14.0,21.9,565.0,24.3,39.0,20.88
2026-03-24 18:00:00,25.25,89.506386,12.049249,1010.39,13.5,22.3,524.0,20.3,43.0,20.7
2026-03-24 19:00:00,25.25,90.59229,14.357185,1010.39,13.2,22.9,421.0,16.4,46.0,20.54
2026-03-24 20:00:00,25.2,90.588936,13.055896,1009.8904,12.6,23.1,283.0,12.1,49.0,20.09
2026-03-24 21:00:00,24.85,91.94281,11.793777,1009.5897,11.9,22.0,183.0,8.7,52.0,19.46
2026-03-24 22:00:00,24.75,91.383514,12.466867,1009.28955,11.1,19.9,131.0,6.2,54.0,18.56
2026-03-24 23:00:00,24.9,88.13594,12.10157,1009.28986,10.7,19.3,116.0,4.7,56.0,18.32
2026-03-25 00:00:00,24.3,86.489555,6.601363,1008.1892,11.3,18.9,183.0,7.6,49.0,17.92
2026-03-25 01:00:00,24.0,87.52454,7.072878,1008.8877,12.2,21.8,423.0,12.5,43.0,18.78
2026-03-25 02:00:00,24.05,86.46594,8.37532,1009.6873,15.9,27.0,744.0,19.0,36.0,21.6
2026-03-25 03:00:00,25.2,77.567856,6.9550843,1010.29004,19.4,35.3,912.0,22.1,36.0,25.48
2026-03-25 04:00:00,27.55,60.784588,8.513448,1010.49615,21.0,53.4,773.0,18.6,50.0,31.47
2026-03-25 05:00:00,29.5,46.384712,9.0,1010.90094,22.3,65.7,480.0,11.8,71.0,36.71
2026-03-25 06:00:00,30.05,45.947144,12.5032,1011.0024,23.8,72.6,258.0,6.4,87.0,40.43
2026-03-25 07:00:00,30.45,42.54621,14.974658,1010.90344,23.7,72.9,200.0,4.1,91.0,40.7
2026-03-25 08:00:00,30.45,40.947403,14.138882,1010.00415,23.6,73.6,212.0,3.2,90.0,40.5
2026-03-25 09:00:00,30.3,39.99799,15.651722,1009.60425,23.5,75.2,235.0,3.3,86.0,40.19
2026-03-25 10:00:00,30.05,39.164543,13.684735,1009.00397,23.6,75.9,253.0,3.5,81.0,39.66
2026-03-25 11:00:00,29.35,42.65371,13.644427,1008.50256,23.9,75.9,282.0,4.6,73.0,38.77
2026-03-25 12:00:00,27.95,57.557766,13.060857,1008.3988,22.5,71.0,315.0,7.9,63.0,36.08
2026-03-25 13:00:00,26.85,67.80081,12.483748,1008.59576,23.2,67.3,353.0,16.5,51.0,35.19
2026-03-25 14:00:00,26.05,76.28168,10.315115,1009.293,25.1,58.2,395.0,28.4,35.0,33.7
2026-03-25 15:00:00,25.95,74.64694,10.472536,1009.9921,27.5,57.0,432.0,38.1,22.0,34.16
2026-03-25 16:00:00,25.9,71.2692,10.474082,1010.4917,29.7,56.5,466.0,43.6,15.0,34.94
2026-03-25 17:00:00,25.65,72.55697,8.36758,1010.59106,31.0,55.9,497.0,46.9,12.0,35.52
2026-03-25 18:00:00,25.7,73.46637,6.9480934,1010.691,31.7,55.5,510.0,47.7,11.0,35.76
2026-03-25 19:00:00,25.65,73.91196,8.604301,1010.691,31.0,54.1,502.0,45.4,13.0,35.08
2026-03-25 20:00:00,25.4,75.48095,6.0721655,1010.19037,29.7,51.7,478.0,40.6,17.0,33.83
2026-03-25 21:00:00,25.25,76.62745,6.1858225,1010.0903,28.2,48.9,437.0,35.1,22.0,32.44
2026-03-25 22:00:00,25.1,77.314926,7.458606,1010.5895,26.4,45.8,358.0,28.1,29.0,30.92
2026-03-25 23:00:00,24.75,78.461876,6.489992,1010.4886,23.8,42.7,263.0,20.4,38.0,29.2
2026-03-26 00:00:00,24.8,79.92942,9.746631,1010.8883,21.4,37.5,218.0,16.3,38.0,26.34
2026-03-26 01:00:00,25.0,78.49765,11.726277,1011.988,21.8,37.0,277.0,22.8,32.0,26.52
2026-03-26 02:00:00,24.95,78.009346,9.693296,1012.1878,25.5,40.0,386.0,31.3,23.0,28.9
2026-03-26 03:00:00,24.75,77.98017,9.432412,1012.9866,27.6,43.9,448.0,34.9,24.0,31.42
2026-03-26 04:00:00,25.3,74.770454,6.3690495,1013.3878,25.4,47.8,408.0,28.7,41.0,32.72
2026-03-26 05:00:00,28.0,59.762833,6.8138976,1013.59503,24.3,49.2,321.0,17.5,66.0,34.52
2026-03-26 06:00:00,29.75,50.10146,10.1376915,1012.99994,25.1,53.9,252.0,8.7,87.0,37.69
2026-03-26 07:00:00,30.3,47.487396,15.236338,1012.8017,27.5,60.5,224.0,5.3,102.0,41.94
2026-03-26 08:00:00,30.1,48.035435,15.991659,1012.60114,27.4,61.7,214.0,4.2,113.0,43.62
2026-03-26 09:00:00,30.25,46.000736,15.25865,1012.00195,26.1,58.9,217.0,4.2,117.0,43.01
2026-03-26 10:00:00,29.6,50.062523,14.974658,1011.10114,24.8,55.8,238.0,4.4,111.0,40.87
2026-03-26 11:00:00,29.05,52.49514,12.904882,1010.3002,23.4,51.9,272.0,5.6,99.0,37.77
2026-03-26 12:00:00,28.3,51.811695,12.261158,1011.09766,15.6,33.5,303.0,7.9,77.0,27.24
2026-03-26 13:00:00,27.45,56.18942,11.173057,1011.2953,16.1,31.4,323.0,13.6,65.0,26.12
2026-03-26 14:00:00,26.4,63.63028,9.449572,1011.39233,17.6,28.3,340.0,21.5,48.0,24.88
2026-03-26 15:00:00,25.7,71.01284,7.3094187,1012.18976,18.5,28.9,354.0,27.7,35.0,24.44
2026-03-26 16:00:00,25.4,74.55664,6.122647,1012.78827,19.5,29.1,371.0,31.2,29.0,24.6
2026-03-26 17:00:00,25.15,77.32241,6.924738,1013.2873,20.5,29.4,385.0,33.0,26.0,24.98
2026-03-26 18:00:00,25.4,80.50029,8.211235,1013.48773,20.7,29.3,386.0,32.7,26.0,25.02
2026-03-26 19:00:00,25.4,80.99323,7.9220443,1012.88824,20.7,28.8,363.0,29.1,29.0,24.82
2026-03-26 20:00:00,25.15,82.96254,6.5248446,1012.4879,19.4,27.4,326.0,23.3,35.0,23.92
2026-03-26 21:00:00,24.65,85.21473,7.0107627,1011.8871,17.5,25.4,293.0,18.2,40.0,22.56
2026-03-26 22:00:00,24.3,87.55084,7.7879906,1011.38666,15.8,23.4,254.0,14.3,43.0,21.18
2026-03-26 23:00:00,24.0,89.68569,7.8954163,1011.08594,14.6,21.2,219.0,11.0,45.0,19.94
2026-03-27 00:00:00,23.65,93.2803,6.151683,1011.5846,14.9,21.0,239.0,12.2,41.0,19.63
2026-03-27 01:00:00,23.7,92.71775,6.7757506,1011.9845,14.5,19.6,372.0,13.9,40.0,19.26
2026-03-27 02:00:00,23.7,92.999855,7.5363917,1012.1843,16.6,21.7,560.0,16.1,38.0,20.76
2026-03-27 03:00:00,24.9,86.28348,6.2405767,1012.887,16.8,23.1,678.0,16.7,43.0,21.98
2026-03-27 04:00:00,26.7,74.99787,5.12289,1013.29175,16.2,24.4,665.0,14.2,58.0,23.81
2026-03-27 05:00:00,28.65,60.098015,1.5484185,1013.3968,16.5,27.4,583.0,10.0,78.0,26.93
2026-03-27 06:00:00,29.95,54.050396,3.8647635,1013.20044,16.5,28.3,494.0,6.7,96.0,29.32
2026-03-27 07:00:00,30.75,52.11087,11.753876,1012.8026,16.6,29.0,406.0,5.1,111.0,31.52
2026-03-27 08:00:00,30.7,51.615456,13.337016,1012.0033,18.2,33.5,311.0,4.4,124.0,35.06
2026-03-27 09:00:00,31.0,48.574787,15.275627,1011.2049,19.3,38.9,245.0,4.3,127.0,37.12
2026-03-27 10:00:00,30.1,53.586628,18.162169,1010.6027,16.6,30.0,229.0,4.7,113.0,31.96
2026-03-27 11:00:00,28.9,59.05032,19.73854,1010.00006,11.8,21.9,241.0,5.8,90.0,24.65
2026-03-27 12:00:00,27.8,65.729965,20.633371,1010.0972,3.7,3.9,254.0,7.0,72.0,14.48
2026-03-27 13:00:00,27.05,69.53089,17.571909,1009.5957,3.5,3.7,261.0,10.6,63.0,13.53
2026-03-27 14:00:00,26.25,75.15479,12.673074,1009.1937,4.5,5.0,268.0,15.7,50.0,13.1
2026-03-27 15:00:00,25.8,81.04434,14.973576,1009.39233,6.1,7.4,269.0,19.2,41.0,13.56
2026-03-27 16:00:00,25.65,81.27231,15.009236,1009.4919,6.7,10.0,262.0,20.3,37.0,13.95
2026-03-27 17:00:00,25.35,82.98576,12.710091,1009.19116,7.6,13.2,249.0,19.9,37.0,14.98
2026-03-27 18:00:00,25.4,84.00684,12.442153,1008.7915,8.0,15.3,231.0,18.3,38.0,15.51
2026-03-27 19:00:00,25.25,86.05555,15.808263,1008.4915,7.1,14.6,202.0,14.7,42.0,14.98
2026-03-27 20:00:00,25.1,87.3555,19.08085,1008.39124,5.7,12.2,167.0,9.9,48.0,13.98
2026-03-27 21:00:00,24.95,87.077644,18.044046,1007.59155,4.7,9.6,141.0,6.2,52.0,13.0
2026-03-27 22:00:00,24.75,86.79539,15.124284,1006.69165,4.3,7.0,127.0,4.5,52.0,12.02
2026-03-27 23:00:00,24.75,86.53191,14.799459,1006.3919,4.5,7.0,123.0,3.9,51.0,11.88
2026-03-28 00:00:00,25.0,83.45263,15.206537,1006.8921,4.3,6.2,136.0,5.0,49.0,11.49
2026-03-28 01:00:00,25.0,82.44026,14.332341,1007.0919,4.8,8.2,182.0,6.4,48.0,12.2
2026-03-28 02:00:00,25.1,80.46092,14.545515,1007.392,6.5,12.0,246.0,8.2,46.0,13.78
2026-03-28 03:00:00,26.1,72.85934,20.833395,1007.7942,8.3,17.2,283.0,8.9,48.0,16.12
2026-03-28 04:00:00,27.2,65.80888,23.231855,1008.49677,8.4,19.7,269.0,7.5,56.0,17.67
2026-03-28 05:00:00,28.0,63.97456,22.945587,1008.89874,9.1,23.6,228.0,5.1,67.0,20.09
2026-03-28 06:00:00,29.05,54.332897,19.110542,1008.30176,10.2,26.3,198.0,3.3,76.0,22.26
2026-03-28 07:00:00,29.5,54.614082,20.712517,1008.0032,11.1,29.3,191.0,2.7,81.0,23.96
2026-03-28 08:00:00,30.25,47.773758,21.2522,1007.0059,11.8,34.7,194.0,2.8,83.0,25.71
2026-03-28 09:00:00,30.1,47.136337,22.840149,1006.5059,12.8,41.2,202.0,3.1,82.0,27.41
2026-03-28 10:00:00,29.4,49.853466,23.433899,1006.2044,13.1,48.2,219.0,3.5,76.0,28.12
2026-03-28 11:00:00,28.05,61.84839,21.349546,1005.6014,12.0,51.3,240.0,4.2,66.0,26.79
2026-03-28 12:00:00,27.75,60.45296,20.83184,1004.801,9.2,37.5,252.0,6.1,58.0,21.72
2026-03-28 13:00:00,27.0,65.97133,19.45083,1004.89905,7.2,24.6,245.0,7.6,53.0,17.61
2026-03-28 14:00:00,26.3,71.56163,20.39091,1004.9971,6.4,12.7,228.0,9.7,47.0,14.24
2026-03-28 15:00:00,26.05,71.51666,20.780453,1005.2962,6.3,9.9,214.0,10.9,43.0,13.22
2026-03-28 16:00:00,25.9,70.83018,20.870687,1005.8954,6.2,10.2,210.0,10.6,44.0,13.33
2026-03-28 17:00:00,25.8,70.37494,20.833395,1006.09503,7.4,17.5,209.0,9.4,47.0,15.66
2026-03-28 18:00:00,26.15,67.8723,19.820442,1005.99603,12.1,37.8,203.0,8.0,54.0,22.91
2026-03-28 19:00:00,26.0,65.96984,19.267569,1005.6959,18.2,55.8,185.0,6.5,66.0,31.14
2026-03-28 20:00:00,25.55,67.332275,19.440834,1005.4949,22.2,60.8,161.0,4.9,81.0,36.14
2026-03-28 21:00:00,25.25,71.59382,18.733839,1005.19415,22.5,56.2,145.0,3.7,93.0,37.0
2026-03-28 22:00:00,25.1,68.30091,19.627428,1004.99396,20.7,49.0,137.0,3.0,97.0,35.15
2026-03-28 23:00:00,24.85,70.19752,19.660416,1004.89343,18.8,43.5,138.0,2.8,98.0,33.22
2026-03-29 00:00:00,24.55,73.04216,19.738539,1004.6926,17.8,38.2,157.0,3.6,96.0,31.48
2026-03-29 01:00:00,24.75,71.28121,18.921415,1005.1928,17.0,36.9,217.0,5.6,96.0,31.12
2026-03-29 02:00:00,24.7,69.29801,17.828178,1005.792,17.5,36.6,297.0,8.2,96.0,31.7
2026-03-29 03:00:00,25.65,62.478294,18.57143,1006.69415,18.0,40.3,342.0,9.5,100.0,33.48
2026-03-29 04:00:00,26.8,53.76989,18.687086,1007.6962,16.4,36.2,320.0,8.2,112.0,33.47
2026-03-29 05:00:00,27.95,44.36939,18.35647,1008.3988,14.8,31.0,264.0,5.6,129.0,33.79
2026-03-29 06:00:00,28.5,54.70783,19.42416,1008.50024,13.4,29.2,222.0,3.6,141.0,34.23
2026-03-29 07:00:00,29.15,52.68524,21.461555,1008.6018,13.6,33.2,211.0,3.0,144.0,35.49
2026-03-29 08:00:00,29.0,53.478115,20.128637,1008.20184,14.7,40.2,213.0,3.0,143.0,37.29
2026-03-29 09:00:00,29.1,47.61955,19.69993,1007.4027,15.9,47.7,222.0,3.3,140.0,38.98
2026-03-29 10:00:00,28.9,43.081,19.300331,1006.80255,17.1,56.1,240.0,3.7,137.0,40.88
2026-03-29 11:00:00,28.5,39.242638,18.727785,1006.302,18.7,67.3,266.0,4.5,132.0,43.29
2026-03-29 12:00:00,27.7,42.19966,17.703253,1006.29987,18.9,73.8,290.0,6.2,124.0,43.74
2026-03-29 13:00:00,26.75,49.95288,17.325874,1006.5971,18.9,68.7,311.0,9.7,119.0,42.5
2026-03-29 14:00:00,25.95,55.64441,18.792551,1007.19434,18.1,55.1,330.0,14.5,111.0,38.9
2026-03-29 15:00:00,25.65,61.696804,12.659004,1007.29364,18.5,45.3,339.0,17.9,105.0,36.75
2026-03-29 16:00:00,25.3,65.20876,13.33094,1007.1928,18.7,42.4,337.0,19.0,101.0,35.83
2026-03-29 17:00:00,24.95,67.8457,13.849477,1007.39166,19.1,42.5,325.0,18.7,99.0,35.71
2026-03-29 18:00:00,25.15,64.16105,12.599998,1007.392,19.8,45.1,304.0,17.6,98.0,36.26
2026-03-29 19:00:00,25.35,65.424,12.886039,1006.9929,20.3,48.1,266.0,15.4,99.0,36.93
2026-03-29 20:00:00,25.5,58.06493,14.447172,1006.5936,20.3,50.5,219.0,12.3,102.0,37.4
2026-03-29 21:00:00,25.15,59.664005,14.734735,1006.193,20.1,51.3,185.0,9.8,105.0,37.53
2026-03-29 22:00:00,24.9,65.12439,15.062033,1006.1924,19.7,49.7,170.0,8.1,108.0,37.21
2026-03-29 23:00:00,24.8,65.92758,14.739132,1006.29193,18.9,44.7,169.0,6.9,110.0,35.92
2026-03-30 00:00:00,23.95,61.90088,14.230248,1006.1899,17.1,36.4,189.0,5.7,115.0,33.93
2026-03-30 01:00:00,23.8,62.461693,14.221139,1006.6891,17.1,32.7,254.0,7.3,115.0,33.43
2026-03-30 02:00:00,23.75,62.849815,13.88919,1007.4881,19.0,33.1,342.0,9.4,116.0,34.93
2026-03-30 03:00:00,24.65,60.502193,15.351793,1008.29,20.3,39.8,389.0,10.3,119.0,37.5
2026-03-30 04:00:00,25.7,55.58262,14.618837,1009.29205,20.2,41.6,357.0,8.7,127.0,38.78
2026-03-30 05:00:00,26.55,50.382973,13.229694,1009.69403,20.5,43.2,284.0,5.8,138.0,40.46
2026-03-30 06:00:00,27.45,47.78849,15.3264475,1010.19617,20.7,44.6,230.0,3.6,145.0,41.56
2026-03-30 07:00:00,27.9,43.22414,15.655861,1010.1974,20.3,45.1,217.0,2.8,147.0,41.64
2026-03-30 08:00:00,28.2,40.32551,16.454994,1009.7983,19.6,45.9,222.0,2.7,145.0,41.14
2026-03-30 09:00:00,28.25,38.412,15.717823,1008.5996,19.2,45.8,232.0,3.1,143.0,40.68
2026-03-30 10:00:00,28.0,37.96653,16.284779,1007.89954,18.7,44.8,245.0,3.6,141.0,40.0
2026-03-30 11:00:00,27.55,38.722397,15.426537,1007.0989,18.1,43.3,264.0,4.6,138.0,39.1
2026-03-30 12:00:00,26.65,41.635036,15.577022,1007.29614,14.5,34.0,286.0,6.6,133.0,34.99
2026-03-30 13:00:00,25.7,47.47294,14.637663,1007.3936,15.5,34.8,314.0,10.4,124.0,34.87
2026-03-30 14:00:00,24.8,53.606876,13.926464,1007.49097,17.9,34.2,346.0,15.5,110.0,34.61
2026-03-30 15:00:00,24.65,57.492184,15.182015,1008.29,20.1,39.9,366.0,18.9,101.0,36.02
2026-03-30 16:00:00,24.45,59.5001,13.722565,1008.78894,20.4,42.5,371.0,19.2,98.0,36.28
2026-03-30 17:00:00,24.4,59.67852,12.791403,1009.18866,21.3,43.4,366.0,17.9,99.0,36.86
2026-03-30 18:00:00,24.15,57.003563,11.391313,1008.7884,22.1,44.9,347.0,16.0,101.0,37.58
2026-03-30 19:00:00,24.05,57.716434,11.521406,1008.788,22.5,47.5,306.0,13.5,104.0,38.38
2026-03-30 20:00:00,23.85,61.28872,11.341428,1008.2878,23.1,51.8,251.0,10.5,108.0,39.69
2026-03-30 21:00:00,23.9,61.300144,12.783802,1007.68866,24.1,57.2,212.0,8.2,111.0,41.37
2026-03-30 22:00:00,23.7,59.32357,12.882267,1007.3882,25.2,62.2,184.0,6.2,112.0,42.77
2026-03-30 23:00:00,23.4,61.97446,12.580699,1007.5872,25.5,62.6,172.0,5.0,111.0,42.67
2026-03-31 00:00:00,23.35,64.17866,8.209263,1007.2874,23.0,53.2,214.0,5.5,114.0,40.07
2026-03-31 01:00:00,23.35,65.00138,9.321845,1008.0868,23.4,52.4,378.0,11.9,106.0,39.87
2026-03-31 02:00:00,23.55,64.42661,8.688613,1008.98663,26.6,53.1,597.0,20.5,94.0,41.1
2026-03-31 03:00:00,24.55,59.904198,8.885877,1009.8885,27.9,56.1,709.0,24.8,91.0,42.54
2026-03-31 04:00:00,25.75,52.149124,10.158444,1010.4911,24.7,58.9,608.0,20.6,103.0,42.67
2026-03-31 05:00:00,26.65,47.11586,11.276968,1010.8933,23.8,55.4,402.0,12.2,122.0,43.11
2026-03-31 06:00:00,26.5,45.42669,12.348051,1010.89307,23.7,53.3,247.0,5.8,136.0,43.78
2026-03-31 07:00:00,27.25,44.899174,12.399113,1010.3953,22.8,50.4,214.0,4.0,140.0,43.08
2026-03-31 08:00:00,27.4,44.940067,12.399113,1009.996,22.3,48.7,233.0,4.1,140.0,42.5
2026-03-31 09:00:00,27.3,45.791824,12.534257,1008.99677,22.3,47.4,255.0,4.6,138.0,42.02
2026-03-31 10:00:00,27.4,45.23137,13.681184,1008.2973,22.3,45.8,266.0,4.8,137.0,41.58
2026-03-31 11:00:00,27.2,45.91269,14.581111,1007.59753,21.5,43.3,281.0,5.3,135.0,40.46
2026-03-31 12:00:00,26.5,49.249897,13.149859,1007.59576,19.7,39.2,293.0,6.8,132.0,38.51
2026-03-31 13:00:00,25.75,54.540802,14.345898,1007.9931,20.0,38.6,292.0,9.3,126.0,38.02
2026-03-31 14:00:00,25.1,57.969162,13.943901,1008.691,20.7,36.9,289.0,12.9,118.0,37.37
2026-03-31 15:00:00,25.05,57.222496,12.966248,1008.8905,22.5,41.0,309.0,16.5,110.0,38.43
2026-03-31 16:00:00,24.95,56.29105,12.24,1009.6898,24.5,45.3,385.0,20.4,101.0,39.52
2026-03-31 17:00:00,24.7,58.244026,9.243311,1009.88873,26.6,48.5,484.0,24.3,92.0,40.44
2026-03-31 18:00:00,24.45,62.210674,9.721666,1010.08795,28.9,51.3,538.0,25.9,87.0,41.64
2026-03-31 19:00:00,24.5,63.81864,8.865799,1009.58875,29.6,53.0,508.0,23.3,89.0,42.25
2026-03-31 20:00:00,24.45,64.82416,8.43699,1009.18866,27.8,51.9,432.0,18.4,94.0,41.14
2026-03-31 21:00:00,24.0,67.65607,7.293888,1008.48804,25.5,49.5,358.0,14.3,98.0,39.5
2026-03-31 22:00:00,23.85,69.35203,8.827343,1008.088,23.6,45.8,281.0,11.6,98.0,37.4
2026-03-31 23:00:00,23.35,72.37733,8.427383,1007.88696,22.0,41.6,206.0,9.8,96.0,35.19
2026-04-01 00:00:00,24.0,70.03756,9.354806,1008.1883,21.8,39.5,197.0,11.7,91.0,34.2
2026-04-01 01:00:00,23.9,70.45972,10.096059,1008.3881,21.0,36.9,329.0,17.2,87.0,33.51
2026-04-01 02:00:00,23.7,71.761406,9.391102,1008.78705,23.7,38.2,527.0,24.5,82.0,35.46
2026-04-01 03:00:00,24.85,66.98098,9.854075,1009.5897,25.4,41.1,634.0,27.6,85.0,37.81
2026-04-01 04:00:00,26.4,57.73027,13.339445,1010.1933,21.7,40.0,552.0,22.5,102.0,37.53
2026-04-01 05:00:00,27.4,53.242786,13.418153,1010.49554,20.4,38.0,378.0,13.2,127.0,38.83
2026-04-01 06:00:00,27.85,50.400726,15.299999,1010.79663,19.8,37.0,249.0,6.1,144.0,39.82
2026-04-01 07:00:00,28.5,48.06799,14.897651,1010.79846,18.6,36.4,225.0,3.8,146.0,39.05
2026-04-01 08:00:00,28.6,47.78965,14.761098,1009.99945,16.9,35.6,245.0,3.7,141.0,37.28
2026-04-01 09:00:00,29.0,43.525494,13.31635,1009.10114,16.0,36.6,267.0,4.2,134.0,36.05
2026-04-01 10:00:00,28.9,44.20136,12.801531,1007.80176,14.8,34.9,277.0,4.8,126.0,34.0
2026-04-01 11:00:00,28.0,49.803062,14.897651,1007.00024,14.3,34.5,288.0,5.9,116.0,32.34
2026-04-01 12:00:00,27.0,55.550884,15.885956,1007.69684,18.1,43.4,300.0,8.2,105.0,34.71
2026-04-01 13:00:00,26.25,60.29794,15.39184,1007.8948,17.7,42.0,311.0,10.9,97.0,33.44
2026-04-01 14:00:00,25.6,63.059097,12.466867,1008.2926,17.9,39.8,322.0,14.8,85.0,31.88
2026-04-01 15:00:00,25.2,65.59798,12.261158,1008.8912,19.2,39.0,334.0,18.0,75.0,31.35
2026-04-01 16:00:00,24.9,69.98838,10.805999,1009.48975,20.0,39.0,357.0,20.1,70.0,31.31
2026-04-01 17:00:00,24.7,73.0681,9.114471,1009.78876,20.7,39.6,382.0,21.6,66.0,31.41
2026-04-01 18:00:00,24.7,76.30683,8.528657,1009.2892,21.3,40.0,381.0,22.2,64.0,31.58
2026-04-01 19:00:00,24.85,76.566,11.525623,1009.38983,21.3,39.7,326.0,21.1,63.0,31.21
2026-04-01 20:00:00,24.95,75.64218,11.659777,1009.5899,20.7,38.9,245.0,19.1,62.0,30.3
2026-04-01 21:00:00,24.55,78.43322,7.731622,1008.58954,20.5,38.3,191.0,17.8,60.0,29.58
2026-04-01 22:00:00,24.15,80.33556,4.3349743,1008.38873,21.0,38.8,181.0,17.7,55.0,29.16
2026-04-01 23:00:00,23.6,83.29294,6.452441,1007.7876,22.1,41.4,197.0,18.4,50.0,29.59
2026-04-02 00:00:00,23.2,86.385185,1.6199999,1008.4861,18.7,36.1,239.0,14.3,58.0,27.42
2026-04-02 01:00:00,23.35,85.34307,1.1525624,1008.0868,19.6,38.0,329.0,16.4,60.0,28.86
2026-04-02 02:00:00,23.2,87.1858,6.924738,1008.9857,22.9,42.6,445.0,19.3,63.0,32.32
2026-04-02 03:00:00,23.75,78.8051,12.758432,1010.08606,23.3,61.7,521.0,20.6,67.0,37.13
2026-04-02 04:00:00,21.35,82.25397,15.122143,1011.4783,24.2,69.2,522.0,19.0,71.0,39.44
2026-04-02 05:00:00,21.5,80.99162,10.650465,1012.3782,25.4,79.2,483.0,15.8,76.0,42.31
2026-04-02 06:00:00,23.75,73.820496,4.913044,1011.8846,27.5,95.9,447.0,13.1,82.0,47.2
2026-04-02 07:00:00,24.25,72.31044,8.669949,1012.0861,28.8,101.3,428.0,11.2,89.0,49.69
2026-04-02 08:00:00,24.0,73.40352,11.016824,1011.28577,31.5,110.8,413.0,9.8,97.0,53.93
2026-04-02 09:00:00,24.25,74.83013,10.706596,1010.58734,33.2,115.9,403.0,9.2,101.0,56.31
2026-04-02 10:00:00,21.8,81.53977,6.5024605,1010.3805,32.8,114.8,400.0,9.4,99.0,55.62
2026-04-02 11:00:00,23.9,72.70167,8.287822,1009.18744,29.4,103.1,404.0,10.5,93.0,50.84
2026-04-02 12:00:00,20.3,85.56418,1.659518,1009.87683,21.0,59.5,413.0,11.5,90.0,37.63
2026-04-02 13:00:00,20.5,85.58451,7.208994,1009.178,20.9,57.0,433.0,16.1,83.0,36.72
2026-04-02 14:00:00,20.5,85.85387,1.9386592,1008.87823,21.2,51.7,460.0,22.4,73.0,35.25
2026-04-02 15:00:00,20.5,85.31589,1.6299692,1009.3778,17.8,35.0,477.0,26.3,66.0,29.74
2026-04-02 16:00:00,20.55,85.05327,1.2979984,1009.9773,12.4,25.6,467.0,25.2,66.0,25.0
2026-04-02 17:00:00,20.5,86.93885,4.4456716,1010.47687,11.3,21.7,449.0,21.7,69.0,23.6
2026-04-02 18:00:00,18.2,91.54434,21.67487,1011.0698,12.0,21.1,462.0,19.3,70.0,23.62
2026-04-02 19:00:00,19.15,88.75791,6.384293,1010.2732,12.4,20.7,541.0,19.4,67.0,23.3
2026-04-02 20:00:00,19.15,91.31498,5.9617786,1009.87354,13.2,20.4,653.0,20.6,63.0,23.22
2026-04-02 21:00:00,19.55,89.91579,7.6473517,1009.1751,13.3,20.5,736.0,21.7,59.0,22.86
2026-04-02 22:00:00,18.8,91.29273,7.570707,1008.37384,13.1,21.2,742.0,22.2,56.0,22.52
2026-04-02 23:00:00,17.9,93.58285,8.11798,1007.9716,13.6,21.3,720.0,22.6,52.0,22.25
2026-04-03 00:00:00,17.7,94.768654,7.353611,1008.7703,14.6,26.0,754.0,19.1,53.0,23.32
2026-04-03 01:00:00,17.8,92.98577,6.7205353,1009.0705,16.4,27.2,944.0,22.1,50.0,24.46
2026-04-03 02:00:00,18.05,91.24476,4.6938257,1009.5707,19.7,29.2,1190.0,26.1,46.0,26.5
2026-04-03 03:00:00,19.1,87.0837,4.143911,1010.27295,19.7,30.6,1277.0,27.1,49.0,27.39
2026-04-03 04:00:00,20.8,78.132866,2.6999998,1010.9771,16.3,27.0,1051.0,22.5,63.0,26.38
2026-04-03 05:00:00,22.6,71.33603,3.6,1011.182,13.6,23.3,666.0,15.0,83.0,26.16
2026-04-03 06:00:00,24.05,60.750183,8.287822,1011.5858,12.5,21.9,370.0,9.0,100.0,26.98
2026-04-03 07:00:00,24.85,53.966057,11.307095,1010.9885,12.2,21.9,269.0,6.1,112.0,28.2
2026-04-03 08:00:00,25.25,51.519,12.580699,1010.48987,12.0,22.5,257.0,4.6,120.0,29.19
2026-04-03 09:00:00,25.25,51.85254,12.904882,1009.4907,10.7,22.0,264.0,4.0,124.0,28.95
2026-04-03 10:00:00,25.35,51.378983,12.904882,1008.5917,10.4,23.0,268.0,3.8,122.0,28.67
2026-04-03 11:00:00,24.85,54.489452,13.4903965,1008.0909,10.5,23.4,291.0,4.5,115.0,27.86
2026-04-03 12:00:00,24.5,63.81864,12.819235,1007.7901,12.7,29.7,334.0,6.6,104.0,28.88
2026-04-03 13:00:00,24.0,65.7608,11.525623,1007.68866,13.7,30.6,414.0,11.7,91.0,28.38
2026-04-03 14:00:00,23.4,69.26533,10.070353,1008.1867,15.8,29.9,514.0,18.9,73.0,27.66
2026-04-03 15:00:00,23.3,71.91498,10.1902895,1008.4861,18.2,32.7,581.0,25.5,58.0,28.17
2026-04-03 16:00:00,23.2,74.42375,9.194106,1009.4853,20.7,35.2,595.0,31.7,49.0,29.5
2026-04-03 17:00:00,23.05,76.286644,7.7588143,1009.98425,23.9,37.4,577.0,37.2,44.0,31.61
2026-04-03 18:00:00,23.15,70.987755,6.778141,1009.78467,24.9,37.7,532.0,38.9,44.0,32.43
2026-04-03 19:00:00,23.3,69.465034,7.42159,1009.4853,23.5,35.9,444.0,33.8,52.0,31.8
2026-04-03 20:00:00,22.85,68.72161,6.6405115,1009.3841,21.1,32.4,330.0,24.9,65.0,30.52
2026-04-03 21:00:00,22.45,67.77421,7.995323,1008.6838,18.5,28.3,246.0,17.7,75.0,28.82
2026-04-03 22:00:00,22.05,68.1277,9.187056,1008.4826,16.4,24.4,181.0,13.2,79.0,26.91
2026-04-03 23:00:00,21.7,70.26853,9.726664,1008.5816,15.1,21.7,147.0,10.3,80.0,25.44
2026-04-04 00:00:00,21.35,80.46431,7.282774,1008.8804,15.9,24.5,234.0,12.3,79.0,26.55
2026-04-04 01:00:00,20.85,84.28723,5.896202,1009.17896,16.9,24.8,586.0,20.6,73.0,27.45
2026-04-04 02:00:00,20.45,87.48135,4.913044,1009.7771,23.2,31.5,1059.0,31.7,65.0,32.41
2026-04-04 03:00:00,21.75,84.64913,2.6758924,1010.2805,23.9,31.0,1310.0,36.6,67.0,33.69
2026-04-04 04:00:00,23.95,74.08507,2.1897945,1010.8861,17.3,27.9,1121.0,29.4,89.0,31.99
2026-04-04 05:00:00,25.7,65.08901,4.471107,1010.9907,15.8,32.5,709.0,16.1,122.0,35.12
2026-04-04 06:00:00,26.95,56.244495,7.596341,1010.8943,15.7,36.0,386.0,5.9,145.0,37.69
2026-04-04 07:00:00,27.45,53.087112,11.854062,1010.79565,14.7,35.9,278.0,2.8,150.0,37.45
2026-04-04 08:00:00,27.5,50.792294,14.25641,1010.396,13.6,34.1,259.0,2.9,145.0,35.8
2026-04-04 09:00:00,27.5,50.309464,14.447172,1009.5967,12.7,29.8,262.0,3.5,139.0,33.68
2026-04-04 10:00:00,27.35,48.223564,14.49531,1008.5971,12.6,27.7,269.0,3.5,135.0,32.61
2026-04-04 11:00:00,26.85,49.819283,14.110209,1008.0962,12.9,26.9,298.0,4.1,130.0,31.94
2026-04-04 12:00:00,25.65,53.30775,14.168641,1008.69257,10.7,21.2,333.0,6.5,124.0,29.16
2026-04-04 13:00:00,24.9,58.106255,12.750811,1008.9901,11.7,22.8,380.0,12.3,112.0,29.06
2026-04-04 14:00:00,23.95,65.95865,12.466867,1009.28735,14.1,22.9,433.0,20.2,96.0,29.06
2026-04-04 15:00:00,23.8,67.829704,13.971756,1009.6867,16.1,24.5,460.0,26.0,84.0,29.45
2026-04-04 16:00:00,23.7,68.23913,13.570615,1009.88617,16.6,24.9,440.0,27.8,79.0,29.3
2026-04-04 17:00:00,23.75,68.68072,13.842457,1010.8854,17.3,25.0,393.0,27.4,78.0,29.46
2026-04-04 18:00:00,24.1,67.67611,12.221456,1010.6865,17.3,24.6,348.0,26.0,78.0,29.17
2026-04-04 19:00:00,24.0,68.08371,10.621525,1010.38654,16.3,23.3,313.0,23.5,77.0,27.88
2026-04-04 20:00:00,23.55,70.83848,8.649369,1010.2856,15.7,22.4,281.0,20.1,77.0,26.9
2026-04-04 21:00:00,23.15,73.25709,7.4932766,1009.68475,16.1,22.7,256.0,17.5,76.0,26.62
2026-04-04 22:00:00,22.85,74.83392,7.628263,1009.48395,16.3,22.8,205.0,15.6,73.0,26.0
2026-04-04 23:00:00,22.6,76.45559,7.406295,1009.2835,16.4,22.8,161.0,14.6,69.0,25.3
2026-04-05 00:00:00,22.1,83.119354,7.889259,1009.682,14.2,18.7,231.0,12.0,71.0,23.29
2026-04-05 01:00:00,22.4,80.60344,6.689125,1009.8828,15.6,19.7,558.0,22.1,62.0,24.36
2026-04-05 02:00:00,22.4,80.85542,6.193674,1010.2825,24.3,28.8,998.0,35.5,51.0,30.88
2026-04-05 03:00:00,23.35,78.99341,5.195113,1011.0844,27.4,32.0,1226.0,41.6,52.0,34.14
2026-04-05 04:00:00,24.8,70.62722,5.426933,1011.2879,20.7,29.0,1031.0,33.3,76.0,32.55
2026-04-05 05:00:00,26.35,61.66048,6.330782,1011.59216,19.1,29.1,624.0,17.7,113.0,34.98
2026-04-05 06:00:00,26.85,56.042805,9.299225,1011.8931,18.8,29.9,315.0,5.9,140.0,37.26
2026-04-05 07:00:00,26.9,56.055046,10.538843,1011.79315,17.6,29.0,236.0,2.5,149.0,37.32
2026-04-05 08:00:00,26.95,54.667095,9.67657,1011.0942,16.6,27.8,255.0,2.9,148.0,36.5
2026-04-05 09:00:00,27.05,53.832863,9.3962755,1009.89545,16.1,27.2,283.0,4.0,145.0,35.84
2026-04-05 10:00:00,27.65,51.973286,11.435313,1009.2975,15.4,26.3,282.0,4.3,142.0,34.9
2026-04-05 11:00:00,26.55,58.868477,12.534257,1008.5949,15.1,26.0,291.0,5.2,136.0,33.93
2026-04-05 12:00:00,26.35,53.145416,11.43248,1008.7944,15.7,27.7,338.0,8.9,131.0,34.38
2026-04-05 13:00:00,25.45,58.05298,11.738705,1008.7919,16.5,28.5,454.0,15.5,114.0,33.38
2026-04-05 14:00:00,24.7,63.660698,9.688281,1009.08936,19.0,28.3,607.0,24.8,91.0,32.53
2026-04-05 15:00:00,24.1,68.74913,9.793059,1009.3876,20.6,29.8,738.0,32.6,72.0,31.95
2026-04-05 16:00:00,23.85,70.45035,9.144637,1009.98645,21.8,31.3,846.0,38.0,61.0,32.01
2026-04-05 17:00:00,23.55,72.6402,7.748368,1010.18567,23.8,33.5,931.0,41.8,55.0,33.12
2026-04-05 18:00:00,23.8,75.929726,7.771331,1010.2862,25.8,36.2,929.0,42.8,52.0,34.36
2026-04-05 19:00:00,23.95,76.189835,9.6228485,1010.18665,26.2,37.5,773.0,39.4,54.0,34.61
2026-04-05 20:00:00,23.75,77.111725,9.5416975,1009.68634,24.9,37.1,531.0,33.1,58.0,33.54
2026-04-05 21:00:00,23.6,78.53971,8.827344,1009.1865,23.5,36.6,340.0,27.2,63.0,32.6
2026-04-05 22:00:00,23.6,78.53971,8.909545,1008.7868,22.2,36.6,238.0,22.1,66.0,31.64
2026-04-05 23:00:00,23.5,78.03889,8.171683,1008.5867,21.3,36.6,188.0,17.5,69.0,30.94
2026-04-06 00:00:00,23.3,78.74119,8.766573,1008.58606,21.3,37.7,214.0,17.5,66.0,30.72
2026-04-06 01:00:00,23.5,76.59523,10.261579,1008.98627,22.0,41.2,392.0,19.4,69.0,32.5
2026-04-06 02:00:00,23.7,75.67779,8.669949,1009.2866,24.4,44.2,647.0,21.8,73.0,35.26
2026-04-06 03:00:00,24.95,70.87525,7.3997297,1009.78973,24.2,49.5,779.0,21.9,79.0,37.14
2026-04-06 04:00:00,26.25,63.796696,13.169556,1010.093,22.5,52.3,662.0,17.3,91.0,37.95
2026-04-06 05:00:00,27.4,59.067825,13.954354,1010.49554,21.9,52.3,423.0,10.4,104.0,38.57
2026-04-06 06:00:00,27.4,59.438164,13.437455,1010.7953,23.6,64.3,244.0,5.1,113.0,42.38
2026-04-06 07:00:00,28.15,56.71321,16.548256,1010.3978,26.1,83.8,202.0,3.1,112.0,47.08
2026-04-06 08:00:00,28.45,56.25656,18.582766,1009.799,24.7,77.8,219.0,2.7,107.0,44.36
2026-04-06 09:00:00,28.6,57.17659,19.016214,1008.7005,24.0,75.7,247.0,2.9,100.0,42.58
2026-04-06 10:00:00,28.05,60.521397,20.898613,1007.6997,22.2,69.2,278.0,3.5,93.0,39.42
2026-04-06 11:00:00,27.7,62.92971,22.531656,1007.19916,20.4,57.4,320.0,4.8,85.0,35.15
2026-04-06 12:00:00,26.8,70.12772,20.898613,1006.99677,18.7,51.3,345.0,5.7,81.0,32.62
2026-04-06 13:00:00,26.25,74.239655,20.88,1006.89557,17.2,41.9,337.0,8.1,75.0,29.44
2026-04-06 14:00:00,25.7,80.53951,17.84816,1006.9939,17.2,35.7,312.0,11.3,68.0,27.64
2026-04-06 15:00:00,25.45,85.55514,19.406637,1007.1932,17.5,35.2,288.0,13.3,62.0,27.09
2026-04-06 16:00:00,25.4,86.85513,19.239801,1007.6924,17.1,33.4,274.0,12.9,60.0,26.16
2026-04-06 17:00:00,25.3,88.436005,18.921415,1007.7923,17.1,33.9,261.0,11.2,59.0,25.86
2026-04-06 18:00:00,25.4,89.78768,21.517342,1007.49255,17.1,33.9,244.0,9.5,59.0,25.6
2026-04-06 19:00:00,25.2,90.588936,20.570463,1007.4923,16.8,33.2,218.0,7.9,59.0,25.08
2026-04-06 20:00:00,25.35,87.642136,19.67195,1007.0929,16.1,31.5,188.0,6.2,60.0,24.28
2026-04-06 21:00:00,25.15,88.15676,18.126455,1006.69257,15.4,30.2,166.0,4.9,61.0,23.62
2026-04-06 22:00:00,24.95,89.48409,15.536408,1006.1926,14.7,28.9,151.0,4.0,62.0,23.03
2026-04-06 23:00:00,24.75,90.832924,14.0734215,1005.79236,14.4,29.3,144.0,3.4,64.0,23.17
2026-04-07 00:00:00,24.85,87.59878,17.508179,1005.89264,15.3,37.0,161.0,4.2,66.0,25.58
2026-04-07 01:00:00,24.85,83.94636,18.501513,1005.99255,15.8,38.0,228.0,5.8,66.0,26.27
2026-04-07 02:00:00,24.95,81.931984,18.455048,1006.0927,17.7,43.2,318.0,8.0,66.0,28.59
2026-04-07 03:00:00,25.7,81.27861,15.804164,1006.894,21.2,59.0,370.0,9.0,72.0,34.55
2026-04-07 04:00:00,26.9,66.771805,17.698677,1007.3967,24.0,65.0,343.0,7.7,88.0,39.36
2026-04-07 05:00:00,27.75,59.519398,19.580328,1007.4989,25.4,62.4,278.0,5.2,109.0,42.31
2026-04-07 06:00:00,28.8,52.92772,21.528631,1007.8015,25.8,61.7,229.0,3.4,125.0,44.5
2026-04-07 07:00:00,29.15,52.02899,20.454369,1007.6026,27.4,69.2,219.0,2.8,133.0,47.91
2026-04-07 08:00:00,29.25,52.05447,19.245697,1006.8035,29.3,80.3,227.0,2.8,137.0,51.68
2026-04-07 09:00:00,29.05,53.826187,18.568813,1006.00354,31.0,88.9,241.0,3.3,138.0,54.48
2026-04-07 10:00:00,28.9,51.154453,18.33616,1005.20386,31.4,91.0,260.0,3.8,137.0,55.02
2026-04-07 11:00:00,28.5,50.890327,17.935081,1004.7033,31.0,85.9,286.0,4.8,132.0,53.2
2026-04-07 12:00:00,27.55,58.004547,17.534994,1004.6009,27.9,72.6,316.0,7.3,124.0,48.16
2026-04-07 13:00:00,26.5,66.89775,17.325876,1004.49817,24.3,52.4,350.0,11.9,109.0,40.76
2026-04-07 14:00:00,25.65,71.66578,16.904673,1004.4959,22.6,38.9,388.0,18.3,88.0,35.03
2026-04-07 15:00:00,25.4,73.86994,17.311846,1004.7947,23.4,36.9,424.0,22.7,73.0,33.44
2026-04-07 16:00:00,25.05,81.94429,15.14783,1005.1934,23.9,35.9,469.0,23.6,69.0,33.02
2026-04-07 17:00:00,24.65,85.47487,10.9859,1005.792,23.9,35.2,513.0,22.6,70.0,32.88
2026-04-07 18:00:00,24.8,84.97084,11.173057,1005.8923,23.7,34.5,522.0,20.9,74.0,32.98
2026-04-07 19:00:00,24.65,83.15827,10.299397,1006.29156,23.2,33.4,465.0,18.4,79.0,32.89
2026-04-07 20:00:00,24.1,84.379196,7.7420926,1005.8904,22.6,32.0,373.0,15.2,86.0,32.88
2026-04-07 21:00:00,23.65,87.762054,9.266067,1005.2896,22.1,30.7,299.0,12.4,93.0,33.0
2026-04-07 22:00:00,23.45,89.645195,10.209348,1005.0895,21.7,30.0,243.0,10.2,98.0,33.08
2026-04-07 23:00:00,23.35,89.09084,10.483357,1004.7894,21.5,29.6,206.0,8.4,103.0,33.38
2026-04-08 00:00:00,23.2,88.534584,8.311245,1004.5893,21.2,29.1,247.0,6.4,115.0,34.63
2026-04-08 01:00:00,23.2,88.80651,7.342588,1005.08887,21.7,28.9,445.0,9.8,112.0,34.9
2026-04-08 02:00:00,23.4,88.55083,6.130579,1005.78864,24.2,31.5,721.0,14.2,110.0,37.03
2026-04-08 03:00:00,24.7,81.6508,2.9024127,1006.6913,25.1,35.6,895.0,16.7,113.0,39.12
2026-04-08 04:00:00,26.2,69.155235,2.6208394,1007.3949,26.3,45.8,872.0,15.2,128.0,43.79
2026-04-08 05:00:00,27.75,59.14953,2.657668,1007.79865,30.3,64.3,747.0,11.7,148.0,51.96
2026-04-08 06:00:00,28.55,56.63291,6.12,1008.10065,35.7,85.9,628.0,8.6,167.0,61.37
2026-04-08 07:00:00,28.9,59.416615,9.531505,1008.00165,40.2,105.2,545.0,6.6,184.0,69.73
2026-04-08 08:00:00,29.0,59.80786,11.953409,1007.60236,41.7,115.5,468.0,5.1,198.0,74.42
2026-04-08 09:00:00,28.8,58.30013,12.921192,1007.1021,41.2,116.2,415.0,4.8,203.0,75.01
2026-04-08 10:00:00,28.45,59.49657,13.929953,1006.5016,39.2,106.6,390.0,5.8,192.0,70.59
2026-04-08 11:00:00,28.3,60.20413,13.032298,1005.90173,36.9,97.8,390.0,7.9,171.0,64.84
2026-04-08 12:00:00,27.6,63.88889,11.885453,1005.6001,32.1,80.6,419.0,9.8,139.0,54.49
2026-04-08 13:00:00,26.7,71.85347,12.097553,1005.7977,30.7,72.4,498.0,16.7,122.0,50.64
2026-04-08 14:00:00,25.7,80.05007,9.67657,1006.29443,30.3,57.0,606.0,26.2,98.0,45.18
2026-04-08 15:00:00,25.1,83.71855,9.167638,1006.7925,31.3,56.1,687.0,33.3,80.0,43.86
2026-04-08 16:00:00,24.75,85.224945,8.187527,1007.3911,32.1,55.9,712.0,35.8,74.0,43.7
2026-04-08 17:00:00,24.4,86.76307,5.5916004,1007.8897,33.4,56.0,709.0,35.9,73.0,44.24
2026-04-08 18:00:00,24.4,88.90134,5.3999996,1008.38934,34.9,56.9,704.0,35.2,73.0,45.06
2026-04-08 19:00:00,24.2,90.24714,4.68,1008.58856,36.0,57.5,707.0,34.1,71.0,45.26
2026-04-08 20:00:00,23.6,92.99478,5.904439,1008.58704,39.0,63.3,708.0,32.2,70.0,47.49
2026-04-08 21:00:00,23.0,95.259674,5.6492476,1008.3856,41.4,66.1,702.0,30.3,68.0,48.67
2026-04-08 22:00:00,22.5,97.298744,4.198285,1008.1842,40.5,65.2,667.0,27.7,65.0,47.2
2026-04-08 23:00:00,22.1,99.392296,2.50064,1008.38306,39.9,66.1,625.0,25.0,61.0,46.07
2026-04-09 00:00:00,22.1,99.392296,2.5959969,1008.7827,43.3,71.9,640.0,22.8,66.0,49.35
2026-04-09 01:00:00,21.9,98.786,4.293669,1009.48145,50.1,81.0,773.0,27.2,66.0,55.23
2026-04-09 02:00:00,21.65,98.48168,3.319036,1010.3801,58.9,90.8,962.0,32.9,68.0,62.75
2026-04-09 03:00:00,22.75,89.04417,0.8049845,1010.8829,45.6,78.2,1084.0,35.0,79.0,55.54
2026-04-09 04:00:00,25.05,72.451706,1.3708391,1011.3885,43.5,92.4,1087.0,30.1,108.0,60.95
2026-04-09 05:00:00,27.7,56.427105,4.5891175,1011.69556,44.9,112.2,1024.0,21.6,146.0,70.03
2026-04-09 06:00:00,29.0,55.17446,6.9480934,1011.99884,47.1,124.3,926.0,14.3,176.0,76.96
2026-04-09 07:00:00,29.7,56.384045,8.669949,1011.8009,46.9,122.5,780.0,9.8,191.0,78.07
2026-04-09 08:00:00,30.0,56.456326,11.013882,1011.3019,43.4,109.4,600.0,6.6,198.0,74.27
2026-04-09 09:00:00,30.15,54.774345,11.672275,1010.3033,40.0,96.2,462.0,5.1,196.0,69.4
2026-04-09 10:00:00,29.45,57.025684,13.529966,1009.80176,37.5,87.3,399.0,5.5,183.0,64.48
2026-04-09 11:00:00,28.25,60.754795,15.338071,1009.5988,35.0,82.0,378.0,7.6,160.0,59.04
2026-04-09 12:00:00,27.5,65.66797,15.086748,1009.4967,31.9,75.2,379.0,10.8,134.0,52.71
2026-04-09 13:00:00,26.85,65.330315,12.456468,1010.0946,32.7,74.3,400.0,15.2,122.0,51.79
2026-04-09 14:00:00,26.15,74.45107,10.766949,1010.7922,33.1,68.0,444.0,21.3,104.0,48.94
2026-04-09 15:00:00,25.65,76.92413,8.187527,1011.29047,34.1,73.6,498.0,26.3,89.0,49.06
2026-04-09 16:00:00,25.3,79.99659,6.5024605,1012.2887,35.4,68.9,572.0,29.5,79.0,47.76
2026-04-09 17:00:00,24.95,82.1828,7.406295,1012.9872,36.0,65.2,658.0,31.6,71.0,46.43
2026-04-09 18:00:00,24.6,85.73077,8.274128,1013.3859,35.7,63.3,714.0,32.1,66.0,45.22
2026-04-09 19:00:00,24.75,86.007034,6.638072,1012.9866,35.0,62.2,731.0,30.1,63.0,43.91
2026-04-09 20:00:00,24.25,88.35015,8.043805,1012.88544,34.3,60.5,720.0,26.4,62.0,42.51
2026-04-09 21:00:00,23.9,88.861984,6.1226463,1012.18506,33.3,58.8,669.0,23.1,62.0,41.18
2026-04-09 22:00:00,23.95,86.98688,3.4763772,1011.3857,32.2,59.1,507.0,20.0,62.0,40.22
2026-04-09 23:00:00,24.0,85.67114,3.4152596,1011.28577,31.4,60.1,306.0,17.3,61.0,39.46
2026-04-10 00:00:00,23.9,84.099014,5.8104043,1011.4856,31.7,61.9,269.0,19.7,58.0,39.89
2026-04-10 01:00:00,23.85,81.29347,5.983477,1012.1847,31.2,65.4,579.0,26.4,55.0,40.89
2026-04-10 02:00:00,23.95,77.86296,5.5887027,1012.9844,34.2,69.6,1054.0,35.1,52.0,44.08
2026-04-10 03:00:00,25.95,64.9386,3.219938,1013.88904,38.3,72.6,1344.0,38.5,61.0,48.6
2026-04-10 04:00:00,28.9,46.223736,2.7943513,1014.09686,35.2,86.6,1269.0,31.3,92.0,53.41
2026-04-10 05:00:00,30.85,35.98711,5.634891,1014.5015,32.2,81.3,1010.0,18.8,135.0,55.43
2026-04-10 06:00:00,31.45,36.387215,9.375563,1014.5031,31.5,78.7,764.0,9.0,168.0,58.04
2026-04-10 07:00:00,31.75,35.428127,11.304229,1014.00446,28.6,69.6,580.0,5.1,183.0,56.44
2026-04-10 08:00:00,31.7,33.626305,11.39842,1013.3048,27.3,61.9,409.0,3.9,187.0,54.66
2026-04-10 09:00:00,31.25,35.63417,11.384198,1012.40454,26.5,57.3,296.0,4.0,184.0,52.91
2026-04-10 10:00:00,31.75,36.236317,11.466438,1011.8062,25.2,53.0,274.0,4.8,172.0,49.72
2026-04-10 11:00:00,31.0,40.967716,13.584932,1011.6046,24.1,50.6,310.0,6.8,153.0,46.14
2026-04-10 12:00:00,29.7,48.844696,12.466867,1011.50116,29.3,63.6,347.0,10.6,150.0,51.46
2026-04-10 13:00:00,28.3,56.396084,11.966954,1011.69714,29.3,59.0,374.0,16.3,130.0,48.4
2026-04-10 14:00:00,26.65,69.88427,10.658068,1012.19226,30.0,55.2,403.0,24.2,101.0,44.82
2026-04-10 15:00:00,25.85,78.378944,8.019601,1012.6897,30.4,56.7,415.0,29.9,79.0,42.88
2026-04-10 16:00:00,25.35,82.23115,6.601363,1012.3886,30.7,59.6,399.0,31.8,68.0,42.24
2026-04-10 17:00:00,25.0,84.73338,7.771331,1012.5875,31.7,63.1,366.0,31.6,64.0,42.81
2026-04-10 18:00:00,24.85,85.755516,9.867218,1013.2867,32.6,63.6,332.0,29.5,63.0,42.9
2026-04-10 19:00:00,24.75,85.48493,7.9526596,1012.5869,31.3,60.8,301.0,24.6,66.0,41.4
2026-04-10 20:00:00,24.6,85.209595,8.958504,1012.3867,28.8,56.9,269.0,17.9,72.0,39.26
2026-04-10 21:00:00,24.45,84.15919,8.78872,1011.68665,26.7,52.5,243.0,12.5,78.0,37.43
2026-04-10 22:00:00,24.4,84.15373,7.2403865,1011.08716,25.2,49.9,215.0,9.5,82.0,36.3
2026-04-10 23:00:00,23.95,86.98688,7.0407386,1010.6863,24.2,51.2,193.0,7.8,84.0,36.11
2026-04-11 00:00:00,24.1,89.693,8.019601,1010.48663,24.2,53.0,209.0,8.4,83.0,36.41
2026-04-11 01:00:00,24.35,87.555176,9.746631,1010.8871,25.2,58.6,308.0,11.6,82.0,38.36
2026-04-11 02:00:00,24.6,85.992424,9.793058,1011.58734,28.7,66.8,446.0,15.8,82.0,42.38
2026-04-11 03:00:00,26.15,77.4712,9.904906,1012.29095,32.8,84.8,521.0,17.7,86.0,48.92
2026-04-11 04:00:00,27.95,66.77824,11.177405,1012.6954,37.1,107.3,471.0,15.0,99.0,57.11
2026-04-11 05:00:00,29.65,58.319664,11.481968,1012.5,41.7,132.2,358.0,10.1,116.0,66.2
2026-04-11 06:00:00,31.15,52.21207,13.14493,1012.5041,46.1,155.5,272.0,6.2,129.0,74.43
2026-04-11 07:00:00,32.0,47.19643,14.221139,1012.0068,48.7,163.0,246.0,4.6,135.0,77.89
2026-04-11 08:00:00,32.6,43.53739,14.764389,1011.3089,50.1,164.4,246.0,4.1,137.0,79.1
2026-04-11 09:00:00,33.1,40.383263,14.224556,1010.4108,51.2,165.3,258.0,4.6,135.0,79.6
2026-04-11 10:00:00,33.1,39.129925,14.589996,1009.71136,52.6,165.8,272.0,5.7,127.0,79.36
2026-04-11 11:00:00,32.65,38.75991,14.292725,1009.0107,53.8,163.9,299.0,7.8,114.0,77.95
2026-04-11 12:00:00,31.8,43.32118,11.571914,1008.4089,43.4,130.4,354.0,12.2,104.0,65.21
2026-04-11 13:00:00,29.95,53.21729,10.5234585,1008.60406,44.4,120.1,472.0,19.3,86.0,62.02
2026-04-11 14:00:00,27.8,66.33914,9.36173,1009.19794,45.1,108.5,619.0,28.9,62.0,57.88
2026-04-11 15:00:00,27.0,68.24976,6.9270773,1009.8951,44.4,108.3,706.0,35.2,45.0,55.89
2026-04-11 16:00:00,26.6,67.54216,10.483357,1010.39374,43.2,105.7,687.0,35.5,42.0,54.36
2026-04-11 17:00:00,26.6,63.475418,12.0694,1010.29376,41.4,103.4,607.0,32.4,46.0,53.14
2026-04-11 18:00:00,26.55,65.26761,12.24,1010.69324,39.6,99.0,516.0,28.4,51.0,51.51
2026-04-11 19:00:00,26.05,68.274864,10.4493065,1010.1923,36.7,89.9,409.0,23.4,55.0,48.09
2026-04-11 20:00:00,25.65,70.129295,11.414043,1009.59186,33.3,79.4,290.0,17.6,59.0,44.02
2026-04-11 21:00:00,25.4,69.64825,10.718693,1008.8914,31.1,72.2,218.0,13.2,62.0,41.27
2026-04-11 22:00:00,25.15,70.47256,9.037721,1008.29126,30.5,71.2,196.0,10.5,61.0,40.22
2026-04-11 23:00:00,24.65,73.514755,7.1684303,1008.09015,30.7,73.6,220.0,9.3,59.0,40.32
2026-04-12 00:00:00,23.95,77.86296,5.369916,1008.1883,31.1,76.6,338.0,11.9,53.0,40.6
2026-04-12 01:00:00,23.5,80.249115,6.269067,1008.18695,32.6,77.5,657.0,20.6,45.0,41.64
2026-04-12 02:00:00,23.3,78.98639,6.6697226,1008.58606,39.3,85.0,1070.0,32.2,35.0,46.73
2026-04-12 03:00:00,25.35,64.60849,3.710795,1009.19116,43.0,82.7,1304.0,38.1,38.0,49.46
2026-04-12 04:00:00,28.65,46.009315,4.143911,1009.4998,43.4,116.9,1186.0,32.7,65.0,59.74
2026-04-12 05:00:00,32.7,29.383871,3.604497,1009.6102,46.6,168.1,889.0,21.6,105.0,75.91
2026-04-12 06:00:00,34.45,22.804325,1.4512063,1009.71484,46.3,191.4,653.0,12.5,139.0,84.16
2026-04-12 07:00:00,34.85,27.187803,6.9550843,1009.01636,43.9,187.7,576.0,8.0,162.0,84.99
2026-04-12 08:00:00,34.3,38.601612,12.10157,1008.2154,41.1,170.4,560.0,5.5,178.0,82.16
2026-04-12 09:00:00,34.1,37.35196,14.178927,1007.51556,39.9,157.4,550.0,4.8,186.0,80.05
2026-04-12 10:00:00,33.5,36.718533,14.197196,1006.8146,40.0,151.8,523.0,6.2,183.0,78.74
2026-04-12 11:00:00,32.2,45.092213,12.108261,1006.41144,42.8,153.2,502.0,9.4,172.0,79.25
2026-04-12 12:00:00,31.25,50.488873,10.944532,1006.40924,37.4,123.9,508.0,14.1,163.0,70.05
2026-04-12 13:00:00,29.95,57.145123,9.901636,1006.70557,38.5,115.9,574.0,19.1,139.0,66.15
2026-04-12 14:00:00,27.95,72.07468,9.109138,1007.19977,38.9,105.2,667.0,26.0,106.0,60.29
2026-04-12 15:00:00,27.05,77.36908,7.9220443,1007.4973,35.2,101.3,704.0,30.2,80.0,54.39
2026-04-12 16:00:00,26.55,79.67867,8.777653,1008.19525,34.0,97.8,633.0,29.7,69.0,51.37
2026-04-12 17:00:00,26.2,81.09526,9.243311,1008.89374,34.1,98.3,506.0,26.6,66.0,50.6
2026-04-12 18:00:00,26.0,80.82391,8.766573,1009.1931,34.6,98.5,404.0,23.0,66.0,50.35
2026-04-12 19:00:00,25.8,80.06342,8.0599,1008.89276,34.5,99.0,361.0,19.3,68.0,50.15
2026-04-12 20:00:00,25.4,79.52229,6.502461,1008.2919,32.9,92.9,343.0,15.1,72.0,48.09
2026-04-12 21:00:00,25.15,78.519066,7.193247,1007.7917,29.5,76.6,321.0,11.8,75.0,43.09
2026-04-12 22:00:00,24.8,75.384926,8.244708,1007.1912,25.0,58.2,263.0,9.3,77.0,37.08
2026-04-12 23:00:00,24.5,73.71787,9.339208,1006.89087,21.8,46.4,201.0,7.6,78.0,33.02
2026-04-13 00:00:00,24.65,78.20626,8.777653,1007.39075,21.5,40.3,208.0,9.1,74.0,31.28
2026-04-13 01:00:00,24.75,80.66198,8.311245,1007.49097,21.6,38.6,365.0,13.9,71.0,31.26
2026-04-13 02:00:00,25.1,81.202644,7.388775,1007.9915,25.2,41.6,591.0,20.2,68.0,34.15
2026-04-13 03:00:00,26.75,75.23505,7.3997297,1008.89526,27.5,49.5,713.0,23.2,71.0,37.78
2026-04-13 04:00:00,28.75,66.1269,9.906544,1009.5002,29.7,65.2,622.0,19.8,88.0,44.06
2026-04-13 05:00:00,30.85,53.773415,11.226575,1009.60547,34.2,95.7,426.0,13.1,111.0,54.86
2026-04-13 06:00:00,31.45,50.85411,15.206538,1009.7069,42.1,142.0,277.0,7.7,127.0,69.66
2026-04-13 07:00:00,32.3,44.6982,16.244938,1009.4094,47.8,163.9,239.0,5.4,130.0,76.99
2026-04-13 08:00:00,32.9,40.32863,16.770939,1008.9114,49.2,161.1,249.0,4.5,126.0,76.4
2026-04-13 09:00:00,33.4,36.69106,16.120808,1008.21326,47.6,150.9,265.0,4.5,120.0,72.66
2026-04-13 10:00:00,33.0,38.366978,15.509274,1007.6128,42.8,133.6,273.0,5.3,113.0,65.87
2026-04-13 11:00:00,32.35,41.861477,15.7908325,1007.01154,37.6,115.3,287.0,7.0,104.0,58.51
2026-04-13 12:00:00,30.8,48.522396,17.71789,1006.8076,27.2,81.3,316.0,9.2,96.0,45.64
2026-04-13 13:00:00,29.45,54.4321,16.22498,1006.7042,27.2,71.0,373.0,12.5,89.0,43.02
2026-04-13 14:00:00,28.3,59.646675,13.8037815,1007.00085,27.5,60.1,444.0,16.9,79.0,40.16
2026-04-13 15:00:00,27.9,62.006752,10.6261,1007.5994,25.0,54.2,492.0,19.3,73.0,37.19
2026-04-13 16:00:00,27.55,64.27444,9.36173,1008.0981,21.7,44.8,503.0,18.0,74.0,33.61
2026-04-13 17:00:00,27.3,64.820206,9.867218,1008.5971,18.5,39.5,491.0,14.8,79.0,31.22
2026-04-13 18:00:00,26.85,67.38346,8.383054,1008.8955,16.5,38.1,455.0,11.7,84.0,30.22
2026-04-13 19:00:00,26.5,69.85605,9.028754,1008.3951,15.1,34.8,379.0,9.2,87.0,28.94
2026-04-13 20:00:00,26.15,72.42115,10.873252,1007.89453,13.6,28.2,278.0,6.8,89.0,26.81
2026-04-13 21:00:00,26.05,72.85069,11.391313,1007.1947,12.4,23.9,205.0,5.2,90.0,25.26
2026-04-13 22:00:00,26.05,71.29641,13.239487,1006.49524,12.1,26.9,162.0,4.3,89.0,25.42
2026-04-13 23:00:00,26.0,71.95002,12.783802,1006.2954,12.2,28.8,145.0,4.3,87.0,25.56
2026-04-14 00:00:00,25.8,77.41929,11.345713,1006.3948,14.8,44.5,196.0,6.4,83.0,29.71
2026-04-14 01:00:00,25.75,77.175255,10.449306,1006.894,16.0,43.9,391.0,10.9,78.0,30.12
2026-04-14 02:00:00,25.9,75.560555,9.080639,1007.3942,19.8,51.8,653.0,16.9,72.0,33.59
2026-04-14 03:00:00,27.45,68.75825,7.247096,1007.9979,25.7,74.0,795.0,20.1,73.0,41.62
2026-04-14 04:00:00,29.8,56.933346,8.107996,1008.204,34.5,130.9,698.0,17.6,88.0,59.27
2026-04-14 05:00:00,31.75,47.572918,9.403169,1008.60876,44.9,191.4,481.0,12.2,110.0,79.06
2026-04-14 06:00:00,31.95,49.892178,13.100489,1009.0088,54.7,238.0,312.0,7.9,127.0,95.19
2026-04-14 07:00:00,32.9,45.138725,13.346729,1008.61163,60.5,258.0,260.0,5.9,134.0,102.84
2026-04-14 08:00:00,33.35,42.662575,14.408997,1007.81354,62.4,253.3,256.0,4.9,137.0,103.14
2026-04-14 09:00:00,33.2,41.568424,14.975741,1007.2137,61.9,240.3,268.0,5.0,135.0,100.01
2026-04-14 10:00:00,32.5,44.334576,14.975741,1006.51227,58.8,217.0,287.0,6.4,128.0,92.96
2026-04-14 11:00:00,31.85,47.303905,13.450708,1006.0111,51.9,178.3,321.0,8.9,117.0,80.5
2026-04-14 12:00:00,30.75,51.788643,11.631956,1005.5084,43.1,139.7,365.0,11.9,107.0,67.32
2026-04-14 13:00:00,29.3,54.905445,12.284916,1005.7044,33.9,97.1,430.0,16.1,98.0,53.49
2026-04-14 14:00:00,27.85,58.07572,9.36173,1006.0004,29.0,70.5,505.0,21.7,87.0,44.91
2026-04-14 15:00:00,27.0,66.17566,9.178235,1006.3979,25.6,58.6,551.0,25.1,79.0,40.14
2026-04-14 16:00:00,26.35,74.02911,8.557102,1006.89594,24.8,51.8,549.0,24.3,79.0,38.25
2026-04-14 17:00:00,25.9,78.147156,8.477216,1007.4941,25.3,50.6,518.0,21.3,84.0,38.57
2026-04-14 18:00:00,25.75,79.085945,8.553314,1007.3936,26.4,52.9,474.0,18.4,87.0,39.59
2026-04-14 19:00:00,25.65,79.072044,6.1569467,1007.1937,27.2,55.3,413.0,16.2,88.0,40.29
2026-04-14 20:00:00,25.25,80.23492,5.315336,1006.3932,27.0,55.1,340.0,14.1,89.0,39.98
2026-04-14 21:00:00,25.0,79.9563,7.172949,1005.69305,25.9,51.6,284.0,12.6,88.0,38.36
2026-04-14 22:00:00,25.0,77.7771,8.777653,1005.1934,24.7,48.0,228.0,11.2,86.0,36.53
2026-04-14 23:00:00,24.95,76.58137,7.731623,1004.8937,23.7,45.1,189.0,10.3,82.0,34.72
2026-04-15 00:00:00,24.6,79.65713,5.1919937,1004.59296,23.1,42.3,247.0,12.6,74.0,33.0
2026-04-15 01:00:00,24.65,79.66395,5.634891,1004.9926,25.4,46.7,518.0,21.3,66.0,35.14
2026-04-15 02:00:00,24.7,80.408295,5.195113,1005.49225,32.9,54.7,887.0,33.0,55.0,40.59
2026-04-15 03:00:00,26.4,75.17892,3.671294,1006.1965,33.4,56.1,1087.0,39.2,58.0,42.5
2026-04-15 04:00:00,28.35,68.09541,5.7964473,1006.5013,32.4,72.2,950.0,34.8,85.0,48.61
2026-04-15 05:00:00,29.95,61.889393,7.995323,1006.9054,34.2,86.8,644.0,24.9,126.0,57.1
2026-04-15 06:00:00,30.75,59.84152,10.717182,1007.2071,37.8,101.3,404.0,16.5,159.0,65.48
2026-04-15 07:00:00,31.5,56.64244,12.16832,1007.0094,40.2,107.6,324.0,11.9,181.0,70.56
2026-04-15 08:00:00,32.0,52.911186,12.5807,1006.4112,39.5,103.1,309.0,8.8,196.0,71.09
2026-04-15 09:00:00,32.25,50.43363,12.85205,1005.4126,37.5,100.1,311.0,7.4,199.0,69.73
2026-04-15 10:00:00,32.05,50.694054,12.283599,1004.6126,35.2,97.8,320.0,7.9,182.0,65.65
2026-04-15 11:00:00,31.2,55.88213,12.431733,1004.1107,32.8,95.0,346.0,10.1,153.0,59.86
2026-04-15 12:00:00,29.25,67.03885,13.523978,1004.3055,30.4,91.7,370.0,12.8,128.0,54.66
2026-04-15 13:00:00,27.95,73.17703,13.049689,1004.402,29.5,81.5,381.0,17.1,112.0,50.42
2026-04-15 14:00:00,26.9,79.48515,11.225132,1004.79877,27.9,63.3,390.0,23.0,91.0,43.71
2026-04-15 15:00:00,26.45,81.12699,9.726665,1005.3971,26.3,55.9,405.0,26.8,75.0,39.6
2026-04-15 16:00:00,26.1,81.823814,9.36173,1005.89575,23.8,47.3,449.0,26.6,71.0,36.0
2026-04-15 17:00:00,25.7,83.53164,7.928178,1005.9947,22.1,39.0,499.0,24.4,74.0,33.61
2026-04-15 18:00:00,25.7,80.05007,7.79215,1005.8948,20.8,33.4,503.0,21.8,77.0,31.9
2026-04-15 19:00:00,25.75,72.57445,10.018743,1005.3952,19.5,29.3,414.0,19.3,80.0,30.5
2026-04-15 20:00:00,25.7,68.845055,10.914888,1005.09546,17.7,25.1,279.0,16.5,83.0,28.8
2026-04-15 21:00:00,25.55,67.75331,11.265469,1004.6955,15.5,21.0,180.0,13.9,87.0,27.08
2026-04-15 22:00:00,25.35,66.24857,10.829959,1004.395,13.3,17.5,143.0,11.1,93.0,25.76
2026-04-15 23:00:00,25.0,66.176414,10.24578,1003.9944,11.9,15.8,144.0,8.4,99.0,25.22
2026-04-16 00:00:00,24.9,72.200714,10.829959,1003.7943,11.4,16.6,189.0,7.5,103.0,25.6
2026-04-16 01:00:00,24.9,71.53066,10.8955765,1004.2939,12.1,17.1,325.0,11.0,102.0,26.42
2026-04-16 02:00:00,25.2,69.82724,10.801499,1004.8944,15.0,20.2,507.0,15.7,100.0,28.9
2026-04-16 03:00:00,26.65,66.92806,10.4166975,1005.69745,17.3,24.2,603.0,17.9,103.0,31.62
2026-04-16 04:00:00,28.1,59.4155,12.413476,1006.3008,17.3,25.5,530.0,15.2,114.0,33.13
2026-04-16 05:00:00,29.3,52.88831,12.601285,1006.6037,16.4,25.1,371.0,10.0,130.0,34.22
2026-04-16 06:00:00,29.65,49.605824,15.426537,1007.3041,15.7,24.5,251.0,6.0,141.0,34.8
2026-04-16 07:00:00,29.75,50.258835,16.077536,1007.30444,14.7,23.5,219.0,4.4,143.0,34.16
2026-04-16 08:00:00,29.85,52.697605,16.394829,1006.905,14.6,23.8,226.0,4.0,140.0,33.66
2026-04-16 09:00:00,30.25,50.230988,15.602999,1006.1066,14.8,24.9,244.0,4.5,136.0,33.46
2026-04-16 10:00:00,30.15,51.155037,14.799459,1005.40717,15.5,27.3,265.0,5.3,133.0,33.96
2026-04-16 11:00:00,29.5,53.938454,14.637663,1004.8057,16.8,31.2,297.0,6.9,128.0,34.88
2026-04-16 12:00:00,28.55,59.88949,12.5032,1004.3036,21.0,43.3,336.0,10.6,121.0,38.9
2026-04-16 13:00:00,27.75,65.31614,11.190442,1004.40137,23.9,49.1,390.0,17.5,107.0,40.44
2026-04-16 14:00:00,26.85,71.44084,9.292255,1004.79877,26.5,49.2,450.0,27.1,87.0,40.21
2026-04-16 15:00:00,26.4,75.63982,8.936778,1005.3971,29.0,54.7,492.0,34.4,71.0,41.25
2026-04-16 16:00:00,26.1,78.65399,9.835975,1006.2954,30.3,57.3,505.0,38.0,63.0,41.76
2026-04-16 17:00:00,25.9,80.07676,9.636307,1006.7946,31.5,58.6,499.0,39.4,59.0,42.23
2026-04-16 18:00:00,25.7,81.03159,9.2660675,1007.1937,32.0,59.6,479.0,38.1,59.0,42.48
2026-04-16 19:00:00,25.65,80.28787,8.699793,1007.1937,31.0,59.5,440.0,32.9,64.0,41.94
2026-04-16 20:00:00,25.3,82.97998,8.311245,1006.5933,28.8,57.9,387.0,25.0,73.0,40.68
2026-04-16 21:00:00,25.05,85.2556,8.649369,1006.39246,26.7,56.0,333.0,18.3,81.0,39.44
2026-04-16 22:00:00,24.9,85.2403,9.36,1006.1924,24.7,54.2,268.0,13.6,88.0,38.43
2026-04-16 23:00:00,24.9,83.95188,9.555271,1006.1924,23.1,51.3,203.0,10.0,94.0,37.41
2026-04-17 00:00:00,25.0,85.25049,11.074022,1006.29254,21.3,43.9,188.0,8.2,100.0,35.66
2026-04-17 01:00:00,24.8,86.27392,10.829959,1006.69165,21.1,40.9,277.0,11.8,98.0,35.2
2026-04-17 02:00:00,25.0,85.770355,10.4166975,1007.29175,22.8,39.6,417.0,16.6,97.0,36.36
2026-04-17 03:00:00,26.6,77.06739,10.759423,1008.1955,24.4,41.6,499.0,19.0,101.0,38.52
2026-04-17 04:00:00,28.65,65.70358,11.91948,1009.00024,24.6,41.8,461.0,16.5,116.0,40.54
2026-04-17 05:00:00,30.85,53.773415,11.252519,1009.3056,24.9,45.1,364.0,11.5,136.0,43.6
2026-04-17 06:00:00,32.35,45.414795,13.339445,1009.3097,24.2,49.2,287.0,7.6,150.0,45.58
2026-04-17 07:00:00,32.95,42.687748,14.944336,1009.11163,23.2,51.3,255.0,5.8,151.0,45.38
2026-04-17 08:00:00,33.35,39.82059,15.477906,1008.613,22.2,51.7,243.0,5.0,146.0,44.09
2026-04-17 09:00:00,33.45,38.247986,15.683776,1007.91376,21.2,50.3,246.0,5.4,138.0,42.17
2026-04-17 10:00:00,33.15,37.327698,14.84318,1007.2133,20.5,50.1,263.0,6.5,129.0,40.6
2026-04-17 11:00:00,32.6,36.007195,13.441071,1006.6126,20.3,51.0,296.0,8.8,117.0,39.22
2026-04-17 12:00:00,31.4,36.49082,13.358861,1006.80914,19.0,47.1,345.0,13.6,103.0,36.41
2026-04-17 13:00:00,29.85,43.202538,12.145665,1006.6053,19.6,44.1,428.0,22.0,87.0,34.97
2026-04-17 14:00:00,28.05,54.5962,10.453957,1007.1002,21.5,40.6,527.0,33.5,65.0,33.64
2026-04-17 15:00:00,27.3,59.22942,8.6867485,1007.6978,22.5,40.9,588.0,40.8,49.0,32.9
2026-04-17 16:00:00,26.65,66.30906,8.909545,1008.29535,22.4,40.3,586.0,40.4,46.0,32.22
2026-04-17 17:00:00,26.05,71.73749,8.821836,1008.9933,21.7,39.0,546.0,35.9,48.0,31.24
2026-04-17 18:00:00,25.6,75.049934,7.9383874,1008.99207,20.9,37.7,493.0,31.0,52.0,30.44
2026-04-17 19:00:00,25.2,80.72048,7.69592,1008.8912,20.0,37.0,426.0,26.4,55.0,29.61
2026-04-17 20:00:00,24.9,83.69626,7.69592,1008.49054,18.9,36.7,346.0,21.3,59.0,28.84
2026-04-17 21:00:00,24.45,86.767685,8.197414,1007.8897,17.9,36.4,281.0,17.2,62.0,28.11
2026-04-17 22:00:00,24.25,86.22119,8.049845,1007.2899,17.0,35.9,228.0,14.5,63.0,27.3
2026-04-17 23:00:00,24.15,85.686104,8.163749,1006.9898,16.6,37.5,190.0,12.8,62.0,27.02
2026-04-18 00:00:00,24.15,85.163414,8.641874,1007.0898,14.9,36.8,205.0,11.1,67.0,26.53
2026-04-18 01:00:00,23.9,85.66119,9.746631,1007.48883,16.2,43.2,329.0,14.3,69.0,29.24
2026-04-18 02:00:00,24.25,84.13732,9.721666,1007.88947,20.4,53.4,506.0,18.6,72.0,34.47
2026-04-18 03:00:00,25.9,75.098404,9.906544,1008.4933,23.6,77.1,600.0,20.3,82.0,42.56
2026-04-18 04:00:00,27.55,64.47337,10.63372,1008.7975,29.2,121.5,525.0,17.1,103.0,56.92
2026-04-18 05:00:00,28.9,55.494873,12.193588,1009.3006,32.4,137.8,367.0,11.3,131.0,65.11
2026-04-18 06:00:00,29.15,53.851162,13.979871,1009.50104,32.4,134.6,248.0,6.8,151.0,66.79
2026-04-18 07:00:00,30.1,49.567444,14.241629,1009.4037,31.2,123.4,219.0,4.9,158.0,64.71
2026-04-18 08:00:00,30.35,49.477497,14.474059,1009.0047,29.3,109.0,229.0,4.3,157.0,60.65
2026-04-18 09:00:00,30.35,48.556293,14.328949,1008.1054,27.0,94.1,248.0,4.6,153.0,55.96
2026-04-18 10:00:00,30.15,47.001244,14.233664,1007.30566,24.2,78.5,269.0,5.3,147.0,50.64
2026-04-18 11:00:00,29.35,54.577015,14.628807,1007.0037,22.4,66.4,299.0,7.0,138.0,46.23
2026-04-18 12:00:00,27.9,63.559673,14.028457,1006.9,20.1,55.1,326.0,9.7,129.0,41.88
2026-04-18 13:00:00,26.95,69.94052,14.007655,1006.9974,20.7,55.1,338.0,15.4,116.0,41.08
2026-04-18 14:00:00,26.1,75.130646,13.184308,1007.5944,23.7,55.6,348.0,23.3,97.0,41.02
2026-04-18 15:00:00,25.75,76.46922,10.674773,1007.9931,27.4,64.5,377.0,30.0,81.0,43.25
2026-04-18 16:00:00,25.45,76.89382,7.2022495,1008.1923,29.6,67.8,458.0,35.1,70.0,44.12
2026-04-18 17:00:00,25.05,79.230995,6.391901,1008.29095,31.7,68.5,559.0,39.1,62.0,44.72
2026-04-18 18:00:00,24.8,77.26999,8.131936,1008.69,32.4,68.5,610.0,39.7,58.0,44.56
2026-04-18 19:00:00,24.6,79.41246,8.197414,1008.6897,30.5,65.7,568.0,34.6,61.0,42.73
2026-04-18 20:00:00,24.35,82.615425,7.5942073,1008.1892,27.2,60.1,476.0,26.1,69.0,39.89
2026-04-18 21:00:00,24.05,84.63289,8.641874,1007.589,24.0,53.6,391.0,19.0,75.0,36.82
2026-04-18 22:00:00,23.8,86.17788,7.7588143,1007.0888,21.5,48.1,313.0,14.9,77.0,34.16
2026-04-18 23:00:00,23.6,86.688736,8.281956,1006.68854,19.9,45.2,242.0,12.2,78.0,32.52
2026-04-19 00:00:00,23.75,89.94118,9.208192,1006.4889,18.8,36.7,230.0,11.2,79.0,30.27
2026-04-19 01:00:00,23.8,88.58322,8.507737,1006.789,19.2,36.4,343.0,13.7,81.0,31.09
2026-04-19 02:00:00,24.25,85.43449,7.4346757,1007.3899,21.9,38.2,517.0,16.9,84.0,33.72
2026-04-19 03:00:00,25.9,76.25843,7.7400002,1007.9937,21.9,40.5,609.0,18.1,92.0,35.56
2026-04-19 04:00:00,27.45,67.502914,8.477216,1008.4975,21.5,39.2,533.0,15.2,111.0,37.52
2026-04-19 05:00:00,28.9,60.71439,10.239453,1008.80096,21.7,37.5,376.0,10.2,136.0,40.28
2026-04-19 06:00:00,29.55,59.383614,13.277364,1009.3025,21.8,36.7,259.0,6.3,154.0,42.28
2026-04-19 07:00:00,30.2,56.15716,14.934577,1009.3041,21.2,36.3,231.0,4.7,160.0,42.56
2026-04-19 08:00:00,30.65,54.05671,14.887859,1008.7059,20.8,37.3,242.0,4.1,159.0,42.32
2026-04-19 09:00:00,30.9,53.290085,14.517644,1007.9071,20.3,38.5,263.0,4.5,155.0,41.78
2026-04-19 10:00:00,30.75,52.92416,14.059602,1007.30695,19.8,40.2,288.0,5.7,149.0,41.14
2026-04-19 11:00:00,30.3,52.811073,13.708391,1006.8064,19.8,41.8,324.0,7.9,140.0,40.44
2026-04-19 12:00:00,29.35,53.23248,12.580699,1006.60406,12.4,25.0,360.0,10.4,129.0,32.11
2026-04-19 13:00:00,28.3,59.646675,11.225132,1006.801,13.2,23.1,392.0,15.0,118.0,31.17
2026-04-19 14:00:00,26.8,71.871254,11.672275,1006.8969,14.6,20.9,425.0,21.5,102.0,30.0
2026-04-19 15:00:00,26.05,78.886955,10.8792095,1007.49445,16.1,21.1,459.0,27.3,88.0,29.57
2026-04-19 16:00:00,25.8,80.55259,9.6228485,1007.7936,17.6,22.2,515.0,32.3,77.0,29.63
2026-04-19 17:00:00,25.45,84.0123,6.5520988,1008.3922,19.7,24.2,573.0,36.5,68.0,30.37
2026-04-19 18:00:00,25.05,84.996796,6.341009,1008.59076,21.8,26.3,577.0,37.5,64.0,31.38
2026-04-19 19:00:00,24.85,86.01677,7.5213294,1008.3906,21.8,26.5,478.0,33.2,66.0,31.08
2026-04-19 20:00:00,24.55,88.37479,8.197414,1007.7901,20.0,25.4,326.0,25.7,73.0,29.88
2026-04-19 21:00:00,24.35,89.43928,8.553314,1007.19,18.4,25.9,215.0,19.1,79.0,29.1
2026-04-19 22:00:00,24.2,89.97338,9.580668,1006.9898,17.3,28.5,182.0,14.3,83.0,28.95
2026-04-19 23:00:00,24.05,91.340195,8.797931,1007.18933,16.8,32.8,190.0,10.5,86.0,29.44
2026-04-20 00:00:00,24.2,95.01406,7.570707,1006.88995,16.2,31.5,220.0,8.5,89.0,29.03
2026-04-20 01:00:00,24.15,94.72575,7.6642804,1006.9898,16.9,32.6,285.0,11.6,87.0,29.76
2026-04-20 02:00:00,24.55,93.04281,8.101999,1007.3905,20.0,36.7,371.0,15.8,86.0,32.61
2026-04-20 03:00:00,26.25,82.58871,10.63372,1008.0946,22.3,48.3,421.0,17.6,90.0,36.95
2026-04-20 04:00:00,27.9,73.83718,9.914717,1008.79846,23.7,57.6,399.0,14.9,106.0,41.5
2026-04-20 05:00:00,29.55,65.091866,9.885262,1008.8029,25.7,67.5,341.0,9.9,128.0,47.04
2026-04-20 06:00:00,30.55,62.210346,10.99769,1008.7055,28.3,77.3,294.0,6.0,145.0,52.26
2026-04-20 07:00:00,31.3,58.704487,12.483748,1008.30774,30.3,81.5,273.0,4.6,155.0,55.39
2026-04-20 08:00:00,31.6,56.14986,13.6063795,1007.8087,30.5,79.9,262.0,4.4,161.0,56.04
2026-04-20 09:00:00,31.55,53.452137,14.092977,1006.9095,29.6,76.1,263.0,4.9,160.0,54.76
2026-04-20 10:00:00,31.4,51.156948,13.638489,1006.4095,27.6,67.5,280.0,5.9,150.0,50.68
2026-04-20 11:00:00,30.9,51.666363,13.719023,1006.0086,25.7,59.4,308.0,7.6,135.0,46.12
2026-04-20 12:00:00,29.1,58.55145,13.83192,1005.90393,21.2,44.7,335.0,11.3,120.0,39.24
2026-04-20 13:00:00,28.0,65.97351,12.661564,1006.2009,20.1,39.2,359.0,16.2,104.0,35.92
2026-04-20 14:00:00,26.7,77.552444,13.1412325,1006.697,20.1,34.7,382.0,23.0,83.0,32.89
2026-04-20 15:00:00,26.1,80.59165,11.098865,1007.1947,21.4,34.5,399.0,27.8,66.0,31.67
2026-04-20 16:00:00,25.9,80.81104,9.224011,1007.7938,21.8,34.7,413.0,28.8,60.0,31.16
2026-04-20 17:00:00,25.65,80.532974,7.388775,1008.0931,21.5,34.7,422.0,27.8,59.0,30.71
2026-04-20 18:00:00,25.45,83.50349,8.967541,1007.9925,21.7,34.5,415.0,26.2,58.0,30.38
2026-04-20 19:00:00,25.35,85.02779,7.9383874,1008.2919,21.6,34.0,382.0,24.3,56.0,29.64
2026-04-20 20:00:00,25.15,85.785164,8.821836,1007.89166,21.0,32.9,333.0,21.8,55.0,28.6
2026-04-20 21:00:00,24.8,87.32892,7.6642804,1007.69086,19.9,31.3,289.0,19.3,55.0,27.36
2026-04-20 22:00:00,24.6,88.647575,6.330782,1007.2908,18.5,29.2,248.0,16.7,56.0,26.0
2026-04-20 23:00:00,24.4,90.810005,7.771331,1006.9904,17.6,29.1,212.0,14.1,57.0,25.28
2026-04-21 00:00:00,24.45,92.47719,8.581677,1006.7906,17.1,33.2,204.0,11.1,62.0,26.16
2026-04-21 01:00:00,24.45,93.03774,8.951267,1006.9904,17.6,36.0,253.0,13.5,62.0,27.32
2026-04-21 02:00:00,24.8,92.217674,9.779817,1007.49097,20.1,40.5,331.0,16.7,62.0,29.96
2026-04-21 03:00:00,26.3,82.59465,12.611567,1008.0946,21.5,50.9,374.0,17.8,68.0,33.8
2026-04-21 04:00:00,27.9,69.26686,12.251905,1008.59863,22.3,61.9,344.0,15.0,84.0,38.38
2026-04-21 05:00:00,29.25,61.168327,13.523978,1008.9019,23.3,66.1,280.0,10.2,105.0,42.15
2026-04-21 06:00:00,29.75,58.163685,14.917212,1008.9032,24.3,69.8,232.0,6.4,120.0,45.07
2026-04-21 07:00:00,30.45,54.00713,15.315873,1008.6053,24.1,69.4,221.0,4.6,123.0,45.07
2026-04-21 08:00:00,30.95,49.788265,15.410776,1008.007,23.1,68.7,228.0,3.8,119.0,43.71
2026-04-21 09:00:00,31.1,46.958324,15.481046,1007.0082,22.2,68.5,241.0,3.9,113.0,42.34
2026-04-21 10:00:00,30.55,51.41713,15.697197,1006.50726,21.9,67.1,262.0,4.5,105.0,40.79
2026-04-21 11:00:00,29.75,55.875103,15.376045,1006.0055,21.6,64.0,289.0,5.9,95.0,38.74
2026-04-21 12:00:00,28.75,58.10781,14.007655,1005.60333,22.0,61.2,313.0,9.2,86.0,37.52
2026-04-21 13:00:00,27.8,63.931786,12.669238,1005.6008,21.1,54.9,323.0,14.5,74.0,34.8
2026-04-21 14:00:00,26.65,74.98983,11.230904,1005.9972,20.4,44.1,329.0,21.7,57.0,30.82
2026-04-21 15:00:00,26.15,81.08891,11.103243,1006.39575,21.1,40.3,349.0,27.1,44.0,29.28
2026-04-21 16:00:00,25.95,82.054,9.059205,1006.7946,21.1,39.1,411.0,29.2,39.0,28.6
2026-04-21 17:00:00,25.7,83.278625,8.187527,1007.29364,21.3,38.5,487.0,29.4,37.0,28.31
2026-04-21 18:00:00,25.65,85.83431,7.9077177,1007.3936,21.7,37.8,515.0,28.3,37.0,28.2
2026-04-21 19:00:00,25.55,87.924355,5.9834766,1007.4933,21.2,36.6,448.0,25.5,38.0,27.45
2026-04-21 20:00:00,25.2,90.316315,6.542201,1007.09265,20.1,35.2,332.0,21.5,41.0,26.46
2026-04-21 21:00:00,25.0,91.67481,8.383054,1006.7921,18.6,32.9,242.0,18.0,43.0,25.03
2026-04-21 22:00:00,25.0,91.67481,8.777653,1006.1926,17.5,31.3,204.0,15.5,43.0,23.79
2026-04-21 23:00:00,24.85,92.22046,9.919618,1005.99255,16.6,29.9,191.0,13.5,43.0,22.76
2026-04-22 00:00:00,24.7,93.33119,8.865799,1006.19165,14.7,27.1,199.0,9.8,49.0,21.59
2026-04-22 01:00:00,24.95,91.395836,9.3962755,1006.39246,14.8,27.1,241.0,10.5,51.0,22.04
2026-04-22 02:00:00,25.5,87.390816,10.957847,1006.89343,16.4,29.0,303.0,11.4,54.0,23.81
2026-04-22 03:00:00,26.75,79.4647,12.346741,1007.89606,15.9,31.4,337.0,11.3,59.0,24.78
2026-04-22 04:00:00,28.1,71.230316,13.737904,1008.2992,15.6,31.9,314.0,9.4,70.0,26.09
2026-04-22 05:00:00,29.2,65.81652,14.33347,1008.5022,16.0,32.9,263.0,6.6,83.0,28.02
2026-04-22 06:00:00,30.1,61.358364,15.833861,1008.1047,16.4,33.8,225.0,4.5,93.0,29.58
2026-04-22 07:00:00,30.7,60.012775,16.67795,1007.70667,16.4,34.7,215.0,3.6,97.0,30.23
2026-04-22 08:00:00,31.3,55.906307,15.815435,1006.70905,16.1,34.8,218.0,3.3,97.0,30.06
2026-04-22 09:00:00,31.15,57.43008,16.144905,1005.9093,15.9,34.5,226.0,3.6,94.0,29.49
2026-04-22 10:00:00,30.3,63.492012,17.068707,1005.40753,15.7,34.1,239.0,4.2,89.0,28.65
2026-04-22 11:00:00,29.55,69.999016,16.74387,1005.0059,15.5,33.1,258.0,5.4,81.0,27.33
2026-04-22 12:00:00,28.65,73.96193,14.48972,1004.7037,11.7,20.8,274.0,8.2,74.0,22.34
2026-04-22 13:00:00,27.85,78.1905,14.572221,1004.90137,12.0,20.9,286.0,13.0,65.0,21.88
2026-04-22 14:00:00,26.9,83.66585,12.5807,1004.9986,13.1,20.4,295.0,19.6,53.0,21.52
2026-04-22 15:00:00,26.75,85.941574,11.638917,1005.3981,14.3,21.7,297.0,23.5,45.0,21.76
2026-04-22 16:00:00,26.55,87.74535,10.296251,1005.7971,14.1,21.6,290.0,22.4,45.0,21.48
2026-04-22 17:00:00,26.35,89.5876,7.9077177,1006.1965,13.6,20.5,275.0,18.7,49.0,21.06
2026-04-22 18:00:00,26.4,88.52497,8.936777,1006.3963,13.2,19.6,255.0,15.2,52.0,20.6
2026-04-22 19:00:00,26.35,88.520905,8.909545,1006.3963,12.8,18.9,224.0,12.8,54.0,20.2
2026-04-22 20:00:00,26.1,89.83807,10.004178,1006.1955,12.4,18.6,186.0,10.7,55.0,19.78
2026-04-22 21:00:00,25.85,91.45098,10.644379,1005.4955,12.2,18.7,160.0,9.1,56.0,19.6
2026-04-22 22:00:00,25.7,92.5445,10.495713,1005.4951,12.1,18.7,149.0,8.3,55.0,19.28
2026-04-22 23:00:00,25.55,93.37201,9.781473,1005.39496,12.0,18.8,149.0,8.0,54.0,19.06
2026-04-23 00:00:00,25.5,95.061066,11.19189,1005.4945,12.1,19.4,165.0,7.6,56.0,19.47
2026-04-23 01:00:00,25.5,94.49428,12.55879,1005.8942,12.6,20.3,214.0,9.3,55.0,20.01
2026-04-23 02:00:00,26.05,90.104164,14.572221,1006.3954,14.8,23.0,280.0,11.4,55.0,21.96
2026-04-23 03:00:00,27.2,82.452286,14.628807,1007.2977,16.1,27.1,319.0,12.3,59.0,24.16
2026-04-23 04:00:00,28.3,75.48151,14.059602,1007.6004,16.9,29.9,304.0,10.6,70.0,26.52
2026-04-23 05:00:00,29.45,70.61636,13.403656,1007.5036,17.6,32.5,262.0,7.5,85.0,29.18
2026-04-23 06:00:00,30.0,65.97996,14.539945,1008.0045,18.2,35.5,229.0,5.1,97.0,31.52
2026-04-23 07:00:00,30.85,61.71202,15.825675,1007.7069,18.3,37.4,218.0,4.0,102.0,32.53
2026-04-23 08:00:00,31.5,57.337727,16.055353,1007.0094,18.3,39.3,216.0,3.7,104.0,33.16
2026-04-23 09:00:00,31.55,57.524517,16.412603,1006.30994,18.3,40.5,222.0,4.0,102.0,33.15
2026-04-23 10:00:00,31.2,59.580826,15.882896,1005.7095,18.2,41.0,237.0,4.9,97.0,32.58
2026-04-23 11:00:00,31.05,60.826916,14.003029,1005.4094,18.0,39.0,260.0,6.5,89.0,31.12
2026-04-23 12:00:00,29.8,66.94545,12.072083,1004.9066,12.5,22.6,289.0,9.6,80.0,24.21
2026-04-23 13:00:00,29.0,71.176575,7.289444,1005.60394,13.9,22.6,327.0,15.5,68.0,24.0
2026-04-23 14:00:00,28.0,76.35028,8.699793,1006.2009,15.4,21.9,371.0,23.5,51.0,23.26
2026-04-23 15:00:00,27.2,82.204865,10.692969,1006.09875,16.5,22.5,411.0,28.9,39.0,22.94
2026-04-23 16:00:00,26.75,85.684166,10.837435,1006.19745,16.8,23.1,456.0,29.6,35.0,22.71
2026-04-23 17:00:00,26.55,86.959885,6.77575,1007.19604,17.2,24.6,498.0,27.7,36.0,23.08
2026-04-23 18:00:00,26.55,89.06825,6.482499,1006.8963,17.8,25.9,500.0,25.2,38.0,23.56
2026-04-23 19:00:00,26.4,90.12864,6.0077944,1006.79596,18.0,26.8,428.0,22.6,39.0,23.6
2026-04-23 20:00:00,26.15,91.74299,6.9480934,1006.2958,17.5,27.1,315.0,19.4,41.0,23.23
2026-04-23 21:00:00,26.1,91.74001,8.027677,1006.09564,16.5,26.5,229.0,16.4,43.0,22.46
2026-04-23 22:00:00,25.9,92.83231,7.1321807,1006.0953,15.1,25.6,192.0,13.3,46.0,21.56
2026-04-23 23:00:00,25.7,93.93925,6.391901,1006.09467,14.3,25.4,182.0,10.4,49.0,21.14
2026-04-24 00:00:00,25.6,97.07044,7.102591,1005.8946,14.4,28.2,192.0,9.6,50.0,21.78
2026-04-24 01:00:00,25.75,96.210495,7.7420926,1006.3944,15.1,28.6,237.0,10.7,50.0,22.38
2026-04-24 02:00:00,26.15,93.122536,8.461914,1006.99524,17.1,32.8,304.0,12.2,52.0,24.74
2026-04-24 03:00:00,27.55,83.238266,11.712455,1007.69836,17.5,36.4,342.0,12.6,57.0,26.47
2026-04-24 04:00:00,29.05,76.05381,10.914888,1007.9021,18.5,38.2,324.0,11.0,70.0,29.04
2026-04-24 05:00:00,30.1,71.8022,11.734564,1008.00476,19.6,40.7,278.0,8.3,88.0,32.39
2026-04-24 06:00:00,30.25,69.08361,13.971756,1008.10504,21.0,44.9,243.0,6.2,101.0,35.56
2026-04-24 07:00:00,31.0,64.41413,14.4415655,1007.80756,21.5,47.4,232.0,5.0,108.0,37.18
2026-04-24 08:00:00,31.25,62.74117,14.49531,1007.30853,21.1,48.1,232.0,4.3,110.0,37.32
2026-04-24 09:00:00,30.95,64.209656,15.472672,1006.70807,20.1,44.9,239.0,4.3,109.0,36.03
2026-04-24 10:00:00,30.6,67.91613,16.50709,1006.0076,19.2,43.1,250.0,4.8,102.0,34.24
2026-04-24 11:00:00,30.3,67.04497,14.743526,1005.90717,18.2,39.5,268.0,6.1,91.0,31.57
2026-04-24 12:00:00,29.7,70.449646,13.055896,1005.406,15.7,31.3,294.0,9.4,80.0,27.52
2026-04-24 13:00:00,28.8,75.10776,11.298495,1005.40344,15.7,28.8,338.0,16.2,67.0,26.09
2026-04-24 14:00:00,27.7,83.00662,8.714677,1006.00006,16.2,26.3,390.0,25.7,49.0,24.56
2026-04-24 15:00:00,27.1,87.53062,7.8954163,1006.698,18.7,26.7,419.0,33.0,35.0,24.89
2026-04-24 16:00:00,26.85,89.0912,6.830519,1007.1969,19.7,27.5,410.0,36.6,29.0,25.19
2026-04-24 17:00:00,26.6,90.41192,5.815978,1007.49603,20.7,28.6,379.0,38.1,26.0,25.68
2026-04-24 18:00:00,26.5,92.03738,7.6367526,1007.6956,21.6,29.6,343.0,37.7,26.0,26.28
2026-04-24 19:00:00,26.45,90.6721,6.898956,1007.1957,21.8,30.2,302.0,34.8,28.0,26.36
2026-04-24 20:00:00,26.2,91.745926,5.426933,1006.99524,20.8,30.4,255.0,30.0,31.0,25.63
2026-04-24 21:00:00,25.75,95.07002,7.973005,1006.894,19.6,30.7,221.0,25.3,35.0,24.98
2026-04-24 22:00:00,25.35,97.06504,7.491114,1006.9929,18.2,30.9,200.0,20.8,39.0,24.25
2026-04-24 23:00:00,25.1,98.22656,6.7565966,1006.89246,17.0,31.7,191.0,16.4,42.0,23.6
2026-04-25 00:00:00,25.1,98.52022,6.8777895,1006.5927,13.6,25.8,209.0,10.8,49.0,20.93
2026-04-25 01:00:00,25.0,98.519135,6.489992,1006.8921,14.4,28.1,283.0,14.2,47.0,22.0
2026-04-25 02:00:00,25.3,96.48591,6.4799995,1007.39264,18.2,32.1,384.0,18.7,46.0,25.22
2026-04-25 03:00:00,27.05,84.43923,6.0347,1008.0969,20.2,40.2,444.0,21.0,52.0,29.09
2026-04-25 04:00:00,28.75,76.46487,6.3639607,1008.70087,23.1,51.8,424.0,18.9,73.0,35.7
2026-04-25 05:00:00,30.25,69.70878,8.790563,1008.9044,26.5,65.2,364.0,14.5,103.0,43.92
2026-04-25 06:00:00,31.4,64.692,10.514218,1008.7077,28.9,73.3,312.0,10.7,125.0,49.46
2026-04-25 07:00:00,32.3,59.47164,12.16832,1008.4102,29.6,77.1,284.0,8.1,135.0,51.68
2026-04-25 08:00:00,32.95,56.302383,12.632101,1007.6128,28.4,74.0,265.0,6.1,138.0,50.62
2026-04-25 09:00:00,33.05,55.649082,13.337016,1007.0132,27.4,72.4,260.0,5.4,136.0,49.39
2026-04-25 10:00:00,32.75,55.576767,13.891522,1006.31305,26.9,71.0,272.0,6.3,129.0,47.94
2026-04-25 11:00:00,32.0,59.044792,13.527572,1006.11145,26.6,68.9,298.0,8.5,118.0,46.06
2026-04-25 12:00:00,30.55,63.738247,11.672275,1005.8078,20.9,53.6,332.0,12.6,106.0,38.96
2026-04-25 13:00:00,29.6,68.33813,10.650465,1005.8053,21.4,47.4,379.0,18.2,92.0,36.71
2026-04-25 14:00:00,28.35,75.48939,9.743304,1006.3014,22.1,43.5,435.0,25.8,72.0,34.42
2026-04-25 15:00:00,27.85,77.48715,8.880405,1006.8998,22.4,45.6,482.0,30.8,57.0,33.49
2026-04-25 16:00:00,27.6,77.919266,7.9526596,1007.3986,22.1,44.2,525.0,30.8,53.0,32.46
2026-04-25 17:00:00,27.3,79.06104,7.555712,1007.6978,21.7,42.6,561.0,28.2,54.0,31.7
2026-04-25 18:00:00,27.25,82.21088,7.9526596,1007.69745,21.3,41.2,557.0,25.2,56.0,31.07
2026-04-25 19:00:00,27.15,80.97119,7.7420926,1007.39746,20.8,40.7,484.0,22.4,56.0,30.3
2026-04-25 20:00:00,26.9,80.695335,6.206738,1006.8971,20.0,40.0,373.0,19.2,56.0,29.28
2026-04-25 21:00:00,26.6,81.145996,6.424764,1006.3969,19.0,39.8,283.0,16.3,57.0,28.45
2026-04-25 22:00:00,26.4,81.120674,6.8612823,1006.09656,18.2,40.6,226.0,13.4,59.0,28.08
2026-04-25 23:00:00,26.15,82.32727,7.5685663,1005.99603,17.5,40.7,191.0,10.8,61.0,27.66
2026-04-26 00:00:00,26.0,85.60992,8.641874,1005.89575,17.1,38.9,208.0,10.7,61.0,27.08
2026-04-26 01:00:00,26.1,86.137474,9.36173,1006.09564,17.4,38.5,332.0,15.3,58.0,27.4
2026-04-26 02:00:00,26.55,84.38595,8.32877,1006.4966,19.9,39.5,508.0,21.5,55.0,29.32
2026-04-26 03:00:00,28.5,75.059784,8.149847,1007.00146,22.9,43.4,603.0,24.6,59.0,32.67
2026-04-26 04:00:00,30.9,62.855297,10.98,1007.40753,24.1,48.3,532.0,21.6,79.0,36.8
2026-04-26 05:00:00,32.7,52.923973,13.026081,1007.412,24.6,50.1,380.0,15.5,106.0,40.55
2026-04-26 06:00:00,33.5,50.598186,13.690654,1007.4141,25.3,54.2,265.0,10.4,126.0,43.95
2026-04-26 07:00:00,34.3,47.36291,14.77755,1006.81647,26.0,62.4,235.0,7.7,133.0,46.58
2026-04-26 08:00:00,34.95,42.96056,15.299999,1006.2189,26.4,66.4,241.0,6.1,132.0,47.2
2026-04-26 09:00:00,35.25,40.96732,15.496736,1005.3201,26.1,67.8,258.0,5.7,128.0,46.66
2026-04-26 10:00:00,35.2,38.605476,15.489416,1004.4209,25.4,65.7,275.0,6.6,120.0,44.83
2026-04-26 11:00:00,34.7,38.710762,14.597767,1003.92,24.6,61.9,303.0,8.6,108.0,42.17
2026-04-26 12:00:00,33.55,42.58367,12.7546215,1003.6171,18.4,41.0,343.0,13.1,95.0,33.62
2026-04-26 13:00:00,32.0,47.638702,11.897714,1003.91315,18.9,37.5,413.0,19.3,82.0,32.14
2026-04-26 14:00:00,30.15,59.70437,11.052058,1004.2081,19.7,34.6,495.0,27.7,64.0,30.53
2026-04-26 15:00:00,29.15,65.0086,9.867218,1004.80475,19.8,33.3,546.0,33.4,51.0,29.22
2026-04-26 16:00:00,28.65,68.778885,8.766573,1005.20325,19.4,31.8,542.0,33.9,46.0,28.04
2026-04-26 17:00:00,28.2,72.33765,7.771331,1005.4018,18.6,29.9,505.0,31.7,46.0,26.94
2026-04-26 18:00:00,28.05,73.86221,8.019601,1005.50146,18.0,28.9,461.0,28.8,47.0,26.15
2026-04-26 19:00:00,27.75,75.62288,7.731622,1005.1008,17.4,28.6,412.0,25.5,48.0,25.45
2026-04-26 20:00:00,27.15,79.51915,6.5520988,1004.49976,16.6,28.5,355.0,21.6,49.0,24.59
2026-04-26 21:00:00,26.75,83.14704,7.289444,1004.19904,16.0,28.8,306.0,18.2,51.0,24.14
2026-04-26 22:00:00,26.5,85.14588,7.570707,1003.7987,15.4,29.0,256.0,15.4,52.0,23.61
2026-04-26 23:00:00,26.3,86.937225,8.155807,1003.4982,14.9,29.2,213.0,13.0,53.0,23.19
2026-04-27 00:00:00,26.2,88.24366,8.528657,1003.19824,14.6,29.8,218.0,10.8,58.0,23.58
2026-04-27 01:00:00,26.4,87.99597,9.614426,1003.39874,15.8,33.6,324.0,13.3,59.0,25.46
2026-04-27 02:00:00,27.0,85.196815,8.936778,1003.7999,18.1,36.1,479.0,16.5,60.0,27.74
2026-04-27 03:00:00,28.75,75.325775,9.901636,1004.40424,20.7,43.7,561.0,17.6,67.0,31.78
2026-04-27 04:00:00,30.45,64.68888,12.367716,1004.6084,22.0,51.7,496.0,14.6,83.0,35.98
2026-04-27 05:00:00,31.8,57.7587,13.779114,1004.8117,23.2,55.2,360.0,9.5,104.0,39.66
2026-04-27 06:00:00,32.65,54.217987,13.985663,1004.5142,23.9,57.0,257.0,5.6,120.0,42.19
2026-04-27 07:00:00,32.8,55.420525,15.651722,1004.21466,23.8,56.0,232.0,4.1,125.0,42.46
2026-04-27 08:00:00,33.2,52.887295,15.141414,1003.7164,23.2,53.8,241.0,3.9,125.0,41.7
2026-04-27 09:00:00,33.3,52.113308,15.405519,1002.71716,22.6,51.9,258.0,4.3,122.0,40.62
2026-04-27 10:00:00,32.9,54.942574,15.1884165,1001.8169,22.1,50.2,269.0,5.1,118.0,39.56
2026-04-27 11:00:00,32.5,56.024517,14.539945,1001.1165,21.9,49.4,288.0,6.6,112.0,38.62
2026-04-27 12:00:00,31.35,58.182323,13.538345,1001.2133,17.4,38.1,330.0,9.2,102.0,33.0
2026-04-27 13:00:00,30.5,62.959404,12.96125,1001.41095,17.9,35.6,424.0,14.3,91.0,31.87
2026-04-27 14:00:00,29.55,68.9508,10.441551,1001.40875,19.0,33.2,543.0,21.3,77.0,30.88
2026-04-27 15:00:00,28.9,72.678246,9.299225,1001.5068,19.2,33.5,614.0,25.7,67.0,30.21
2026-04-27 16:00:00,28.6,74.85018,9.19939,1002.2056,18.9,32.9,603.0,25.5,66.0,29.76
2026-04-27 17:00:00,28.45,74.82598,8.936777,1002.8045,18.5,32.7,545.0,22.7,70.0,29.7
2026-04-27 18:00:00,28.55,74.61705,11.368535,1002.505,18.2,33.3,479.0,19.6,74.0,29.8
2026-04-27 19:00:00,28.35,75.26226,11.571914,1002.30457,17.9,33.8,411.0,16.6,78.0,29.9
2026-04-27 20:00:00,27.9,77.26138,10.823973,1002.00385,17.5,33.8,336.0,13.2,82.0,29.79
2026-04-27 21:00:00,27.45,79.799835,11.165805,1001.4032,16.9,32.7,275.0,10.5,85.0,29.32
2026-04-27 22:00:00,27.25,80.49763,11.052058,1001.5024,16.6,31.1,227.0,8.7,87.0,28.88
2026-04-27 23:00:00,27.05,80.71471,10.920824,1001.4022,16.3,29.3,193.0,7.5,89.0,28.48
2026-04-28 00:00:00,27.65,78.871574,13.441071,1000.40454,15.4,28.0,197.0,5.9,99.0,29.04
2026-04-28 01:00:00,27.45,79.799835,12.549757,1000.50385,16.2,27.8,277.0,8.9,98.0,29.7
2026-04-28 02:00:00,27.9,77.728294,10.63372,1001.60425,18.1,30.5,395.0,12.8,97.0,31.62
2026-04-28 03:00:00,29.5,69.98974,12.287555,1002.3077,20.7,36.2,459.0,14.6,100.0,34.78
2026-04-28 04:00:00,31.0,61.18598,14.650939,1003.11127,21.0,40.2,413.0,12.3,111.0,37.04
2026-04-28 05:00:00,32.05,56.773544,15.725037,1003.4135,21.3,44.0,313.0,7.8,125.0,39.37
2026-04-28 06:00:00,32.1,57.13145,15.547875,1004.41296,21.8,50.2,237.0,4.4,135.0,41.85
2026-04-28 07:00:00,32.55,56.37748,15.388685,1004.1142,21.7,51.8,217.0,3.3,136.0,42.11
2026-04-28 08:00:00,32.9,53.950325,15.787753,1003.51556,21.2,52.4,222.0,3.1,133.0,41.5
2026-04-28 09:00:00,32.85,54.267063,16.63905,1002.71625,20.9,52.0,236.0,3.6,129.0,40.74
2026-04-28 10:00:00,32.55,54.524544,16.701244,1001.8159,20.1,47.8,257.0,4.3,125.0,39.0
2026-04-28 11:00:00,32.15,56.45319,15.651722,1001.0156,19.5,42.8,287.0,5.5,119.0,36.98
2026-04-28 12:00:00,31.25,59.05118,12.538134,1001.2133,18.7,45.4,318.0,8.7,111.0,36.39
2026-04-28 13:00:00,30.55,63.738247,11.525623,1001.31134,17.3,34.1,348.0,12.8,99.0,32.24
2026-04-28 14:00:00,29.45,69.76962,11.525623,1001.7082,17.3,29.2,378.0,18.3,83.0,29.69
2026-04-28 15:00:00,28.95,73.34661,13.737904,1001.8069,17.6,33.8,407.0,21.7,71.0,29.46
2026-04-28 16:00:00,28.7,73.747665,11.144021,1002.5054,18.0,38.1,445.0,21.1,68.0,29.98
2026-04-28 17:00:00,28.55,72.617836,11.165805,1003.6042,18.2,40.7,481.0,18.5,69.0,30.37
2026-04-28 18:00:00,28.3,75.48151,9.901636,1003.104,18.1,41.1,483.0,15.8,71.0,30.29
2026-04-28 19:00:00,28.0,78.21195,9.195868,1002.90356,17.8,39.6,419.0,13.5,72.0,29.64
2026-04-28 20:00:00,27.6,81.271965,8.827344,1002.4026,17.6,38.8,320.0,11.2,74.0,29.34
2026-04-28 21:00:00,27.4,82.972145,7.928178,1002.1023,17.6,39.3,244.0,9.5,75.0,29.34
2026-04-28 22:00:00,27.05,85.45747,7.8728137,1001.9018,17.6,39.5,205.0,8.3,75.0,29.2
2026-04-28 23:00:00,26.85,87.24759,7.841888,1001.70123,17.6,39.8,189.0,7.6,75.0,29.15
2026-04-29 00:00:00,26.8,89.08741,7.2044983,1001.701,19.1,46.9,213.0,7.8,79.0,31.95
2026-04-29 01:00:00,26.65,90.14605,7.79215,1002.0004,20.0,46.0,313.0,11.0,78.0,32.55
2026-04-29 02:00:00,27.0,88.83751,5.318383,1002.7008,23.1,47.5,452.0,15.4,77.0,34.91
2026-04-29 03:00:00,28.45,81.1357,6.519877,1003.30414,27.3,62.6,535.0,17.6,84.0,41.41
2026-04-29 04:00:00,30.3,70.34805,7.2805495,1003.70886,30.7,74.0,508.0,15.8,105.0,48.27
2026-04-29 05:00:00,32.0,61.964928,8.131936,1003.8132,33.6,82.2,426.0,11.9,134.0,55.12
2026-04-29 06:00:00,32.35,63.356457,11.328566,1004.11383,36.6,87.1,356.0,8.6,155.0,60.26
2026-04-29 07:00:00,32.4,62.989002,13.246826,1003.7141,37.5,87.1,321.0,6.8,164.0,61.79
2026-04-29 08:00:00,32.75,60.113705,13.746156,1003.31537,35.6,83.1,300.0,5.6,165.0,60.01
2026-04-29 09:00:00,32.85,58.884438,13.783817,1002.51636,33.2,77.5,293.0,5.4,160.0,56.91
2026-04-29 10:00:00,32.8,57.81796,13.248049,1001.61676,31.1,73.1,303.0,6.1,147.0,53.14
2026-04-29 11:00:00,32.3,60.55679,12.659004,1001.5156,29.9,73.6,328.0,7.8,127.0,49.89
2026-04-29 12:00:00,31.25,63.886837,12.483748,1001.4132,31.3,72.2,366.0,12.6,116.0,49.38
2026-04-29 13:00:00,30.45,66.47116,10.094454,1001.311,30.5,75.4,432.0,17.9,101.0,48.17
2026-04-29 14:00:00,29.4,70.3947,7.968939,1001.50806,30.5,67.5,510.0,25.1,81.0,44.66
2026-04-29 15:00:00,28.75,75.7796,8.61371,1001.8063,30.6,70.1,555.0,29.2,68.0,43.9
2026-04-29 16:00:00,28.15,83.058235,10.587918,1002.00446,28.2,57.7,543.0,27.3,69.0,40.08
2026-04-29 17:00:00,27.85,84.523926,8.225035,1002.50323,24.9,42.6,496.0,22.2,77.0,35.85
2026-04-29 18:00:00,27.85,86.30393,5.950899,1002.70306,22.6,33.5,439.0,17.6,85.0,33.39
2026-04-29 19:00:00,27.75,85.52719,4.327493,1002.7027,22.5,34.7,368.0,14.5,89.0,33.72
2026-04-29 20:00:00,27.5,86.786606,5.223103,1002.2025,24.1,42.5,285.0,11.9,93.0,36.28
2026-04-29 21:00:00,27.2,87.80068,6.391901,1001.8021,25.6,49.0,225.0,9.9,96.0,38.48
2026-04-29 22:00:00,26.95,88.569016,6.482499,1001.7016,26.5,53.1,192.0,8.6,97.0,39.71
2026-04-29 23:00:00,26.75,89.61687,7.42159,1001.50116,27.2,56.2,181.0,8.0,98.0,40.74
2026-04-30 00:00:00,26.85,91.784035,8.913181,1001.4015,27.6,59.0,207.0,8.6,96.0,41.29
2026-04-30 01:00:00,27.0,90.17035,9.726664,1001.9015,28.4,60.5,308.0,11.6,96.0,42.44
2026-04-30 02:00:00,27.55,86.79116,7.973005,1002.4026,29.8,61.0,446.0,15.5,97.0,43.98
2026-04-30 03:00:00,29.15,76.06926,8.863972,1003.20605,31.8,71.7,520.0,17.3,102.0,48.14
2026-04-30 04:00:00,30.95,64.403656,10.534229,1003.8103,31.7,74.5,466.0,14.8,116.0,50.37
2026-04-30 05:00:00,32.4,56.00052,12.413476,1004.11383,31.1,74.7,347.0,10.0,134.0,52.09
2026-04-30 06:00:00,33.25,52.25969,12.43434,1004.216,30.9,78.0,258.0,6.3,145.0,53.74
2026-04-30 07:00:00,34.0,50.111645,13.462749,1003.81824,29.9,80.3,236.0,4.8,144.0,53.33
2026-04-30 08:00:00,33.9,52.422268,14.224556,1003.51807,28.1,79.4,243.0,4.3,136.0,50.98
2026-04-30 09:00:00,33.7,52.6911,13.878688,1002.8183,25.7,72.2,259.0,4.5,127.0,47.02
2026-04-30 10:00:00,33.1,55.829712,14.037692,1002.2172,23.3,62.4,280.0,5.1,118.0,42.6
2026-04-30 11:00:00,32.55,57.41122,12.870944,1001.71606,21.8,53.9,311.0,6.3,108.0,38.82
2026-04-30 12:00:00,31.5,60.743557,13.491598,1001.71356,18.0,39.5,345.0,9.4,96.0,32.71
2026-04-30 13:00:00,30.75,64.556305,11.734564,1001.51154,18.7,38.8,389.0,15.6,84.0,32.05
2026-04-30 14:00:00,29.45,72.99156,10.195057,1001.5083,20.4,36.9,437.0,24.0,68.0,31.38
2026-04-30 15:00:00,28.95,77.41638,9.422101,1002.2066,21.7,39.7,460.0,29.1,58.0,31.86
2026-04-30 16:00:00,28.65,79.24675,8.797931,1002.9051,21.8,40.3,442.0,28.0,58.0,31.86
2026-04-30 17:00:00,28.3,79.91339,9.734987,1003.104,21.0,39.6,399.0,23.6,65.0,31.71
2026-04-30 18:00:00,28.5,76.887215,12.313893,1002.9047,20.1,38.5,352.0,19.4,70.0,31.16
2026-04-30 19:00:00,28.45,75.05179,10.621525,1002.8045,19.4,37.7,300.0,16.6,73.0,30.68
2026-04-30 20:00:00,28.4,73.92044,12.431734,1002.4049,18.9,37.0,244.0,14.0,75.0,30.2
2026-04-30 21:00:00,28.5,71.95313,14.417988,1001.80554,18.3,36.8,203.0,11.8,77.0,29.83
2026-04-30 22:00:00,28.5,71.086464,14.455019,1001.6058,17.6,36.4,176.0,9.5,80.0,29.5
2026-04-30 23:00:00,28.4,71.28432,13.797912,1001.4057,16.8,35.6,165.0,7.6,83.0,29.11
2026-05-01 00:00:00,28.7,71.12255,13.218668,1001.50616,16.8,40.9,189.0,7.4,84.0,30.29
2026-05-01 01:00:00,28.75,69.85027,13.397612,1001.8063,16.7,37.6,288.0,10.4,81.0,29.58
2026-05-01 02:00:00,29.35,67.671844,14.096425,1002.50726,18.9,41.3,424.0,14.4,77.0,31.42
2026-05-01 03:00:00,30.95,62.109444,13.519186,1003.1109,23.1,52.3,498.0,16.3,79.0,36.3
2026-05-01 04:00:00,32.3,56.317726,15.669307,1003.71387,26.1,74.5,449.0,14.0,92.0,43.85
2026-05-01 05:00:00,33.35,52.444088,14.94,1003.9166,30.7,109.7,338.0,9.5,112.0,55.52
2026-05-01 06:00:00,34.2,52.180458,14.650939,1003.91876,36.7,146.2,257.0,6.1,126.0,67.4
2026-05-01 07:00:00,35.05,49.174152,14.205182,1003.72107,41.8,177.4,241.0,4.9,131.0,76.76
2026-05-01 08:00:00,35.75,45.754303,13.450708,1002.9232,44.1,186.3,255.0,4.8,132.0,79.83
2026-05-01 09:00:00,35.85,44.815144,14.256409,1002.1242,43.3,175.6,280.0,5.4,129.0,76.93
2026-05-01 10:00:00,35.4,46.08175,14.336861,1001.12384,40.7,155.5,314.0,6.9,121.0,70.64
2026-05-01 11:00:00,34.4,50.213734,13.861168,1000.4218,36.7,127.1,359.0,9.3,109.0,61.52
2026-05-01 12:00:00,32.65,55.38424,13.044722,1000.3175,31.4,101.0,405.0,11.7,99.0,52.51
2026-05-01 13:00:00,31.7,59.876015,13.1412325,999.81537,27.9,71.5,456.0,15.3,92.0,44.34
2026-05-01 14:00:00,31.2,60.309155,10.692969,1000.21375,25.9,56.3,508.0,20.1,81.0,39.38
2026-05-01 15:00:00,31.1,57.94675,8.39078,1000.91296,23.6,49.1,531.0,22.5,76.0,36.4
2026-05-01 16:00:00,30.95,56.33785,10.873251,1001.41223,21.7,45.6,512.0,20.5,79.0,34.9
2026-05-01 17:00:00,30.7,55.761143,10.234705,1002.1111,20.4,45.5,465.0,16.2,87.0,34.78
2026-05-01 18:00:00,30.2,58.090664,10.152064,1002.50946,19.6,46.8,406.0,12.3,94.0,35.1
2026-05-01 19:00:00,29.95,60.20949,12.825552,1001.90936,18.8,44.5,328.0,9.6,98.0,34.44
2026-05-01 20:00:00,29.7,60.52275,13.504799,1001.3092,17.6,39.3,238.0,7.3,100.0,32.76
2026-05-01 21:00:00,29.7,59.23584,13.590894,1000.90955,16.6,38.0,175.0,5.6,101.0,31.89
2026-05-01 22:00:00,29.6,59.395145,14.588885,1000.60944,16.2,38.9,144.0,4.4,100.0,31.54
2026-05-01 23:00:00,29.45,60.838627,15.606114,1000.40924,16.1,40.3,139.0,4.0,96.0,31.11
2026-05-02 00:00:00,29.15,64.61294,14.096425,1000.1085,16.9,46.0,182.0,4.5,94.0,32.42
2026-05-02 01:00:00,29.05,63.41706,12.841963,1000.30804,20.5,65.7,327.0,8.6,87.0,37.73
2026-05-02 02:00:00,29.7,60.33743,13.533558,1000.90955,27.5,92.2,520.0,14.2,79.0,46.17
2026-05-02 03:00:00,31.35,56.77981,13.346729,1001.51306,36.9,126.2,622.0,17.1,77.0,57.8
2026-05-02 04:00:00,32.95,50.612694,15.481048,1002.0171,47.7,182.5,541.0,14.9,88.0,75.79
2026-05-02 05:00:00,34.2,45.765278,17.1,1002.2201,55.1,215.6,368.0,10.1,105.0,87.94
2026-05-02 06:00:00,34.85,42.669434,16.084589,1002.8211,57.0,224.4,238.0,6.3,117.0,91.88
2026-05-02 07:00:00,35.55,40.29388,17.294992,1002.5233,54.0,211.4,207.0,4.8,120.0,88.0
2026-05-02 08:00:00,35.55,41.175335,18.94024,1001.8238,48.4,185.3,220.0,4.4,118.0,79.62
2026-05-02 09:00:00,35.5,40.530476,19.44833,1001.32385,40.6,147.6,240.0,4.6,116.0,67.91
2026-05-02 10:00:00,35.05,42.32953,19.146112,1000.5235,33.4,112.7,262.0,5.7,116.0,57.5
2026-05-02 11:00:00,34.2,44.651295,18.258247,999.8219,28.8,85.9,291.0,7.4,116.0,50.09
2026-05-02 12:00:00,32.85,46.54793,17.5931,999.51874,21.7,58.7,316.0,9.6,113.0,40.98
2026-05-02 13:00:00,31.8,51.101067,17.106628,999.316,21.3,48.7,333.0,11.9,109.0,38.53
2026-05-02 14:00:00,30.7,56.450844,15.24909,999.5131,21.7,46.3,344.0,14.9,104.0,37.94
2026-05-02 15:00:00,30.25,57.569496,13.5012,1000.1114,21.0,41.9,344.0,16.5,101.0,36.5
2026-05-02 16:00:00,30.05,57.345318,13.543131,1000.7105,19.6,37.0,329.0,15.4,103.0,34.96
2026-05-02 17:00:00,29.95,57.145123,13.009903,1001.2099,18.0,33.1,303.0,12.9,107.0,33.61
2026-05-02 18:00:00,30.05,56.120926,15.542662,1000.91034,16.9,30.4,273.0,10.4,111.0,32.74
2026-05-02 19:00:00,30.0,56.282345,14.827893,1000.61035,15.8,28.1,235.0,8.3,114.0,31.87
2026-05-02 20:00:00,29.65,56.371983,13.062098,999.81,14.4,25.1,194.0,6.3,117.0,30.72
2026-05-02 21:00:00,29.45,56.323692,12.74954,999.7098,13.2,22.2,167.0,4.9,119.0,29.62
2026-05-02 22:00:00,29.15,59.658108,12.979984,999.20917,12.1,20.1,150.0,4.0,118.0,28.37
2026-05-02 23:00:00,28.8,62.397495,11.841756,999.10846,11.3,19.1,147.0,3.7,116.0,27.43
2026-05-03 00:00:00,28.7,65.51324,13.926464,999.208,11.8,27.8,193.0,5.0,115.0,29.46
2026-05-03 01:00:00,28.35,66.85871,12.20023,999.70667,12.3,26.0,344.0,9.7,109.0,29.16
2026-05-03 02:00:00,28.65,67.533936,10.8015,1000.50696,14.8,29.3,543.0,16.1,101.0,30.82
2026-05-03 03:00:00,30.35,63.502686,8.133928,1001.3107,18.4,39.0,659.0,19.6,101.0,35.09
2026-05-03 04:00:00,32.9,52.49136,6.452441,1001.8169,22.5,62.2,611.0,17.7,118.0,44.04
2026-05-03 05:00:00,35.4,41.262142,6.849467,1002.3228,28.2,94.3,478.0,12.9,143.0,56.34
2026-05-03 06:00:00,35.65,43.948612,10.644379,1002.2235,33.6,124.8,369.0,9.0,161.0,67.26
2026-05-03 07:00:00,36.2,43.031094,12.57426,1002.2251,35.9,135.5,318.0,7.0,167.0,71.15
2026-05-03 08:00:00,36.65,42.11056,13.854155,1001.72644,35.2,128.1,291.0,5.8,166.0,68.99
2026-05-03 09:00:00,36.5,40.55051,14.420235,1001.22644,33.4,120.1,287.0,5.8,160.0,65.59
2026-05-03 10:00:00,36.1,40.567425,13.70839,1000.42615,33.1,122.5,306.0,7.4,148.0,64.36
2026-05-03 11:00:00,35.15,46.29777,12.881008,1000.0239,33.1,124.3,348.0,10.2,131.0,62.59
2026-05-03 12:00:00,32.95,54.95473,12.785069,999.51904,31.4,121.1,420.0,13.8,115.0,59.24
2026-05-03 13:00:00,31.5,64.907364,10.296251,999.3154,30.0,103.1,561.0,19.0,102.0,53.77
2026-05-03 14:00:00,30.15,70.74364,7.029225,999.5118,28.6,75.4,731.0,26.0,85.0,46.03
2026-05-03 15:00:00,29.5,73.00006,6.1437774,999.7098,27.8,88.0,816.0,30.1,73.0,46.96
2026-05-03 16:00:00,29.15,71.20354,16.67892,1001.20764,27.5,84.5,746.0,28.7,73.0,45.91
2026-05-03 17:00:00,29.05,69.69492,9.867218,1001.60706,27.2,81.3,592.0,24.3,78.0,45.2
2026-05-03 18:00:00,29.85,55.726696,9.96524,1001.40936,27.8,85.0,451.0,20.0,82.0,46.2
2026-05-03 19:00:00,30.55,46.959694,11.165805,1001.1115,28.6,94.1,350.0,16.5,83.0,48.04
2026-05-03 20:00:00,31.05,39.69403,12.98248,1000.81305,28.3,98.0,262.0,13.1,84.0,48.32
2026-05-03 21:00:00,29.85,48.577496,10.185519,1000.2103,27.3,94.3,202.0,10.7,83.0,46.56
2026-05-03 22:00:00,30.3,40.38501,10.564941,999.71204,26.3,88.0,161.0,9.1,79.0,43.97
2026-05-03 23:00:00,29.5,42.01559,14.292725,1000.40924,26.3,90.1,148.0,8.4,74.0,43.53
2026-05-04 00:00:00,29.4,43.634674,11.246759,1000.309,33.3,151.8,204.0,12.3,67.0,58.91
2026-05-04 01:00:00,29.05,42.708515,11.720751,1000.8077,34.1,150.4,409.0,18.7,61.0,59.08
2026-05-04 02:00:00,30.1,34.97064,13.0806875,1001.6098,39.6,183.0,683.0,27.3,55.0,68.75
2026-05-04 03:00:00,32.6,26.855217,11.032987,1002.3159,48.2,204.0,822.0,30.9,60.0,78.54
2026-05-04 04:00:00,35.7,17.373356,11.341428,1002.8233,66.1,396.7,694.0,24.9,88.0,129.32
2026-05-04 05:00:00,38.65,9.369916,14.7039175,1003.2303,75.0,504.8,431.0,13.9,129.0,159.9
2026-05-04 06:00:00,40.25,6.9587593,15.281989,1003.2344,39.9,246.8,233.0,5.6,158.0,93.85
2026-05-04 07:00:00,40.95,6.753846,16.45204,1002.73627,31.0,178.3,181.0,2.7,167.0,76.62
2026-05-04 08:00:00,41.0,7.437365,15.539537,1002.1368,28.4,159.7,193.0,2.5,165.0,71.26
2026-05-04 09:00:00,41.2,6.9402437,15.427586,1001.3381,28.2,162.1,223.0,3.6,160.0,71.06
2026-05-04 10:00:00,40.8,7.710981,16.748707,1000.4378,31.2,185.8,260.0,6.1,153.0,76.62
2026-05-04 11:00:00,39.35,13.81102,16.396805,999.635,44.0,244.0,316.0,10.1,143.0,93.76
2026-05-04 12:00:00,38.0,16.234177,11.032987,999.63153,46.4,233.8,378.0,13.8,141.0,93.18
2026-05-04 13:00:00,36.05,22.756292,11.119281,999.6268,51.0,206.8,457.0,18.4,126.0,88.52
2026-05-04 14:00:00,32.7,41.56295,12.472065,1000.4174,51.5,200.7,543.0,24.7,106.0,85.5
2026-05-04 15:00:00,31.9,44.730762,9.007196,1001.115,52.3,204.0,591.0,28.2,91.0,84.83
2026-05-04 16:00:00,31.5,44.483185,5.6521144,1001.9134,54.0,210.5,576.0,26.5,86.0,85.98
2026-05-04 17:00:00,30.95,45.898468,6.28713,1002.8111,55.1,221.2,524.0,22.0,86.0,87.99
2026-05-04 18:00:00,30.4,48.569443,9.906544,1002.7099,54.8,229.1,466.0,18.1,86.0,88.84
2026-05-04 19:00:00,30.05,49.39931,6.9247384,1002.80884,53.1,229.1,408.0,15.8,85.0,87.49
2026-05-04 20:00:00,29.45,49.553623,5.7628117,1002.80725,50.8,223.5,346.0,14.1,84.0,84.81
2026-05-04 21:00:00,28.75,52.583843,7.406295,1002.6057,48.0,211.4,294.0,12.7,83.0,80.63
2026-05-04 22:00:00,28.45,56.78556,10.105681,1002.70465,44.7,197.4,233.0,11.0,82.0,75.78
2026-05-04 23:00:00,28.4,58.93381,11.391313,1002.60474,41.3,179.7,184.0,9.7,82.0,70.34
2026-05-05 00:00:00,28.65,58.99212,10.5234585,1002.9051,35.2,147.1,223.0,7.9,91.0,61.86
2026-05-05 01:00:00,28.6,59.900944,9.12513,1003.40466,33.9,134.6,440.0,14.1,85.0,58.74
2026-05-05 02:00:00,28.95,58.879566,6.482499,1004.1051,35.5,123.4,745.0,22.5,78.0,57.5
2026-05-05 03:00:00,30.85,52.785767,5.0816135,1004.6094,37.7,125.7,953.0,27.1,83.0,60.5
2026-05-05 04:00:00,32.95,45.15207,5.692099,1005.11475,39.5,149.5,981.0,24.3,112.0,70.1
2026-05-05 05:00:00,34.55,41.032284,6.9153743,1005.61804,42.1,161.1,910.0,17.7,152.0,78.72
2026-05-05 06:00:00,34.0,48.309307,11.968308,1006.5161,44.8,156.0,799.0,12.0,180.0,82.4
2026-05-05 07:00:00,33.45,50.277332,15.24909,1006.71466,44.0,137.8,632.0,8.6,183.0,78.3
2026-05-05 08:00:00,33.15,52.075645,16.595179,1006.51385,38.5,116.4,424.0,6.1,174.0,69.54
2026-05-05 09:00:00,32.5,59.876785,16.854767,1006.31244,33.3,104.5,282.0,5.0,160.0,62.3
2026-05-05 10:00:00,31.8,64.96944,16.048288,1005.9109,29.9,98.7,261.0,5.2,143.0,56.92
2026-05-05 11:00:00,31.75,66.73123,14.48972,1005.51117,29.0,100.6,306.0,6.7,121.0,53.78
2026-05-05 12:00:00,31.2,64.8451,13.729647,1005.40967,24.7,72.9,356.0,10.6,102.0,43.82
2026-05-05 13:00:00,30.15,76.22277,11.345712,1005.5071,23.9,66.8,391.0,19.3,84.0,40.8
2026-05-05 14:00:00,29.1,81.217186,9.220499,1005.80396,24.0,60.5,430.0,31.4,58.0,37.51
2026-05-05 15:00:00,28.35,87.63827,5.904439,1006.2015,27.0,55.8,471.0,41.5,37.0,36.44
2026-05-05 16:00:00,27.95,88.91143,6.7205353,1006.6003,28.6,58.4,535.0,48.6,25.0,37.02
2026-05-05 17:00:00,27.6,90.211815,5.426933,1007.0989,30.5,60.1,602.0,53.7,17.0,37.88
2026-05-05 18:00:00,27.3,94.56549,7.628263,1007.09827,33.6,60.8,607.0,54.7,14.0,39.26
2026-05-05 19:00:00,27.4,93.18388,10.717182,1007.1982,34.1,60.8,486.0,49.1,17.0,39.12
2026-05-05 20:00:00,27.1,94.00009,8.856658,1006.8978,31.1,56.2,303.0,39.3,25.0,36.44
2026-05-05 21:00:00,26.9,93.99149,5.7628117,1006.59735,29.0,56.2,186.0,30.7,31.0,35.0
2026-05-05 22:00:00,26.65,93.980675,3.319036,1006.3969,26.5,56.8,185.0,24.4,34.0,33.37
2026-05-05 23:00:00,26.35,94.80941,1.0948973,1006.3963,25.6,60.5,250.0,19.4,36.0,33.21
2026-05-06 00:00:00,25.6,98.23311,5.3999996,1006.6939,34.1,75.4,363.0,26.4,28.0,40.29
2026-05-06 01:00:00,25.4,95.62764,4.846648,1006.9929,39.1,83.6,569.0,27.6,30.0,44.91
2026-05-06 02:00:00,25.45,92.8091,3.5455887,1007.4929,41.1,88.5,823.0,29.0,35.0,47.85
2026-05-06 03:00:00,27.35,79.067924,2.1068459,1007.79767,36.9,95.9,967.0,28.5,49.0,49.26
2026-05-06 04:00:00,30.6,59.625046,1.484318,1008.00604,37.3,110.4,911.0,24.4,81.0,56.54
2026-05-06 05:00:00,33.35,48.735424,5.3999996,1008.01337,39.2,119.0,745.0,18.4,122.0,64.46
2026-05-06 06:00:00,32.5,63.010414,13.356437,1008.21094,39.5,117.1,584.0,13.1,150.0,67.63
2026-05-06 07:00:00,32.5,60.783962,14.037692,1007.8113,36.6,109.2,455.0,9.4,154.0,64.65
2026-05-06 08:00:00,32.55,60.068565,15.3264475,1007.21173,32.1,95.9,331.0,6.4,145.0,57.94
2026-05-06 09:00:00,32.2,60.716927,16.434305,1006.7112,28.3,85.0,250.0,4.8,132.0,51.67
2026-05-06 10:00:00,31.75,61.167786,15.137133,1005.9109,26.1,78.7,241.0,4.5,118.0,47.16
2026-05-06 11:00:00,31.45,60.000824,15.236338,1005.31036,24.9,74.3,275.0,5.6,102.0,43.45
2026-05-06 12:00:00,30.5,61.822376,12.576836,1005.3078,27.3,86.6,307.0,9.2,90.0,45.85
2026-05-06 13:00:00,29.8,67.351685,11.43248,1004.6069,26.5,78.5,319.0,14.8,75.0,42.42
2026-05-06 14:00:00,27.85,82.036804,10.560341,1004.102,26.2,71.0,330.0,22.5,55.0,38.92
2026-05-06 15:00:00,27.45,83.977776,11.230904,1005.0003,27.1,62.6,343.0,28.2,40.0,36.3
2026-05-06 16:00:00,27.55,84.74505,9.36173,1005.7,27.4,61.7,370.0,30.1,35.0,35.8
2026-05-06 17:00:00,27.25,87.022995,7.613382,1005.89886,27.0,58.3,401.0,30.1,34.0,34.78
2026-05-06 18:00:00,27.45,88.34587,9.080639,1005.8996,26.8,55.8,409.0,29.0,35.0,34.16
2026-05-06 19:00:00,27.25,89.12176,7.7420926,1005.1994,26.7,53.3,375.0,27.1,36.0,33.48
2026-05-06 20:00:00,27.05,90.4424,7.555712,1004.39984,25.4,51.0,317.0,24.1,38.0,32.22
2026-05-06 21:00:00,26.85,92.33108,8.490582,1004.1993,23.5,48.9,267.0,21.0,41.0,30.83
2026-05-06 22:00:00,26.5,95.09678,9.6480665,1003.69885,21.2,45.1,229.0,17.5,45.0,29.0
2026-05-06 23:00:00,26.3,96.22568,9.422101,1003.798,19.2,41.1,197.0,13.8,49.0,27.24
2026-05-07 00:00:00,26.45,94.25163,12.483749,1003.79834,16.1,32.2,187.0,8.6,56.0,24.18
2026-05-07 01:00:00,26.65,93.424286,12.81165,1003.9988,15.9,31.1,216.0,9.2,58.0,24.25
2026-05-07 02:00:00,27.4,88.604935,14.248452,1004.6003,16.7,33.4,265.0,9.9,62.0,25.82
2026-05-07 03:00:00,28.8,78.32589,15.119999,1005.1037,17.3,40.4,296.0,9.9,68.0,28.42
2026-05-07 04:00:00,30.15,69.899734,15.481048,1005.30725,18.6,45.6,286.0,8.5,80.0,31.7
2026-05-07 05:00:00,31.2,64.45604,15.661035,1005.40967,20.3,54.0,256.0,6.3,96.0,36.3
2026-05-07 06:00:00,31.85,62.870743,16.068466,1005.51154,21.8,60.3,234.0,4.6,107.0,39.7
2026-05-07 07:00:00,32.3,60.922318,15.804164,1005.3126,22.3,64.0,228.0,3.8,111.0,41.17
2026-05-07 08:00:00,32.45,58.792324,16.1198,1005.11304,21.5,60.3,229.0,3.4,110.0,39.82
2026-05-07 09:00:00,32.1,60.51191,16.63905,1004.71277,20.0,51.3,237.0,3.6,107.0,36.85
2026-05-07 10:00:00,31.6,65.12304,16.489416,1004.31146,18.7,44.5,256.0,4.1,102.0,34.16
2026-05-07 11:00:00,30.95,68.18799,15.717823,1004.0102,18.1,40.6,282.0,5.2,95.0,32.2
2026-05-07 12:00:00,30.15,73.54813,17.0763,1003.50867,15.8,39.0,299.0,7.1,85.0,29.52
2026-05-07 13:00:00,29.55,77.96689,16.676977,1003.5071,16.1,37.0,298.0,10.4,76.0,28.41
2026-05-07 14:00:00,28.8,83.13234,14.178927,1003.90466,16.4,35.6,288.0,14.8,63.0,26.99
2026-05-07 15:00:00,28.6,85.35809,13.854155,1003.8043,16.8,33.4,282.0,17.9,54.0,25.86
2026-05-07 16:00:00,28.35,87.12134,14.904173,1004.303,16.6,32.6,290.0,18.3,51.0,25.21
2026-05-07 17:00:00,28.2,87.88513,10.472535,1005.6016,16.7,32.1,303.0,17.2,52.0,25.15
2026-05-07 18:00:00,28.15,88.92689,8.777654,1005.70154,17.3,32.6,305.0,16.0,52.0,25.37
2026-05-07 19:00:00,28.1,88.1373,6.4924874,1005.6014,17.6,32.6,285.0,14.8,52.0,25.34
2026-05-07 20:00:00,27.75,89.95553,7.9077177,1004.7011,17.2,32.0,254.0,13.4,51.0,24.66
2026-05-07 21:00:00,27.5,90.741135,8.415842,1004.0011,16.7,30.5,232.0,12.3,51.0,23.94
2026-05-07 22:00:00,27.3,91.81032,7.6388745,1003.701,16.1,29.3,222.0,11.5,50.0,23.14
2026-05-07 23:00:00,27.1,92.89368,7.289445,1003.40063,15.8,28.5,221.0,10.9,48.0,22.44
2026-05-08 00:00:00,26.85,95.39098,6.489992,1003.79956,15.4,27.6,235.0,9.9,50.0,22.2
2026-05-08 01:00:00,27.0,94.833755,7.16617,1004.2995,16.2,29.4,280.0,11.1,52.0,23.44
2026-05-08 02:00:00,27.6,90.47938,8.139901,1004.90063,17.5,31.8,341.0,12.6,57.0,25.55
2026-05-08 03:00:00,28.7,82.628685,8.574123,1005.30316,17.9,34.9,378.0,13.1,66.0,27.8
2026-05-08 04:00:00,30.05,73.75126,7.8583965,1005.90643,19.4,38.3,370.0,11.6,85.0,31.85
2026-05-08 05:00:00,31.3,67.041855,8.14587,1006.0096,21.7,42.8,339.0,9.0,110.0,37.26
2026-05-08 06:00:00,31.6,66.90099,12.039833,1006.30994,24.0,47.3,310.0,6.8,127.0,41.53
2026-05-08 07:00:00,32.05,65.215675,13.6063795,1006.2113,24.8,48.3,290.0,5.4,133.0,42.82
2026-05-08 08:00:00,32.05,64.63339,14.248452,1006.11145,23.3,46.1,274.0,4.5,132.0,41.34
2026-05-08 09:00:00,31.9,65.184814,14.33234,1005.9112,21.1,43.2,268.0,4.2,127.0,38.87
2026-05-08 10:00:00,31.65,65.72123,13.929953,1005.411,19.2,41.4,282.0,4.4,116.0,35.94
2026-05-08 11:00:00,31.35,68.0615,13.306615,1005.0103,18.0,40.7,306.0,5.3,100.0,32.94
2026-05-08 12:00:00,30.8,69.39472,12.976239,1005.00903,18.6,47.4,325.0,7.8,83.0,32.4
2026-05-08 13:00:00,29.95,75.74009,12.267763,1005.2067,18.1,44.1,332.0,13.0,72.0,30.62
2026-05-08 14:00:00,29.2,81.95547,12.641076,1005.6045,17.7,39.9,332.0,20.1,56.0,28.25
2026-05-08 15:00:00,28.85,85.131035,11.726277,1006.00323,18.7,35.9,329.0,24.9,45.0,27.02
2026-05-08 16:00:00,28.55,87.13914,12.081473,1006.50183,18.7,34.2,325.0,25.2,42.0,26.27
2026-05-08 17:00:00,28.4,88.4227,13.049689,1006.8014,18.0,32.2,316.0,23.2,44.0,25.52
2026-05-08 18:00:00,28.45,87.90612,12.496718,1006.9013,17.0,30.7,299.0,21.3,45.0,24.58
2026-05-08 19:00:00,28.4,87.642555,10.548061,1007.0012,16.5,30.0,262.0,20.1,45.0,24.02
2026-05-08 20:00:00,28.3,87.37513,8.707238,1006.90094,16.2,28.9,216.0,18.9,45.0,23.46
2026-05-08 21:00:00,27.75,91.565636,8.049845,1006.19995,15.8,28.1,185.0,18.0,44.0,22.82
2026-05-08 22:00:00,27.4,95.40934,7.229191,1005.79926,15.5,28.1,173.0,17.5,41.0,22.14
2026-05-08 23:00:00,27.15,96.53306,5.896202,1005.99854,15.4,28.1,177.0,17.3,38.0,21.62
2026-05-09 00:00:00,27.0,96.81442,6.0077944,1006.09814,20.1,33.3,206.0,17.5,37.0,24.88
2026-05-09 01:00:00,27.1,95.96408,4.5322843,1006.7979,20.9,34.0,290.0,18.4,40.0,26.01
2026-05-09 02:00:00,27.5,92.36652,3.6402748,1007.3984,21.8,37.4,399.0,19.6,44.0,27.92
2026-05-09 03:00:00,28.8,82.15094,5.293959,1008.1013,20.4,39.1,461.0,19.1,54.0,28.98
2026-05-09 04:00:00,30.1,73.53977,7.519175,1008.4045,19.8,45.1,428.0,15.6,74.0,32.36
2026-05-09 05:00:00,31.05,68.207306,10.261579,1008.507,21.7,48.2,347.0,10.5,98.0,36.77
2026-05-09 06:00:00,31.5,64.51878,12.229406,1008.5082,23.2,49.7,283.0,6.5,116.0,39.92
2026-05-09 07:00:00,31.95,62.703644,13.393983,1008.0095,22.7,49.0,260.0,4.7,121.0,40.01
2026-05-09 08:00:00,32.05,64.44034,13.783817,1007.71014,21.1,48.3,255.0,3.9,119.0,38.64
2026-05-09 09:00:00,32.0,64.045166,14.383114,1007.0107,19.4,46.9,256.0,3.9,114.0,36.76
2026-05-09 10:00:00,31.75,65.74155,14.565548,1006.41046,18.3,45.6,265.0,4.2,107.0,34.95
2026-05-09 11:00:00,31.35,67.05173,14.230248,1005.90967,17.3,43.4,281.0,5.2,98.0,32.81
2026-05-09 12:00:00,30.55,71.24044,13.584932,1005.9077,19.0,47.8,295.0,8.1,87.0,33.32
2026-05-09 13:00:00,29.8,75.266655,12.399113,1005.80585,18.6,47.1,307.0,13.1,76.0,32.09
2026-05-09 14:00:00,28.9,80.95109,11.132385,1006.20306,18.7,44.2,317.0,20.1,60.0,30.2
2026-05-09 15:00:00,28.35,86.09548,10.070353,1006.5013,20.3,42.3,320.0,25.4,48.0,29.62
2026-05-09 16:00:00,28.15,87.36202,9.627896,1007.0005,21.1,43.0,316.0,27.8,43.0,29.77
2026-05-09 17:00:00,27.95,88.64856,9.194106,1007.2996,21.8,43.4,305.0,28.6,42.0,30.17
2026-05-09 18:00:00,27.95,89.96962,8.723967,1007.09985,22.3,42.8,285.0,28.0,42.0,30.21
2026-05-09 19:00:00,27.85,89.96255,10.1376915,1006.7998,21.9,40.9,248.0,25.3,44.0,29.53
2026-05-09 20:00:00,27.6,90.211815,9.56713,1006.4993,20.4,37.6,202.0,21.2,47.0,27.95
2026-05-09 21:00:00,27.45,90.46932,9.6480665,1006.0994,18.9,35.0,169.0,17.6,49.0,26.44
2026-05-09 22:00:00,27.2,91.532684,9.080639,1005.9988,17.6,32.6,156.0,15.3,49.0,24.96
2026-05-09 23:00:00,27.0,92.61358,9.114471,1005.5985,16.9,30.4,156.0,13.5,48.0,23.76
2026-05-10 00:00:00,26.85,94.268196,8.641874,1005.4982,17.4,30.2,174.0,12.4,49.0,23.95
2026-05-10 01:00:00,27.05,92.891136,8.287822,1005.8986,18.3,30.7,227.0,12.5,53.0,25.12
2026-05-10 02:00:00,27.65,89.152214,8.459999,1006.4997,19.8,35.2,298.0,13.2,59.0,27.77
2026-05-10 03:00:00,29.0,79.53112,9.028754,1007.30255,18.8,41.0,339.0,13.0,68.0,29.75
2026-05-10 04:00:00,30.2,72.90095,10.464797,1007.4056,20.0,46.7,320.0,10.9,84.0,33.58
2026-05-10 05:00:00,30.95,69.422806,12.688404,1007.60736,21.9,52.7,272.0,7.9,104.0,38.28
2026-05-10 06:00:00,31.7,65.534966,13.337016,1007.50934,23.6,56.6,235.0,5.5,118.0,41.64
2026-05-10 07:00:00,32.25,62.206078,14.77755,1007.11127,24.1,58.9,226.0,4.3,123.0,42.93
2026-05-10 08:00:00,32.4,61.311928,15.986593,1006.41205,24.2,61.5,229.0,3.8,122.0,43.27
2026-05-10 09:00:00,32.2,62.0087,16.560978,1005.41223,24.2,62.4,239.0,4.0,118.0,42.88
2026-05-10 10:00:00,31.8,66.34387,16.375053,1004.7118,23.7,61.7,259.0,4.7,111.0,41.54
2026-05-10 11:00:00,31.5,66.68142,15.62686,1004.31146,22.4,58.7,286.0,6.2,101.0,39.02
2026-05-10 12:00:00,31.15,66.01459,13.971756,1004.21063,20.2,53.0,307.0,9.0,89.0,35.4
2026-05-10 13:00:00,30.25,72.475426,12.585848,1004.40796,18.2,46.6,318.0,14.5,74.0,31.7
2026-05-10 14:00:00,29.5,76.80736,11.307095,1004.8057,17.8,40.5,322.0,21.4,57.0,28.76
2026-05-10 15:00:00,29.05,79.775024,10.304115,1005.1043,19.0,38.6,322.0,25.9,46.0,28.0
2026-05-10 16:00:00,28.55,83.847786,9.526405,1005.4028,19.5,38.6,318.0,26.2,44.0,28.0
2026-05-10 17:00:00,28.3,85.581635,9.224011,1005.5021,19.6,38.2,309.0,24.1,47.0,28.1
2026-05-10 18:00:00,28.05,87.35328,8.707238,1005.7013,19.4,36.8,291.0,21.6,50.0,27.8
